text,label
郑恺out李晨out王俊凯out陆川out,1
是灾难片，但并不科幻。在科技这个类型上的叙事是节节败退的（因此我更宽容了一点《星际穿越》），地下城的景置景感太重，和《动物世界》的轮船没差，我觉得是观念和精细度的问题，外部世界我则想起了《天咒》，实在是不算太好的联想。电影的煽动能力还是很强的，毕竟把希望和恐惧都讲到了一个死生的极致，但个人角色就写得比较糟糕，情节时常依托于一个人任性的决定，无视法律法纪等等这让我觉得现代文明和科技发展后可能已经克服了的东西，写人性仍旧写不出恢弘的灵性格局，科技和灵性是同步发展的，亚特兰蒂斯文明就是佐证。我喜欢男主角的任务反转的线，当他离开队伍找到车再次踏上征途时，又和李光洁又一个互相的交接动作，确实是很扎实的一笔，但前面的我只能说他们一家人很拖累同伴。,1
曹国舅脸上的疤痕特效好过零号生物，749局的神秘、超能人士的能力一概不讲，借壳生蛋讲了个软科幻。,1
如果我是编剧的话，最后30分钟就设定成地球上的人一致要求空间站自我牺牲去救地球，然后空间站顺应地面要求，自我牺牲了，但最终地球还是没有被救成功。于是流浪地球计划和火种计划就都失败了，人类再见。,0
影史最该死家庭诞生了，落水家庭尤其是大女儿没被变异龙吃掉太难受了。 基本所有的角色都面目可憎，满满90年代电子游戏cg的既视感，绝了,1
我并不希望中国科幻年初崛起，年中结束。这种涉及到未来战争的电影本来就很难拍，光晕电影版至今难产就是例子，所以电影的完成度早有预料。爱情戏份是原著带过来的，要不是弱化爱情戏这电影更没法看。这些不足之处，又被小鲜肉的吸黑属性无限放大。这片扑了不意外，但不能一棒子打死，亮点是有的，特效能看，而且我并不觉得这片是混弄事，只是搞错了定位，选错了角，这一次可是缴足了学费。任何事物都需要脚踏实地的摸索，真金白银的历练才会进步，否则科幻更没人拍了。,0
这个电影很糟糕，也引发了群嘲。但对于严肃的科幻电影爱好者来说，我们应该从中去学习而不仅仅只是嘲笑。巨大的失败背后也隐藏着不可忽视的经验，而且这些经验更加重要，因为巨大的成功可能会掩盖错误。巨大的失败之后，我们更需要冷静客观理性地总结经验。中国科幻电影不是一部电影能开启的，也不是一部电影能毁灭的。,0
从卡司咖位就能看出这部《重生》是想好好把IP重整旗鼓一下的，看完也确实是一部回归系列初心+融入新时代基因的新作。回归在于热带丛林+末日废土感的环境打造，对侏罗纪系列若干名场面的致敬，密闭空间/迷雾等惊险猎杀段落的调度等等，新则在于系列第一次一番是女主？（而且不是女博主而是飒爽女战士女leader），生物医学的伦理探讨，分别来自海陆空的三种巨型恐龙、变异恐龙boss的设计…有点把怪兽电影、现代谍战动作片、类异形惊悚片的长板都融会贯通一下的意思了。随着生物CG制作技术的迭代，恐龙做得也比以前更逼真了，泰坦巨龙群落拍得很美。有意思的是这部片中的设定是人类已经对恐龙习以为常，戏里戏外与恐龙相关的的“从业者”们都在不断冒险和创新，来重新唤起大家对恐龙的热情。,0
苦难不等于成功，打包苦难不会带来真正的共情。,0
两个小时湾仔码头特供广告片，开先河了吧，我愿将其与《热辣滚烫》并称21世纪中国电影两朵奇葩。角色脸谱化，苦难娱乐化，磨砺简单化，对我而言简直是垃圾中的垃圾。,1
华语真正意义上的第一部科幻大片！刘慈欣的硬核科幻设定，小兵扛大旗的主流价值观人设，东方式的家庭理念核心，地心引力与星际穿越的融合。故事铺排+情节张力+情绪渲染+镜头调度非常娴熟，意料之外的特效大场面超赞。虽然有瑕疵但整体非常流畅，后30分钟更攥着手看，几处情节令人泪目，片尾BGM燃爆。“比肩好莱坞、电影工业”已是老生常谈，我认为这是华语电影的发展方向，不算完美但完成度和起点相当高，给你五星不怕你骄傲,1
烂到炸裂，堪比上海堡垒,1
国产编剧水平，给恐龙强行降智，少数族裔演技差而且从头开始就知道会活到最后，伤感。什么莫名其妙的！为什么最后放过老黑哥？一点点逻辑都不讲，把特效厅还给f1谢谢！,1
刚开始看电影的时候，看到影片定义为爱情，战争，科幻，看完之后感觉更多的是剧情片，灾难片。最后处理的部分，刚开始会觉得有一些小格局，但是细想一番，爱情和对事业的坚守一样都会“念念不忘，必有回响”。我们最坚实的堡垒是我们破釜沉舟的勇气。陆沉怎样，堡垒失守又怎样，我们的心气不灭，我们就一定守住一方阵地，最终实现绝地反击，夺取最后胜利。,0
"Hope is good thing, and is everything.",0
大家骂的没有一句是冤枉的。一定是努力参考了《阿凡达》、《上海堡垒》、《明日战记》、《沙丘》后推出的集合体凑成了一部《九层妖塔2》，精准的做到了取尽糟粕，毫无精华。陆川导演的天马行空，过时的停留在上个世纪，两个小时用“崩塌式灾难”两字概括毫不为过。,1
乏善可陈,0
这宣传的什么价值观啊，刘启都二十多了，还这么不懂事，自私自负还一点礼貌都没有。就这样的，他姥爷还一口一个他还是个孩子，这是巨婴吗？,1
三点：一这是部献给程序员的影片；二是如果能改造一下，音乐其实是可以再加持一下的；三是，这根本是把刘慈欣拍成新海诚了嘛（不过想想其实差别也没那么大）。,0
水饺皇后的剧本太灾难了，改开四十多年每个在大时代中成功的企业家都有极其精彩的故事。但是如果不能坦诚面对昔日的贫穷与不堪，恳切表达人物的复杂与幽微，不是把主角所有的苦难罗列成片段煽情的表达就能体现人物的弧光。人物传记片没有复杂的内心冲突和人物成长的轨迹就会一无是处。,0
马山走进749的过程还有些神秘感，出来后情节随之垮塌。各种拼贴，粗制滥造，一言难尽。,0
特效很牛，流浪地球之后终于有能看的国产科幻了，场面很大，后半段群像巨燃，准备再刷两次了,1
遗憾，这次《上海堡垒》是真的失败 首先特效不过关，跟国产科幻片标杆《流浪地球》比差的很远，剧组之前宣传制作周期长，但现在看特效根本不过关，这对爆米花式科幻片来说是硬伤 其次，剧情不合理，生硬粗糙，美式英雄主义拯救地球的老套路，却没有一个深刻的内核，影片显得单薄无力 最后是演员问题，男主鹿晗作为流量出生“演员”，演技浮夸流于表面，基本看不出人物内心感情变化，市场化包装的小鲜肉在大银幕下原形毕露，这样的人拿着天价片酬占领银幕，不得不说是中国电影的悲哀,1
纯粹的冒险电影，纯粹的暑期档电影，也是非常纯粹的侏罗纪IP电影。大卫凯普回归把故事重新拉回到了人vs恐龙的经典路线上来，以及各种细节和桥段疯狂致敬了第一部《侏罗纪公园》，对于粉丝尤其老粉丝来说算是非常惊喜了。感觉这一部有意识把风格定位回了惊悚冒险，海陆空全方位，后半部分几场重头戏都是直接奔着怎么刺激怎么来去的，最后再攒一个boss，火力都留在这儿了。从结果来看，做减法和回归原初还是有效的，这个rebirth其实rebirth的正是经典观感。,0
为什么会有这么难看的电影啊,1
若你试自由如生命，你愿意用20年等来一日的逃脱。,0
很久之前看的了，印象深刻的是一位老人在出狱后不知道如何生活了，外面的一切都是他所不熟悉的，无法正常的工作，交流，生活。最终选择结束了自己的生命。习惯真的是一种极其强大的可怕的力量！,0
我不知道中国可以拍出以假乱真的美国A货科幻片，这到底有什么值得骄傲的？可绝大多数人都会不自觉地这么想。《流浪地球》有趣的是在80年代末国产软科幻和90年代美国硬科幻之间，找到了”家庭伦理“这个可以共享的价值观，与地木叙事、全球救援构成了平行的家庭叙事，不管你是否喜欢这种翻出出现的“婆婆妈妈”的东西，这是工业化电影的必然选择，影片有趣的地方是最后把“家”与“希望”对立起来，到底什么是“不能回家的希望”？,1
正好清理一下关注的影评人，我把关注的所有给上海堡垒打4星以上的影评人（注意不是粉）都拉黑了，基本上就是闭眼吹了吧。我当然知道影评人有时候会拉不下脸之类的，也是职业中必须处理的两难，但是就跟那些给逐梦演艺圈开学术讨论会煞有介事讲理论的业内人士一样——总有一天你拉不下脸会导致失去底线和最基本的信誉（说到底，影评人的初心不是为观众服务的吗？）,1
越狱我感觉就是改编自这个,0
拍摄的角度来说可以了，美术、特效一大进步，不足还有很多。原著的概念改成宏大视角下的舍小家顾大家……旋律也就跟着正了。给予观众的解释太多，赋予观众的想象太少，过多展现特效，缺少对人物功能、动机上的铺垫，以及镜头切太快，细节有缺失。年轻演员整体太差（尤其那个程序员），放了几个很基础的致敬元素（如“HAL9000”的莫斯，陀螺钥匙扣等等），行吧。,1
看了中国首映礼，非常过瘾！侏罗纪系列老粉和恐龙爱好者一定都会有同感~ 一方面，不少全新的恐龙登场，泰坦巨龙亲热场面带来的温馨治愈感也是系列中前所未有的；畸王龙和蝠翼迅猛龙给人异形般的怪怖与梦魇感，震撼力十足；一直黏着小孩的鹰角龙超级可爱~ 另一方面，本片也有不少致敬原著与电影前作的段落和彩蛋，老粉肯定如数家珍。最明显的是腕龙，以及霸王龙在河中追逐一家人，还有废弃便利店里与蝠翼迅猛龙周旋的惊魂一幕。 动作戏和斗智斗勇的场景极为丰富多样。一开始便是海洋霸主沧龙和两栖的棘龙合作围猎主角一行人，相当刺激！攀爬悬崖到空中最强掠食者风神翼龙的巢穴提取样本的戏份也是惊险指数爆表！丛林探险、地下管道逃生戏亦毫无尿点。海陆空冒险齐集的本片方方面面都是对系列的升级与进化。,0
眼见他起朱楼，眼见他宴宾客，眼见他楼塌了。超低配版《独立日》，名副其实的“灾难”片。看完第一反应是：太浪费了！砸这么多钱包装一个土得掉渣的言情故事——用小灵通发晚安短信明明是初中的戏码呀！美学体系、情节逻辑、人物表演全面不及格。如果卖几个站不住脚的设定，用特效做点拿来主义的武器、建筑，这样就能扛起科幻大旗的话，那中国科幻早就不是第二步，已经开始奔小康了。更何况动作场面也丝毫没有新颖之处，打斗戏的分镜可比《流浪地球》凌乱多了。各路好评还要硬cue你球，分这么低都是同行衬托的呀……,1
鹿晗的时代彻底终结，希望以后彻底不要在大银幕上看到他,1
这集恐龙是不是考过公，知道该吃谁不该吃谁,1
可以的，完整，宏大，节奏，泪点都做到了，这种踏实在风靡着胡乱吹逼和高冷鄙视链的科幻电影界真的难得，要不是粉丝那么讨厌我都可以打鼓励性五星了。当然，有一说一，短板也是很明显，比如你把背景换到俄罗斯试试，没了祖国滤镜整个故事就还是上世纪土锤灾难片，但是谁让我们连土锤灾难片都没拍好过呢？慢慢来吧，保持这个态度，总有一天会好的,1
要么忙着活 要么忙着死 人应该对现有生活保持乐观的心态 充满希望 学会享受 而不是得过且过 苟且偷生 这种人生还有什么意义呢？还不如趁早去死 活着也是浪费资源,1
《上海堡垒》有一个点，是其他烂片没有做到的： 把几个目标观众群体分别最反感的元素，放到了一部电影里。 比如说： 让军事迷看鹿晗做战斗英雄； 让硬科幻迷看漏洞百出的科幻设定； 让鹿晗迷看鹿晗跟舒淇阿姨谈恋爱； 让原著迷看亲妈都不认识的魔改；,1
这是一部关于自由、友情、正义的电影!“信念不灭，希望永存”。这其实是他们全体人的救赎，只是选择的方式不同而已。,1
对中国科幻而言，是一个好的开始。但技术上虽然进步了，却依然没有科学精神，没有人文素养，没有文明悲悯。男主在姥爷临死还一口一个“老东西”，真是让人最绝望的教养黑洞。,1
这是一部把观众当弱智，其实自己才是弱智的电影,1
这部电影的摄影真的有点神，每一个远景都能拍出一种人类与自然体积对抗的既视感，像畸王龙站在山顶，下面是主角跑动的身影，那对比简直就是把人类的渺小写进银幕里了,0
7分，当时看的时候，最大的感受就是，影片终于用一种好莱坞灾难片的模式，来处理这部电影，这使得最后的救援与牺牲，都有热血感。虽然从情节的细节、人设、台词等很多方面，还是有太多的遗憾。但是，它还是一个方向吧，这种大片，还是要尊重一些类型片基本情节规律的。另外，真正触到我的，还是那个2500年的漫长旅行，一场所有人都看不到结局的冒险，特别绝望与悲观，恰好也是我对宇宙的看法。,0
虽然有些台词略显生硬但是希望有更多的女性传记电影，在法国二十世纪女性科学家占比明显高于其它欧洲国家，据说是因为居里夫人的影响，所以我希望看到真实记录女性科学家，企业家，政治家等等的电影。,0
“请有关部门枪毙陆川”的含金量还在上升,1
此时在电影院煎熬 如果你能看到这个影评 请你快跑,1
如果故事不是发生在陆家嘴而是在象牙山，江洋暗恋林澜就像王长贵喜欢谢大脚，这背景除了土一点并不违和。与其搞什么德尔塔母舰，还不如拍个未来版乡村爱情。能守护上海堡垒的，不是韩国做的泡防御，不是美国产的无人机，不是黄浦江里冒出来的上海大炮，而是中国电影人把真诚的心，放进钛合金的盒子里。,1
在西安看完零点场，上座率好得惊人，观众素质极高，我隔壁的哥们（不认识）在电影结束的那一刻对着郭帆的名字大叫一声“牛逼！” 第三次看了，还是看哭了，我看到了一个未来，那就是《流浪地球》会成为星战那样延续几十年的经典系列，几十年后，我会在电影院看到地球抵达半人马座阿尔法星，也就是三体星系，冰融化成水，人类的孩子在贝加尔湖畔钓鱼。而我们这一代人垂垂老矣，在影院里默默流泪，更多的年轻人因此爱上科幻。,1
如没必要可以不重启,0
烂到好笑，精神健全/真人实境/环保主义/无脑正能量版《EVA》，王俊凯碇真嗣、苗苗葛城美里、任敏绫波丽。想成为庵野秀明，结果拍了坨《北京堡垒》。铺张浪费、自负空洞、东拼西凑，毫无原创性可言，最基本的流畅度也不达标，陆川可以息影了。,1
希望观众明白，抵制烂片也是对国产电影的支持,1
臧姑娘在房东红姐那投租的“板间房空间”是全片最动人的部分，有种香港群居电影延续而来的市民感。两边的推拉门隔开的板间房空间，一开一关就是不同的世界，但她们又处在同一个空间里，也走向不同的命运。薛凯琪的露丝，江美仪的珍姐，惠英红的红姐，和马丽的臧姑娘还有隔壁的金太太一同构成了这方空间里的女性群像，刘伟强拍了很多次开关门，一推一拉之间，其实也是不同时代下的女性“可以”、“能够”选择什么样的命运。,0
如果这电影票房爆了，就说明中国观众还是新欢春晚。,1
陆川像极了学生时代班里那些自命不凡的同学，对身边的一切鄙夷不屑，整天装得跟文曲星下凡似的，结果轮到自己出活了，烂成勾史,1
这部标记排名第一的电影被越来越体制化的大众标记为需求，但那虚构的希望恐怕是个偌大的笑话。根深蒂固的资本原则在被掌权者剥夺权利的《第七大陆》上呈现出多端的众生相，资本积累成了人们重返自由和尊严彼岸的唯一途径。因此《肖申克的救赎》最终是代表统治阶级的救赎，它与作为人的人没有任何关系。,1
一家四口出现不出现对人物刻画剧情推动可以说是没有一点关系……三颗星都给恐龙,1
太经典了！值得反复推敲，每看一次都能得到新的体悟！,1
为啥评分这么低，是好看的呀,0
宇宙广播地球无望的时候 我真希望片子就此结束吧 让人类静静地面对自己的时间终点…… （引发不适的是贯穿始终的“回家”教育,1
我以为斯嘉丽·约翰逊会狠狠散发魅力，成为孤岛大战恐龙的大女主，结果几乎没有什么体现武力值的戏，反倒是扬帆出海的一家人高光戏份颇多。甚至他们一家四口无一伤亡，小妹还美美带回一只小恐龙，这是什么family侠！,1
王俊凯今年平等地搞垮了每一位大导的电影作品，而他，依然还能接到工作，这就是208魔法师。,1
70年代家有二层小楼，为什么不回家呢？超生了？,1
湾仔码头超长广告片,1
不应该叫水饺女王吗？明明是她一手打造了水饺帝国，是谁的皇后？那时的香港真和谐，从邻居到警察到黑社会都很温情，唯一的小坏坏是个上海人（坏笑）。整部电影很淡，淡到我觉得这是不是湾仔码头投资拍的企业宣传片，只表现了好的一面。要我说，创始人经历的磨难和她所付出的努力必定比片中表现的要多得多。,1
如果说《流浪地球》是开启了中国科幻大片的鼻祖，那半年后《上海堡垒》就成了终结中国科幻大片的罪魁祸首。,1
如坐针毡，无聊透顶，毫无逻辑，莫名其妙，剧情混乱，降智电影，749局,1
剧本的节奏处理的极其工整，灵魂黑夜到第三幕的高潮迭起层层堆叠。特效部分也很扎实，美术在好莱坞科幻美学上有很多本土的尝试。最后的太空战狼时刻也并不违和，春节元素也比红海更扣档期主题。希望中国科幻电影好起来。,1
建议改名叫 上海甜蜜之暴击外星人 这样比较符合这部烂片,1
这颗星给特效公司，辛苦了。一部完完全全的骗钱作品，剧本写得是堆屎，导演技巧是堆屎，概念设计是堆屎。这一大堆屎还憋了六年，如果不是为了搏同情，我只能说这水平趁早别碰科幻片好吧？江南这个水平赶紧告别文字工作吧，会写小说不代表会写剧本，一个戏剧动作都没有，全靠旁白对话带信息你敢信？滕华涛也请拍自己擅长的都市情感电视剧吧，《蜗居》《裸婚》拍挺好的您何必？还“第一部”“科幻爱情战争片”，我可去您祖母的吧，类型不是您这么玩儿的，类型融合没您这么屎拌屎的，求求大家严肃点儿对待电影，好么？,1
……我可能是觉得给三星以下对不起寡姐？说实在的那一家子看到最后已经纯烦了 毕竟现在的观众对主角光环过于强大已经不想买单了 小孩不能死的 家人是不能少的 没救你就是要杀你的 霸王龙是咬不破橡皮艇的 给钱是绝对不能收的 信号弹是不能扔的 队友都死没了也是活该的,1
史诗感不是靠狂轰滥炸的煽情就可以做到的，这部电影的双线叙事做得太糙、太散、太自我陶醉了。最可怕的是，这依然是一个中国式寓言：长辈们大爱无言，前仆后继地自我牺牲；年轻人们任性叛逆、自以为是，又总能踏着祖辈的鲜血苟活下来。让人细思极恐的价值观。如果说中国科幻值得鼓励的话，及格已经是最好的鼓励了。,1
怒赞，很难有一部电影能比《肖申克的救赎》更好的诠释梦想与救赎这两个词的关联，电影予人带来心理的洗涤震撼是如此深刻，对比安迪，我们生活中看似无以能迈不过的坎又算什么？当你若能一直心拥梦想，哪怕失败，也定能获得希望的救赎。,1
直着腰进，弯着腰出,0
特效没什么好挑剔的，但科幻电影也不是只有特效吧。文戏太硬，像一只没炖软的鸡。熟是熟了，但吃着太累，吃完还消化不良。在男主的衬托下，吴京的表演可以说得上是真挚动人了。（我爱屈楚萧！,1
谁拉在电影院了？,1
在抖音蹭钱学森和灵异事件解密搞虚假营销，把人骗进去杀，陆川应该抓去坐牢,1
“咔嚓一下震天响，来了战狼当球长。带领人类救地球，一场大火没咋地。”能有部特效还看得过去的硬科幻国产片是值得鼓励的，虽步履蹒跚但至少起步了。身为大刘十几年的读者，观影前又读了遍原著，文字的力量依旧让我感动。大刘不像很多中国科幻作家那样有强烈的中国中心观，而是站在全人类高度。但电影只是借用了小说设定，剧情已改编得面目全非，注入了原著不曾有丝毫的民族主义催化剂。映后吴京灵魂提问“月球背面的车是哪个国家造的？”全场高呼“中国！”观众激动表达高涨的爱国情绪与自豪感，让我惊愕不已。电影在台词节奏方面问题不少。吴京的角色设定似曾相识，他在太空翻滚对接高潮戏的配乐也很耳熟，仿佛穿越到五年前三刷《星际穿越》IMAX的那天，忍不住喊出那句经典台词：Come on TARS！,1
侏罗纪世界：异形,0
经典是可以反复品味的，安迪对生活和自由充满向往，出狱对他来说是新生;而早已习惯了监狱生活的瑞德，已变得麻木，出狱对他来说就是死亡。,0
如果说科幻只是背景，主打爱情的话，为什么爱情部分也都很突兀且硬来呢？另外，滕华涛导演感觉完全不会拍动作戏和战争戏，动作场面也太乱来了，也难得见到打得这么不紧张不激烈不好看乱糟糟的。以及，除了两位主角表演一般之外，所有配角的表现也都很差，所以，选择他们出演的目的又是什么呢？,1
1.上海堡垒电影特效实在太炫酷，从它出来那一刻就知道经费在燃烧啊，整部电影的几场对战动作戏非常不错，特效满分！两千多人花了六年时间打磨出来的作品，实属不易！对于电影《上海堡垒》真的喜欢，中国科幻需要勇气，愿中国的科幻越来越好！ 2.演员们的表现可圈可点，结尾那里鹿晗的台词戏非常震撼，角色代入感很好，鹿晗的眼睛会说话，京腔也很好听。 3.最后要说！一定要看彩蛋！一定要看彩蛋！一定要看彩蛋！电影院此起彼伏的哭声啊！！！！！！,1
好多感受不能用语言表达，世界很糟糕也很美好，坚持才有希望,0
燃到飙泪的地球救援，绝望与希望的救赎之路。更重要的是，这是中！国！科！幻！电！影！,1
没人想在大恐龙的世界里看伐木累。,1
虽然和原著几乎完全不同，但绝不亚于高二看小说时的脑补。 放映厅里60%都是独自来看这部片子的单身宅男，最后半小时，一整排人都在爆哭。 它绝不仅仅限于“中国人竟然能拍出这种水平的科幻电影”，这是在好莱坞的标准下也绝不逊色的，闪闪发光的，能被所有人长久传扬铭记的一部作品。 怎么说呢，科幻迷们这一生，不就是为了等到这样的作品吗？大笑、感动、爆哭、忘却自我、满脑子都是破音。 “前进三。”,0
《侏罗纪世界：重生》回归了更纯粹直接的冒险模式：当潮湿的雾气裹挟着恐龙的低吼扑面而来，观众仿佛被抛入了一个真正的史前世界。电影以近乎偏执的原始美学与工业水准，所见并非简单的情怀，曾以《哥斯拉》重构怪兽美学的加里斯·爱德华斯，在这部电影中用环境叙事制造压迫感，将恐龙从银幕奇观还原为了威胁惊悚，让人仿若回到了初见《侏罗纪公园》恐龙时的原始震颤中。,1
陆川亲自诠释什么是“低质强碱性”电影：1、元素缝合，异星觉醒+克苏鲁+沙丘+降临+动物世界；2、自齐刘海以下全员尬演，表演痕迹严重；3、过度煽情，煽情的台词一句就够了，长篇大论就尬了。4、我不明白，749这种保密单位为什么这么招摇的把番号印车上。,1
胶片质感还是蛮好的，很久没在大银幕看胶片拍摄的院线片了，非常标准的暑期档爆米花电影，娱乐性很好，我看的还蛮解压的，基本符合了我的观影预期，并且还有不少意料之外的惊喜场面，IMAX厅这片的音响效果很赞。导演加里斯·爱德华斯特效师出身，怪兽片出道，作品虽然不算很多，但基本上我都很喜欢。对于本片来说导演的主要任务是想办法平衡怪兽冒险电影中的各种元素展现，既要有大恐龙吃人，还要有家庭亲情，给到新观众新鲜刺激的同时，还得唤起侏罗纪系列老观众的怀旧情绪，看到最后我觉得各个部分完成的都还不错，所有故事线和人物 塑造的很完整，可见导演还是有点实力的，在当今好莱坞怪兽片的赛道上不说一骑绝尘也算一马当先吧~,0
看过超前电影场，泪点很多，主要在片头片尾上，前头写着“原著：刘慈欣”，片尾直接围绕一本《流浪地球》原著做了一段蛮带感的CG，而大刘就坐在前排，经历着自己的第一次。我没收钱，实名打四星，不是友情转发，跟大刘和郭帆都没有友情。,0
看一小半想买袋湾仔码头尝一下，看完感觉吃了一百来袋水饺完全不想买了。,1
这是我唯一一部希望外星人👽赢的电影,1
2.5；首先是宏大设定题材的胜利，木星的壮阔斑斓与荒原废土视效展现的工业制作水准有惊喜，让人仿佛窥见国产科幻的春天微光；不少模仿痕迹，“莫斯”堪称全知型的“哈尔”。然而缺点亦同样显露无疑，不谈科学原理的硬核度是否经打，我首先非常反感在号称「硬」科幻的影片里乱塞情感强煽，套路化的美式个人英雄在社会主义「高大全」特色美学旗帜下，显得尴尬无比；自以为是的幽默和废话连连的台词，经过尬演滤镜折射，以及全程满溢的配乐，愈发让人出戏。全片最神奇的还是混乱而粗暴的剪辑，很多关键场景被处理得莫名其妙不知所以，甚至出现情节的跳跃。,1
刘伟强终于拍回了他最熟悉的市井江湖，马丽也演出了草根奋斗故事的坚韧。 故事呈现了一位女性角色的创业传奇故事，也将充满人情味的江湖展现在大众面前。 电影拍得很像童话故事，但这却是一部改编自真人真事的电影，鲜明的时代印记下，通过女性叙事，突出展示了个体命运与时代变迁的交互关系，也看到了中国人面对困境，不是独善其身，而是相互帮衬的处世逻辑。 就像水饺从来不是论“个”，而是论“盘”或“碗”，热气腾腾的一份水饺，彼此聚在一起，才是这份食材所象征的意义——和谐与团圆。,0
去尼玛的，退钱！,1
刘启，韩朵朵，泰山崩于前而色不变，猝然临之而不惊，地球是你们的，我不配留在这里，我先死为敬，去做天上星星了。,1
刘伟强拍的太不走心了 马丽终于不用给男演员抬轿了 加一星,1
“xx的低质强碱性搞笑片雄霸中国电影市场，是文化的悲哀”删早了还是,1
今年最后悔和失误的一个决定，是在公众号推了这部电影。,1
别名《一个失去逻辑的世界究竟有多奇葩》，又称《我是谁？我在哪？刚才俩小时发生了什么？》。陆川，你说说你是不是想造反啊？,1
经典老电影就是不一样，重温了无数遍呢,0
除了特效，一无所有。也可以说除了特效，其它还有啥？咣咣咣了两个小时，科幻片的精神内核可不是这样的。别跟我那条毫无感觉的感情线，无法令人信服。,1
5.0/10.0 可看可不看，整部片子情绪太满了，马丽从头哭到尾。黑帮老大看到马丽挥舞着菜刀居然想到了自己妈妈，这就真蚌埠住了。工伤赔偿的钱不该要么？有事别吼孩子啊，编剧简直是绝了。,0
又名《俊凯：钢铁之躯》，郑恺想演中国的尼克弗瑞，但是演了个鸟啊，我愿称其为迪克弗瑞。陆川以后别拍了，要是还想不如直接拍张钧甯热舞俩小时。,1
复联四8.5 流浪地球7.8 这评分怎么看怎么离谱，外国的月亮比较圆是么？,1
一匹披着科幻外衣的战狼，一场打着地球主义旗号的爱国主义救援行动。 空有一个科幻设定，缺乏该设定下的大量社会生活和人性细节，使得该设定成了一种强制概念，甚至无异于架空。 最后的成片其实与科幻无关，只是换了模样的限时救援，真的没必要吹上天。 工业上的意义值得肯定，那就肯定。说是中国的科幻元年，还差一步。,1
为什么饲养异形龙的笼子紧挨着实验室？为什么实验室吸个垃圾就直接安保系统全面报废？为什么异形龙冲不报废玻璃门？为什么1000W说得很多一样？为什么医药代表只有一人孤身入局？为什么沧龙攻击他们？为什么一家人们气这么大？为什么麻醉枪一枪没打中？为什么两栖龙没上岸？为什么要跳海？为什么小三角龙无卵用？为什么霸王龙咬不坏橡胶艇？为什么风神翼龙住神庙里？为什么恐龙都趋光？为什么大家看着医药代表死？为什么一家人对主线毫无用途？为什么老肩巨滑的衣服一直穿不好？为什么异形龙没吃钢琴师？为什么一艘小艇能横跨大西洋？为什么沧龙后面不吃他们了？我有好多问号。,1
没人想在侏罗纪世界里看伐木累。,1
科幻片来说，它基本上是把中国科幻能犯的错误都集齐了；要说爱情片，它倒是有连七夕档都不敢上的自知之明,1
大年初一和家长在中央6台看到这东西，真晦气……,1
那现在是怎样，我手上这张电影票会分一半利润给异形，六分之一给哥斯拉，六分之一给大白鲨吗,0
特效牛逼 画面炸裂 又燃又酷 强力推荐！！,1
对不起，马丽，你已经很努力了，却还是被惠英红压着！对这部电影还是很失望的，太流水账啦，简直是《我就是演员》《演员请就位》综艺的那种放大舞台效果的拼盘电影，明明这么强大的女性电影，却讲得粗枝大叶！,1
【6】没有前两部那种浓浓的烂片感，取而代之的是一种浓浓的AI感。从头到尾每一个情节点的设计、每一场戏的处理方法都像是大数据演算的结果，完完全全感受不到任何哪怕是哥斯拉、侠盗一号级别的灵气。电影界的预制菜，流水线得不能再流水线的纯种工业品…,1
华哥说“我也祝你大展宏图”的时候，这部电影从三星变成了四星。终于这样的词，会放在一位女性身上。,0
我不知道这是不是史上最佳的电影，但这绝对是吹嘘最大的电影。,1
不论从任何一种标准（科幻片的，华语片的，华语科幻片的）来看，都不能称得上是部合格影片。严重过度剪辑，这种典型2D动作片剪法用在这部空间结构比较复杂的3D科幻片上简直是胡闹。空间及动作表现极其不清，轴线纷乱，运送火石吴孟达死那一段，有人能看清发生什么事情了吗？经常错误地插入过紧的特写和过大的远景，在运动方向不一致，且无有效明暗对比的情况下，完全无法锚定观众注意力。全片仅有少量连续长镜头让人感觉空间清晰，但跨越数十万的公里的建构着实费力。每当镜头抽远，人语一成不变地延续，仿佛在看一部云淡风轻的青春片。说到底，这点视听手段完全无力处理刘慈欣的星系尺度超全知叙事。,0
截止到此时此刻，豆瓣打分人数是5.8万人，其中7.2%给了4~5星，约4200人。 而鹿晗有6000多万粉丝，随便出来几十万粉丝就可以把分数顶到至少6分以上。 然而就目前这情况，只有两种可能性：1，鹿晗真实粉丝只有1~2万人；2，鹿晗的确有6000多万粉丝，但鹿晗99%的粉丝也觉得是一部烂片，干脆不打分甚至也给了差评。 ———— 这种电影没必要做影评，全程和女朋友一块玩荣耀，时不时亲热一下……这部电影的票钱花的很亏，不如去喝星巴克，还耽误时间。,1
一个内心坚强有信念的人,0
同是喜剧女演员演正剧，起码比热辣滚烫好,1
上海堡垒还是吃了上映太早的亏,1
我真的很喜欢大恐龙，但是你给我看这么丑的大恐龙有什么好看的？ 这种怪兽电影不要再放入family剧情了，好吗？,1
剧中反派找什么男女主团队去取恐龙血样本啊，直接找这一家四口，存活率100%。完成度也高也到达了目的地。他们像在度假还没有暑假作业。,1
虚假的巧合被当作精妙对比，突兀的后果往往使人惊叹而不是受启发，脱离过去过于决绝。,1
最接受不了的是：1.科幻片最美妙之处是对未知世界想象力的营造，而不是人定胜天论的民族情感煽动。2.室内和室外，布景和CG，大远景和近景之间的连接突兀，让人无法身临其境。3.“中国科幻片做成这样已经不容易了”的称赞无外乎是在自黑。,1
3.5。这片子最大的问题是剧情太平，从卖水饺开始，人物就再也经历没有任何一个像样的挫折和冲突了。有关母亲的情节太少导致丧母没有冲击力，志雄哥那段全场干脆尬到笑，和华哥的感情线倒是克制得恰到好处。导演又滥用慢镜头，他越煽我就越不想哭，反而是随意处有些细碎的感动。 而最好的地方是演员，马丽和袁富华实在好，大部分配角都是港片熟人，十分亲切。的确可算是女主戏，主线是姥姥，妈妈，女儿的传承，男角色均为镶边，对女角色的态度颇为善意，尤其体现在对露丝阿珍的“自然”上。,0
原著的奇葩和浪漫大半消失，乱哄哄，但最初三分之一还是给了我一些惊喜，作为国产灾难片可以及格，为鼓励甚至可以上四星。地下城黑市的三秒呈现我注意到两组男女互动，一是浪女憨男，一是悍女浪男，太陈旧了，太小品了，太低能了，在最该舒张人性的所谓黑市区依然是这副看饱了春晚的蠢相，中国人的压抑到底是有多深重，千年集权统治，真是不寒而栗。卡车里那段女音更可怕，那种把成人当儿童的嘴脸，以及所有角色的一切充公却依然充实的精神状态，都很熟悉，虽说高压环境令人类文明倒退到中国标准是可能的，但回想国外电影表现此类高压集权环境下，角色对自由的自然向往，本片是完全没有的，所有中国人都仍然是一幅不想挣脱框架、最多在框架内变通的顺民嘴脸。主角的脱轨行为只能算撒娇作死，和自由没有一毛钱关系，和围着家长转的乖宝宝没有本质区别。,1
这部《侏罗纪世界：重生》很像《侏罗纪公园3》，是一部《侏罗纪世界》系列的番外，而看不到有重启的故事脉络和决心。 影片为了吸引更大胃口的观众，去增加了不少恐龙变异怪物的品种，让侏罗纪味道也变异了。 前半段进展缓慢文戏拖沓，角色塑造乏善可陈，从而导致后面恐龙攻击说真的没了谁，都很难和观众(我)共情。 动作戏份从苍龙和棘龙海上攻击开始节奏加快，腕龙的巨物亲密美幻浪漫，霸王龙呆呆的符合我预期，决战戏份变异畸王龙压迫感只有直升机那画面而已。 然后影片的恐龙或怪物不同场景大小比例很不一致，让人出戏。 不少人觉得动作戏份不够刺激不够爽不够血腥，但其实从侏罗纪系列来看，影片的动作设计和恐龙的“笨”，都是同源基因的，人类就是主打一个逃生机制，而非恐龙最后吃到一个人不剩。,0
感觉剧里的人物有一种没苦硬吃没罪硬受的感觉。,0
前面不如《金刚：骷髅岛》，后面不如《异形：夺命舰》，全程向怪兽片发展，忘记自己是部恐龙片。,1
（Nobody cares about animals anymore.） D - REX 就是 APEX（顶）！何以“舰”得？ Alien plus t-rex. 先“夺命”而后“重生”。 ✍🏻故事： 🦈·🦍·👽 🎯主题： 横扫饥饿。 🎭演员： 无能的一家，爱探险的贝拉。（少数族裔担此重任——除了尊重，戏份给足） 🎥导演： 工作量饱和，一次性补齐怪兽宇宙（金刚：骷髅岛、哥斯拉2）进度。,1
史上最有名的烂俗励志片，没有之一,1
不明白那一家四口出现的意义 特别是大女儿对人家的“见死不救”说是要杀她。虽然那个人确实不是好人，但都2025年了 这种恶心人的“圣母圣男”看着真糟心啊。三分给恐龙，人是一个都不讨喜。,1
每10秒我就要情不自禁地问一句，啥啊？？,1
我的妈呀！很牛逼炸裂的特效，特效是真牛逼啊，太震撼了，故事也很喜欢，朋友们可以放心大胆的冲！超级好看！！,1
这是身经百战的雇佣兵吗？！简直比党员还充满大爱！这把我同情资本家,1
请问那些雇佣兵文戏的意义是很么，到底是谁想在恐龙电影里面看到这个啊？！圈如钱的作品,1
如果是喜剧片的话，我打9分,0
好看但这么高的分有点假了吧，如果和越狱比起来，还是越狱好看些！,1
比起大女主，我更愿称之为大群像，因为“水饺皇后”不只是臧健和拼来的，而是所有的市井烟火善意一起加冕的。,0
其实特效还不错啦,0
IMAX2D观影完毕，全程无特殊画幅，人物塑造薄弱，故事没多少剧情而言，看似观看电影，实际上是观看刺激痛快的主题乐园速通畅玩，其中包括海上帆船、激流冲流、极速攀岩、躲猫猫、管道爬行、黎明杀机式启动发电机跑路等多种游乐设施项目，虚假的runnning man只是一秒六棍，真正的running man跑得慢就要死，欢迎来到全新的侏罗纪世界。,1
最后的异形恐龙有点不太尊重侏罗纪文化哈,1
编剧可以说是电影版历史最差的，完全就是最为省事的游戏打怪思路，恐龙NPC感极强，就像是在每个任务点等待触发，而且有些触发的极其刻意。世界三部曲建立起的人与恐龙交互直接清零。电影前一个小时挺难熬的，人物展现的刻意且无聊，尤其一家人每次都能死里逃生让人觉得十分遗憾。总之为了看恐龙也没办法，能看，但只是能看。最后补充一句，这部电影所有人物对自己后背100%全瞎全聋的设定，真有点绷不住。,1
女的在里面不是添麻烦就是不懂事，价值观反人类反文明反自然，文化艺术宗教一点没出现。计划经济的缩影，矿工区的“活着”。贾樟柯好多了相对比。评《流浪地球》,1
只有两个字“震撼”！特效震撼，剧情流畅，完全超出预期，陆川这八年没白费！王俊凯太帅了！！！出系列！我要原班人马！,1
這不只是一個女人的傳奇，這更是一個時代的史詩。她的奮鬥路上，遭遇過許多衰人，也遇見了更多貴人，感受過許多惡意，也收穫到更多善意。她的人生無數次跌倒又一次次起身，離不開她幾十年的努力與奮鬥，也是因為塑膠作坊夫妻的敲門提醒、雙喜叔在深夜打開的一盞燈、紅姐曾經淋過雨而為她撐起的三、糖水伯的那一碗九顆湯圓、華哥碼頭臨檢時的高抬貴手，是時代洪流之下一個個鮮活的普通人共同添磚加瓦的結果。而這一切更難得的，是都真實發生過，為電影中市井的煙火人間更添厚度，香港精神永遠都會打動我，在獅子山下，在灣仔碼頭。從片頭貼了演員臉的照片，到片尾臧健和的真實照片，當看到糖水伯的照片時，原本的默默落淚，差一點難以自抑嚎啕大哭，幾十年前的善意從未被忘記，內心的感謝會一直一直銘記下去。,0
最最最最最好看的电影。没有之一。,1
特别像是创始人的后人，脑袋一拍，打算弄个电影缅怀先辈，所以划拨了一笔钱，拉了一帮明星，搞出了这么个东西。不是什么电影，比较适合做广告吧。女主处处吃苦，身边全是好心人（除了二世祖和洗碗老板），也看不出什么个人努力；不去调研香港人是否爱吃水饺，也不去调研香港人的口味喜好，也不学粤语，也听不懂粤语，反正就创业成功了。作为广告也不合格，看完我一点都不馋水饺，也不想吃。,1
是水饺皇后的故事，也是一群人奋力生存的故事。电影开篇就把观众带回了上世纪七十年代，明明才过去没几十年，却陌生得像封建社会。我们都知道故事原型很厉害，放在那个天崩开局的时代背景下就更厉害了。马丽和惠英红的化学反应很棒，女强人之间的惺惺相惜很有力量。,0
球球别再捆绑流浪地球营销国产科幻片了，本质就是披着科幻外皮的圈钱言情片，鹿晗演技还是一如既往的烂，心疼舒淇为了还人情接这么一部二番烂片。,1
瑕不掩瑜，跟白蛇一样，国内技术已经顶尖了，但是剧本还是弱项。,0
酣畅淋漓,0
其实理解不了为什么这部影片会排名第一…,1
嘛玩意儿？？？以为是民俗神秘事件，结果来了个怪物出现拯救世界的片。合着你只需要绕着控制器飞几圈，啊啊几句，就可以解决问题。故事讲得也不好，想讲个人成长，也没讲明白。,1
这片要是美国拍的可以给80分，中国拍的我给200分！你能想象在波士顿的IMAX电影院里坐满人，看完集体鼓掌的画面吗？燃，巨燃，全程无尿点，特效满分，剧情瑕不掩瑜。。豆瓣为什么不能打6星？⭐⭐⭐⭐⭐⭐,1
懦怯囚禁人的灵魂 希望让人自由 强者自救 圣者渡人,1
演员几乎全程口型都对不上，表演也是死气沉沉，不过遇上如此温吞水如白开水的剧本，没有任何人提得起精神，甚至大部分时间，他们都不知道自己在干啥。真的无法想象一部标榜自己是科幻大片的电影，场面又小又low就算了，讲述故事的方式居然比电视剧还要絮叨和缺乏想象力，从头到尾的腻人旁白，全程靠嘴的叙事，武戏和文戏的完全脱节，完全看不到导演的技法，节奏更是连网大都不如。影片的特效也是灾难级别，不免让人想起当年的《机器侠》。作为科幻片来说，科幻几乎就是背景，甚至连细节都懒得展现，大部分时间我都看不出来这是一部发生在未来的故事。整部电影的格局就配叫个啥《嘉定区堡垒》而已。,1
"1.救援队在上海的时候被导航坑了，从东方明珠绕了好久才绕到环球金融中心。2.不如叫《地球最后的一晚》或者《drops of Jupiter》。3.俄语有加分，带来加加林的火箭在外太空的感觉，但后来法语用得让人懵逼。4.只是代表电影工业又上了一步，以后这样的片子应该会越来越多，自high程度有点过头了，说到底影片的内核还是好莱坞的，或地心引力或世界末日，表面made in china,却不是中国芯。",1
2019尚未开春，但我预言年底各家媒体盘点，一定会把“吴京失重飘零的泪水”一幕计入年度最美镜头之列。,1
二刷！注意到了更多的镜头！好喜欢马山和丧妹的镜头，两个萌物😭😭😭感觉镜头都清新起来了。ps:苗苗六年了基本没啥变化呀,0
镜头在70年代香港的逼仄街巷与蒸腾热气间游走，既见时代粗粝，亦藏市井温情。马丽彻底褪去喜剧外壳，以素颜方言和爆发力的肢体语言，将单亲母亲的韧性与脆弱揉进每一帧，暴雨中护住摊位的嘶吼、深夜揉面时无声的泪，皆是教科书级的情绪递进，以北方女性的泼辣重塑角色魂灵，母性本能与商界锋芒的碰撞极具说服力。群像暗涌华彩，惠英红的红姐严苛表象下却暗藏庇护；朱亚文的警官华哥以克制的爱慕映照女主独立精神；袁富华的糖水伯则承载底层互助的暖意。用市井悍勇撑起底层互助的温情，让香港平民的群像史诗更显丰沛。蒙太奇切割时空，街市油烟与生活博弈形成残酷对位，一碗水饺成为跨越阶层的隐喻，镜头凝视面粉飞扬中皲裂的手，比任何成功学宣言更具说服力。以饺子香气勾连母女羁绊与地域文化，马丽的表演与时代烟火的共振，足以“煮沸”观者的热血。,1
没吃过屎的可以试试看,1
不好拍就不要拍啊，圈快钱真是惯养出的德性，放过科幻，把我的想象力还给我,1
这两小时真的不如去上班,1
支持马丽不给别人抬轿当大女主，不支持刘伟强再拍任何剧情片。明明这么强大的女性故事，被讲得粗枝大叶，要不是马丽硬抗，看不下去一点这种冷鸡汤。,1
很复杂的观感，即便能说出这个片子的一百个不足，比如本土化的台词过于刻意、比如有点想当然的剧情、比如一根筋式的人物塑造、比如结尾处站在宇宙中心用爱发电的廉价煽情等等，但是情感上还是有被打动到。看的过程中一度想到人类的伟大与渺小，也穿越到Interstellar结尾安妮一个人孤寂的神情，甚至还想起了奇葩说里大美玲说的那个“有后东”和“无后米”的故事。其实本质上还是在用硬科幻的外壳包裹人类共通的情感联系，“选择回家”or“选择远方”这样的议题放在影片的语境中显得更具现实意义，也显得更加在地；而宿命的荒凉感和对希望的执着企盼，在顶级工业水准的加持下也散发着动人的色彩。这颗在黑暗宇宙中摸索前行的小小星球，承载着人类多少厚重的能量，一想到就觉得震颤不已。中国科幻电影第一步，走得确实不容易，三星半鼓励。,0
的确拍成了大片，production quality 还不错，然而三观严重不正：传统的家庭关系（以骂和顶撞为主），庸俗的台词，柔弱无用的女主，强调牺牲的集体主义精神。,1
"第一次看是少年时，觉得这是越狱爽片；三十岁后再看，才发现这是一部关于""时间如何把人碾碎又重塑""的史诗。 安迪在监狱里待了十九年，用一把小锤子挖通了自由的路。但真正震撼我的不是那条隧道，而是他在下水道里爬了五百码、在暴雨中张开双臂的那个镜头——那不是越狱，那是洗礼。他爬过的是屎尿，洗掉的是冤屈，迎接的是被延迟了十九年的""活着""。 电影真正的高明之处，在于它把希望讲得不廉价。瑞德说""希望是危险的东西""，安迪却用二十年证明，希望不是盲目的乐观，是一点点凿墙、一点点建图书馆、一点点帮狱警报税换来的啤酒——在屋顶上喝那瓶冰啤酒的瞬间，他们不是囚犯，是修屋顶的自由人。 ""有些鸟是关不住的""，这话说烂了，但我看完才真正懂了：安迪从来不是在监狱里等待自由，他是在监狱里活得像已经自由。",0
那一家人为什么不死啊？？？？？,1
末世感不错 技术OK,0
已阅，表示对陆导的高质弱酸性非搞笑片喜欢不起来，期待他兄弟老沈的盗号评论，这是当年《九层妖塔》被骂懵了，在哪里跌倒要在哪里赖着不起？,1
无疑是好看的。但这么高的评分却是夸大了,1
王俊凯你别演戏了，耶稣都救不了你。,1
克莱布斯阻止呼救、见死不救，本该是塑造反派的关键时刻，却在后续剧情中被轻描淡写地带过，反派塑造彻底失败。 伊莎贝拉“驯服”一只鹰角龙幼崽的情节，简直是把系列苦心建立起来的、对恐龙作为危险掠食者的敬畏感彻底儿戏化，变成了低龄化的宠物养成游戏。 霸王龙多次攻击却连个充气艇都咬不破？一家人仿佛在玩水上乐园的激流勇进。这种刻意制造的“惊险”完全建立在削弱恐龙威胁性和角色开挂的基础上。 邓肯为什么不把燃烧棒扔了？而他没死的转折，更是将“角色死活全凭编剧心情”的随意性暴露无遗。 女主在卢米斯几句嘴炮下就“幡然醒悟”，决定放弃巨款，将样本公开造福社会？ 这个所谓的“升华”转折生硬到可笑，纯粹是为了强行扣上一个政治正确的光明尾巴，虚伪至极。 最惨的还是邓肯，搭上一条船，差点还搭上一条命，最后毛都没捞到。,1
哈哈哈，录盗版的录一半都跑了，给爷整笑了,1
绝对是期待过高导致有点失望,0
要不是马丽演，谁能坚持看完这两小时的近景大头+催泪bgm+永远在call back回忆的所谓大女主mv？？？ 刘伟强收手吧，大女主电影请女导演来拍，谢谢！,1
125分钟重新定义了中国科幻，主创团队站在好莱坞的肩膀上完成了一个中国电影人从未完成的壮举。你可以在影片中看到《星际穿越》、《全球风暴》、《后天》、《世界末日》等一系列好莱坞顶级大片的影子，但是观看的时候你依然会非常明确地认定这是一部国产科幻大片应该具有的样子，没有山寨感，没有违和感。编剧对于大刘故事的全新演绎面面俱到，小到人物情感大到人类存亡都被演绎得让人信服，高潮部分更是贡献了极强的情感穿透力，燃度也是惊人。说实话，《流浪地球》作为国产科幻元年作品，起点真的太高了，心疼后面那些跃跃欲试的跟风者。PS：小粉红请不要赞这条，我不是你们盲目爱国的盟友！,1
画面、特效和上海沉没能看、可喜。除此之外这是坨什么混搭发馊的屎，千疮百孔，详细吐槽都觉得浪费时间的那种。 强烈怀疑是不是《流浪地球》在前，压力让项目经过了调整。科幻部分和爱情部分完全不搭，互拖后腿互衬得更烂。前者如同儿戏处处逻辑不通，后者莫名其妙生拉硬扯。 剧本也就青少年小说水平，推剧情全靠旁白，战斗布置全靠嘴，有个锤子世界观，结尾还敢玩闪回。 选角真灾难，台词真灾难。 不标榜自己是“科幻战争大片”还好点，完全不是一条路子蹭个什么劲。不过片方大概也为难，带了这标签拍个青春言情片可能更不会被买账吧。,1
7分。这电影能有现在的票房和口碑确实要好好感谢马丽。马丽演得太好了，对她的演技一直有信心，这种情感细腻的戏对她来说轻松拿捏不是问题（大概也因而没有太多惊喜）。她拿一个女主提名不过分吧？只是剧本有点拖马丽的后腿，感觉故事节奏很奇怪，有的时候会觉得特别赶特别突兀，有的剧情又让人觉得没必要拍这么多吧…… 最喜欢的一段还是臧姑娘和红姐雨夜吃面，狠狠感动落泪💧臧姑娘的邻居们都好好啊（薛凯琪好美！ 马丽加油，未来都是坦途！！！,0
比前两部好看。寡姐真辣啊🥵四十不惑的姐就是最勾人的🥵还得是好莱坞，永远都有这么独当一面、有勇有谋、孔武有力的女性为绝对主角，超赞！特效也是顶级的，没有一点儿出戏的部分，一个丝儿都没有。这种片子我从来不看逻辑，只看视听和卡司，这两点本片绝对OK。以及，这种片子一定要去影院看你才得劲儿吼！,1
不愧暑期档头号大片，或者说，这才是“大片”该有的水准！作为系列老粉看得非常感动，前两部的编剧回归，终于让影片回归正宗侏罗纪风格，主打丛林冒险怪兽惊魂，剧情做得相当丰富，燃爽刺激的动作冒险爽片风格，两组人马交叉叙事，叙事紧凑节奏飞快，地图涵盖海洋孤岛、原始丛林、悬崖洞窟、封闭实验基地，人类从追捕恐龙到被恐龙狩猎，各种动作大场面和视觉奇观让人目不暇接，同时也是系列中恐龙元素最足量的一部，沧龙终于有了推动剧情的核心戏份，导演是懂怪兽片的卖点的，把人在面临巨兽时的恐惧压迫感作为重点塑造，恐龙时常在主角身后猝不及防出现，那种身临其境直面恐怖的惊悚氛围感瞬间拉满，全程无看得人手心冒汗，很多对系列致敬的彩蛋非常加分，最后变异恐龙的登场可能会成为近年怪兽电影中最生猛骇人的名场面！,0
含龙量超高，而且巨巨巨大，在IMAX的加持下，让人身临其境，大饱眼福。泰坦巨龙场景让人梦回腕龙登场的经典名场面，不仅有巨大的视觉冲击，大自然的鬼斧神工和生命的壮丽更令人震撼。《哥斯拉》导演实力加盟，为侏罗纪世界注入了新鲜的怪兽惊悚感和压迫感。简直就是恐龙迷和怪物控的福音！,1
这台词这人物设定看得我直翻白眼尴尬症都要犯了 简直浪费大制作,1
有点好奇这部片为何被过度赞誉到这个地步···,1
天呐，为什么要让我看到这么难看的电影，万一以后看不到更难看的了怎么办呐！,1
槽点有点多，不过这个系列终于等来了一番大女主，但是寡姐的威力似乎没太发挥出来，高光部分远远不够！反派的黑化也比较粗糙降智（还我奎恩小天使，前段实在太冗长拖沓了，都40分钟了才有大恐龙正脸，好在后段还算抓人，最后高潮段落各种第二部既视感，场景和故事展开高度还原复刻，就连整体调色都比较复古，个人对《失落的世界》还是有滤镜的…,0
把我看困了～无聊，无趣～烂片就要有觉悟，拍那么长，再减一星,1
工伤赔偿为什么不是应得的钱！look my eyes！tell me！,0
与其花119分钟和59元看这部电影，还不如花5分钟浏览臧姑娘的百度百科。剧本完全是1:1百度百科,1
你知道，有些鸟儿是注定不会被关在牢笼里的。,0
还行，因为国产科幻有了开始就是进步，事实上国人在历史剧长期的沁润下，完全未来建立一套独立的科幻思维和科幻文化，一开始以为国产的是星际穿越，看了一半是天地大冲撞，看到最后发现是木星上行。 电影前半段的故事非常的紧凑和扎实，剧情层层展开，穿插的回忆也相当的不错。到最后反转出现了意料之中的部分坍塌，强大的主角光环和只有小孩拍脑袋的想法逃离引力的反转生硬而且难以说服观众。人类对于宇宙天体的运动是渺小的，人类要撼动天体运动轨迹相当于蚂蚁要把一个大象举起的难度，即使有科学帮助也是杯水车薪。点名批评几处电影细节，都有了地球发动机地下城、基因遗传这些前卫的科技，教室的质感简直是21世纪初的环境，连我们当代标配的多媒体设备都没有。不要认为每一处细节是可以忽略和忘记的。好莱坞优秀佳作就是靠这些细节取胜的。,1
仿佛给环球影城定制的产品，室内漂流，先进实验室，然后开始转场，坐着橡皮筏，最后漂进实验室，突然蹦出来个大恐龙吓你一跳，你会代入一家四口的视角，会有寡姐跟你说come on，等你走出来在门口买个小恐龙玩具。,1
比较烂，整个过程都是一种流水账，而且表达的东西甚至是离地的。剧组想硬塞香港人情味，但用力过猛了。 马丽的演技和那群香港演员是割裂的，她每个表情都很用力，用力地告诉你她在演，太生硬太模板化了。,1
还是经典的老电影振奋人心，主人公逃出监狱在河流中张开双臂的画面记忆犹新。,0
"在我的心目中,它一直都是最被高估的电影。",1
上海堡垒才2.9分，你怎么好意思5分的？,1
还是怪兽大片的老问题，被普通人类蠢哭了，但好在这部《重生》里恐龙管饱，能在大银幕上看到活的沧龙、泰坦巨龙、风神翼龙、霸王龙以及一堆交不出名字的变异巨物还是很酷的，能值回票价。还复制了我的童年阴影，看到恐龙吃人啦！！什么时候能看到我们中国自己的恐龙大片呀！？,0
我感觉外星人就是来消灭鹿晗的，这次我站外星人那边,1
值得！,0
我们需要更多这样有“妈味”的传记电影，一如本片以身为单亲妈妈的臧健和在异乡艰难求生为开端，以她将妈妈的味道传下去并分享给更多人的心愿得以实现作结。 这也是我第一次看到马丽出演非喜剧角色，相当惊艳。无论是臧姑娘起早贪黑身兼多份工的勉力拼劲，还是摆摊首日苦苦吆喝也卖不出一份的失落无奈，抑或生意红火后对信用和自主原则的不懈坚持，都演绎得让人感同身受。她的人物刻画也足够立体，在自强不息事业心外，也有显露脆弱一面的时刻，比如疲累至极后的发泄情绪、送别华哥时的默默不舍。 惠英红对红姐的诠释亦发挥出了影后水准。她对女主的一路扶持真正彰显了女性间的深切共情与相互托举。影片还穿插点出了香港发展演进中的不少重要时刻，一种时代洪流里的平民史诗气息油然而生，几个粤语歌的段落也蛮惊喜。,0
感觉像是在节假日付费观看了两个小时速冻水饺的广告。😅😅😅,1
建议大家放低预期去看，好，但并没有吹的那么开天辟地的好。特效确实没话说，开头十几分钟快节奏剪辑交代设定背景，加上我们熟悉的北京，上海，杭州等大城市被冰雪覆盖的荒凉震撼场面确实让人忍不住想打5星，可惜后半段越来越主旋律和刻意的煽情，使每一个阅片量多一点的观众几乎都能猜到最后的结局，这让一切开始变得冗长和乏味，影片观影完毕后，留给观众哲思和探讨的余味很少，影片应该更深挖人工智能的背叛，人类对宇宙未知探索那种恐惧和好奇心并存的心里，而不是把全部精力都用在众志成城拯救地球这条单一的政治正确主线上。,0
习惯了监狱生活而接受不了正常生活的人，既真实又恐怖。勇敢面对生活，逃离自己的舒适区。,0
延续了侏罗纪这个IP绝佳的爆米花冒险大片属性，同时融入了导演擅长的怪兽惊悚元素，回归了恐龙片的本质：复古、危险又迷人。迷雾中的身影，极具令人窒息的压迫感。海陆空三界齐上阵，进一步拓展视听体验。在这个与世隔绝的小岛上，人类对于科技的滥用造就了畸形的恶魔，主角一行人作为这个原始世界的闯入者，也为人类自己当年种下的恶果付出了代价。在有效的类型表达下，影片仍然在探讨人类文明与自然、社会、彼此的关系。在庞大的未知面前，即便渺小也要试图寻找存在的意义，学会敬畏才能收获内心的平静，某种程度上，通过恐龙其实就是在看我们人类自己。,0
已经看完点映了。评价就是很符合5.1劳动节调性的合格电影。典型的节日电影。开分大概6分6.5分这样。前一个小时节奏过慢，讲水饺皇后，前一个小时的时候主角还没有卖出一碗水饺。后一个小时节奏过快到像电影剪辑，前场和后场场景中间没有任何衔接，像幻灯片一样啪嗒一下跳到下一张。假如正常做人物传记电影，从中间的时间点开始讲，前半段当回忆，后半段也可以完全展开。现在平铺直叙，大量用场景渲染感情浪费时间，非常俗的主角遇到挫折外面狂风大作，遇到好事就晴空万里，可以说导演并不想动脑子了。想反套路（涉及剧透不说），但是反的又非常生硬，不是说当大女主就要断情绝爱或者游戏情感吧。反正整个电影深层就一个议题，导演懒得动脑子。,1
“这么像我老妈”是什么鬼台词。还有王祖蓝那段拍出来的意义是？看着让人恶心。,1
能感觉到编剧不怎么想编，导演不怎么想拍，演员不怎么想演，正好我也不怎么爱看。花40块钱让人看两小时广告我可以忍，你把广告拍的和传教福音小故事似的，出了事就机械降神，走一步碰到仨耶稣附体的好心人，然后镜头怼脸演员开始各种感动哭，这我是真忍不了。,1
这拍的什么狗屎玩意，我怀疑这剧本是AI写的，演员是P的，真是看得人一头雾水,1
衷心祝愿这是流量时代最后的挣扎,1
重看次数最多的电影,0
胜在有原型人物支撑，但拍得还是不讲究。片中提到山东水饺的皮做得不讲究，刘伟强这么大的导演，这次在视听上显然也不讲究，完全是个苍白的行活。美术置景也太崭新，看不到时代的样貌与痕迹。能看出也想顺带捕捉七八十年代的香港风貌，可是细节欠打磨，主人公到最后甚至都没有讲过粤语。再拿个小的点来说，1982年说华哥像周润发，那时候《上海滩》都还没播，咱不如说郑少秋。,0
开年第一部灾难大片——灾难级的表演，灾难级的文本，灾难级的剪辑，灾难级的摄影。原著小而精的结构到了电影里变成了赶流程一样的儿戏，通篇的廉价煽情和自我感动。最后小女孩全球广播作文朗诵我甚至听到我爸重重的“啧”了一声。至于技术，「值得鼓励」和「好」是截然不同的两件事情。,1
这分数我又叛逆了，本应三分是全给特效的。内核剧情看得我彷佛吃下大年初一第一口shi…科技进步成这样了为什么每个人还作得让我恨不得打爆他们的🐷头,1
这个剪辑师的水平有点像我交毕设,1
感觉更像是借了个749的壳子在讲老套的科幻题材，文戏过多，749局神秘感也没有拍出来，但最后还是落泪了,0
3.5。歌颂“集体”但不歌颂集体主义，这个核心从韩朵朵成为“希望”符号引领世界性同心同力、而“权威”明确给予了所有人选择公私的权利起，就已经圆满输出了——这是我选择拥抱《流浪地球》最重要的原因：在一言难尽的美学和概念杂糅之外，这是真正值得骄傲的那份中国特色。文本上的这一抹辩证之光，无论是对比位于天平两端的《红海》和《战狼》，还是放眼到新世纪的华语工业创作，都是在题材、视效之外同样值得珍视，且不可忽视的一点。吴京的角色如果最后能多一点《星际穿越》式的“知性”权衡，少一点燃情为先的无畏，这层包裹在强国外壳下的修正表意一定会更加完美。再说其他基本就都是赘述了，认同没什么好黑，但也坚决反对黑不得。,0
陆西法和他的天使以及天使禁猎区…,0
很难见到的烂片。叙事混乱，剧情牵强，煽情生硬，非常傻叉。,1
把人物大纲拍出来了这是，仿佛能听见导演对着本子在监视器后面喊：该出轨了！该打工了！该受伤了！包饺子！快！音乐起！上价值，上上上，快上！,1
一个字爽！差点被烂番茄分数误导，实际证明影评人脱离观众纯扯淡。还有些评论什么剧情老套没深度的我不理解。。。这种大片属于影院必看，只要有各种各样的大恐龙，特效精彩，惊险刺激就足够了，现在观众需要这样的无脑爆米花解压片！反正和朋友们一起去看大家都很开心。已经给家人买好票，自己也会二刷,1
对不起，我戒酒了。,0
能把这么传奇的故事拍成这样，套了八点档温情家庭剧的公式，剧作扁平到令人发指，剪辑转场过渡像是剪映app闪黑动画一键全局应用的美感。甚至不敢相信三个有代表作的女编剧能共同写出这种漏洞满满，接近糟糕的文本。臧健和人物的光辉形象被处理的毫无光环，就这么“顺水推舟”的磨灭了应有的韧劲。更是把马丽的泪腺当作抽水泵在用，随着每隔十分钟随机生成一个冲突，就要看着马丽哭一次。这种程度的传记片连好莱坞每年量产的冲奥八股文都不如，刘伟强到底为什么要拍自己根本拍不好的电影。,1
就冲这次能跟寡姐面基，一切都值得！ 其实侏罗纪这个IP对我来说不仅是对古生物、古历史的启蒙，而且从之前的公园三部曲到后面的世界三部曲，再到这次重生，也贯穿了我的一段青葱岁月，每一部电影也是一段人生的历史坐标。 所以这次重新看到像霸王龙、迅猛龙这些经典恐龙的时候，会有一种强烈的亲切感！ 而这部新出场的变异恐龙则是新朋友，特别是泰坦巨龙、风神翼龙，还有沧龙！让人大开眼界，也再次慨叹好莱坞大片对于世界观搭建和影像呈现能力的登峰造极。而杜比剧场的银幕以及全景声确实足够沉浸，得找时间再体验一把IMAX版本！ 而印象最深刻的还是畸王龙，视觉冲击力和压迫感都非常强，生吞直升机那段又将成为银幕经典场景了。而寡姐大战沧龙也让人疯狂分泌肾上腺素！ 最后作为江苏人，看到恐龙会时不时想起苏超垫底的常州，哈哈,0
通过下水道逃出去，这真的是太震撼了，不得不说男主对自由的执念克服了一切，即使待在监狱里，因为不断学习，没和外面的世界脱轨，他才能如此从容面对一切，甚至即使是在监狱这小小世界里自己也是主宰，所以说：学习很重要，学到老活到老。,0
陆川别再宣传八年磨一剑了，你八年搞这么个东西出来有没有可能你就没有孕育才华，你就不孕不育。摇摆的主角一眼到底的剧情，特效和上海堡垒平分秋色,1
臧姑娘的传奇人生，众所周知的辉煌被简写了，然而被聚焦的低谷与洼地，娓娓道来，其实更能令人动容，因为那不只是一个人的奋斗史，也是七八十年代香港的演化论，外来者格外艰辛，照得出市侩势利，也照得出古道热肠，乃至整个世道向上的微妙转变。最喜欢的段落是一屋人的守望相助，同是天涯沦落人，碰上了，帮到了，都是一搭手的工夫，也别小看这小帮小忙，往往动人至极的人情味、现今早不多见的情分，就都在汩汩流出。由红姐、糖水伯、华哥、双喜叔、珍姐等等好人搭成的基底，托起了饱受打击的臧姑娘，也给萍水相逢的过命之交做了上好的注解。因此哪怕故事转至秋凉，也总有春风在拂面，在渡人。由马丽望去，惠英红、袁富华、太保、江美仪、张达明他们，勾出了我自小着迷的港地市井人情，这样的群像，已经很难演活一遍了。,0
能拍科幻片了就是进步，虽然煽情尬得不行。,1
看得出王俊凯粉丝确实比鹿晗粉丝会做数据，上海堡垒才二点几，这部居然有4.5,1
韩国班底的特效缺陷很明显 本就是个情窦初开的故事 硬要配一个扁平毫无说服力的末世世界观 小分队还不如中国特供环太平洋,1
不够味道。| 2026.8.28 大银幕重温，四星不变。相比原著小说确实更加戏剧化、善恶分明，爽感更强烈，自由与希望的主题也更突出。这次发现了一个颇值得玩味的点：在压缩时间方面（安迪在狱中总时长由27年缩短为19年），瑞德最终于1967年获得假释，这个年份恰好是【新好莱坞元年】，那年有[毕业生][雌雄大盗][铁窗喋血]等标志性神作问世（其中[铁窗喋血]和肖申克的异同也很有得说），都聚焦反体制、迷惘与叛逆的主题，下一年干脆是全球反叛之年。某种程度上本片也隐隐暗合了美国历史（尤其是1947—1967），但没有[阿甘正传]大肆直露。这次重温更加有感于片中对【体制化】的论述与呈现，也更能认同老布和瑞德（亦是两次眼中含泪时刻）。PS：[基督山伯爵]与本片最后信中关于希望的句子高度契合。（8.5/10）,0
真人真事改编，马丽说自己与臧姑娘身上有相通的地方，独立坚韧，看完想说内娱又多了一个国民妈妈，看她调馅，看她包，看她煮，看她盛上来，一盘冒着热气饱满的水饺，真的快要把我馋疯了，马丽的样子就像自带语音包，“不够吃锅里还有。”马丽演的真好，好几个情绪变化的处理都很细腻，臧姑娘能创造出享誉华人圈的高端水饺品牌，是有大智慧，除了勤劳，多听多想多留意多改进，关键时刻做决定眼光长远果敢，这都是创业成功必备的品质。丈夫眼里是个累赘的普通女人，最终靠自己成为成功的企业家，除了你自己，没有人可以定义你！,0
【theatrical】路演场。恍惚间以为自己在看《七十二家房客》剧场版，完全就是非常电视剧的视听语言，某些效果甚至像是用剪映做出来的，香港/中国电影快完蛋了是有理由的,1
惠英红的包租婆看似刀子嘴豆腐心，偷偷垫付房租那段直接破防，港式烟火气里藏着最暖的人情味。,0
江南整天恰烂钱,1
202561 雇佣兵存活率完败平平无奇一家四口,1
之前Social需要先看了。如果出现拿独立日吹这个片子的真是伪科幻迷的典型，独立日是什么年代的片子了？20多年过去了啊。就因为这片子有抄独立日的镜头，学了打打打的老套路，就被利用着拿来吹已经2019年的中国科幻特效？给我们一些真正的新东西可以吗…当然肯定有人说两框这本来就是伪科幻结局愚蠢的言情小说。那电影言情方面的处理更有得吐槽了。情节和选人在我这里都是失败的，入不了戏，无聊。演员没演技的居然依赖旁白表意和时而对不上口型的配音。总之，科幻和言情哪方面都不满意，不考虑social效应的话无疑浪费了我时间。 为了一部无聊的影片不惜污染我的观影list写个点评算是偶发善心为了提醒和我一样对电影有一定要求的人。 唉，其实也很想和其他人一样不多说直接一星总结算了，毕竟这片子吐槽都不值得费笔墨。,1
骂烂片的同时也不要忘记骂王俊凯的演技哦 一如既往的烂,1
马丽太会演了！糖水伯你让我哭 11.17更，刚看到糖水伯荣获金鸡奖最佳男配！！！太好了太好了！真的太感人太会演了！！！,1
2019年在影院里最为煎熬的一个多小时……叫啥上海堡垒？叫上海屯还差不多,1
怎么说呢，你弄出来那一家四口的故事线是为了个啥，把他们全删了对剧情完全没有影响吧。大家看侏罗纪公园不就是为了看各种恐龙干架吗？最后的那条龙也太鸡儿难看了吧，脑袋上长一大瘤子，设计的跟穆托一样一点美感没有。,1
我很好奇到香港几年了还说普通话，真的能摆摊成功么？,1
"一部没有爱情与美女的电影,却光芒四射",0
2.5 鼓励一下往上拉拉吧。当然不是一无是处，但是看得很焦躁。其实科幻片里人类应该太空战狼还是充满敬畏没有说一定要怎样的。但不论最终需要传达什么情感，哪怕是最简单的亲人想要再见面，都需要循序渐进让观众逐渐产生同理心呀。这电影呢，夹住了就掰，卡住了就踹，急眼了就大喊，不爽了还放火，感觉所有的角色都脾气很差。不是一个好故事应有的继续方式。地球被推来推去暂且不说脑洞的问题，总之觉得可以完全讲的更好的。电影千万套，好看最重要。票价如此贵，钱包两行泪……,1
1.从特效和技术上讲，这应该是迄今为止此类中国电影的巅峰了。磅礴恢宏，细节营造用心。2.故事层面比较糟糕，很好奇到底出于什么原因，造成几乎超过40%的台词都是后配的，而且对不上口型，明显是片子成型后彻底改词重配的。这严重影响故事质量。3.作为类型片，很多讲述方式有明显问题，比如人物特征不鲜明，交代不清楚，刘启变成“刘户口”，这种启字的拆解为什么不交代?李一一变成“李长条”留给谁去猜?4.很多地方增加众多根本无意义的插科打诨，自以为幽默但毫无笑点非常尴尬。5.这个全球化的项目中，中俄合作，稍稍出现一句法语，两句日语，美国闪现一次国旗。6.科幻特效技术有了巨大进步，但技术这只是科幻电影的一部分。,0
确实是你能想象到的最烂的科幻战争片了，未来城市就是实拍了一堆上海高楼（并且拍得灰头土脸非常丑），再往上面P点三维影像、荧光屏幕，看起来特别廉价。外星人基本就是机器人，没有任何外星感；全球防御指挥部总共不到十个人，总之就是“外星人侵略地球，上海是地球最后的堡垒”这个最最最基础的设定都没能建立起来。主角从头到尾零性格零成长，根本没有任何存在的必要，最要命的是片尾曲还给我翻唱周杰伦的《世界末日》……在世界末日和这部电影之间我选世界末日啦！,1
难看到什么地步呢，刚看一半，朋友就说陆川应该跟王俊凯道个歉。是的，如果陆川有担当，我觉得可以再跟投资人道歉，然后对观众道歉。,1
不愧是好莱坞大片，一环扣一环，没想到最后不但逃生生天还偷偷把典狱长的贪污转移了出来，证据也送达了出去，帮助了曾经关心过自己的人，情节安排的巧妙，演员演绎的也好，是美国的，有爱国情节的我给打四分,1
导演给演员磕一个吧，全员演技在线，房东太太糖水伯金太太舞女非常优秀的群像，但导演你拍的是水饺皇后不是72家房客，前面大篇幅的群租房生态展示是在干什么？到底是怎么拍成这么平淡无聊毫无高潮的流水账跑马灯的，苦也不催泪赢也不振奋。马丽跟两个女儿相处的画面台词多次让我幻视央视“小鸭子”公益广告，宛如一个春晚插播的中国饺子文化宣传片。马丽的演技也让人失望，被惠英红袁富华按着打，从头到尾哭哭哭，哭得还毫无感染力，唯一演技“好”的是最后遇到糖水伯，衣着光鲜地拉着他的手，泪流满面中充斥着成功人士的“慈善”，非常真实,1
现在这些好莱坞大片都跟用ai套模版生成的似的…,1
降智电影，两个女儿一叫我就知道新恐龙要出现了，这么大沧龙近在咫尺，寡姐依然要看瞄准镜，可以钻过去的拦网，非要来上一剪子。你说他们胆大吧，见了恐龙都害怕，你说他们胆小吧，对上眼后都不跑,1
到最后发现老高说的领先好几年,0
1.5 浓浓的塑料机械感，宛如在看没有奥特曼登场的奥特曼==只能说没想象中烂吧(但还是打不出两星)。,1
剧情梗概： 太阳：滚！地球：好的 木星：滚！地球：好的,1
想问问陆川，顶着749这坨大的是怎么好意思说抓娃娃是“文化的悲哀”的？据我不完全统计，从剧情到人物到画面到特效抄袭了《毒液》、《蜘蛛侠》《X战警》、《奇异博士》、《沙丘》、《怪奇物语》等等，建议陆导把片子改为《天赋异禀变种人之我想当废柴》or《M战警之夜摩小子》or《怪奇物语之我重生在重庆》or《克苏鲁之我的五毛爪爪伸到山城》or《侏罗纪之翼龙变异》，效果肯定比749好，热血燃情的，能骗更多票房。,1
7。想象力和视觉构建上有很多了不起的地方，可惜剧作上的急促让人物严重扁平化了,0
什么都不说了，头发都舍不得剪，有军人不是板寸的吗？看看隔壁韩国小鲜肉们为了电影怎样塑造角色的。咱们还是资源太多，各种来路不明的钱大量进入影视行业，让所谓明星们拿到虚高的片酬，根本或者就不想有所长进。反正买不买座是公司的事，捞一把就跑成了常态，如此畸形的市场，希望有一天能回归理性。,1
多给一星，给女本位的电影，给臧姑娘本人，也给摆脱了沈腾的马丽。,1
4星，多一星鼓励。华语电影工业飞跃的节点，技术、剧本、精神内核，各方面都是全球尺度下顶级同行们的优秀学生水准。可贵之处就在于，作为先行者和新生代，能分辨什么是好的，应当学习的，并用十二分的力气把它们执行出来。比起科幻，我更看重和感动是它作为电影本身的意义，终于让我对华语电影有了一丝“总是往好里去”的希望。执拗、赤诚、勇敢、高贵——是的，甚至称得上高贵，负载着沉重的文化烙印，但依然元气淋漓，令人击节的少年。像那颗燃烧自己驱动前行的淡蓝色小球，向着茫茫宇宙，星辰大海，出发。,0
啤酒可以予你清凉回到自家屋顶，音乐可以给你翅膀飞越监狱高墙。鹤嘴锄可以在墙壁凿出自由之路，火山石可以在心头擦出希望之光。当久了牢笼里的乌鸦，已经无法去天空觅食。可是有些人终究属于大海，要去寻找能忘却回忆的太平洋。如果在存单创造了幽灵你就可以复活，如果在头顶刻下了墓志你就只能死去。,1
“你用的酱油一定不便宜吧” “你们这后厨比很多餐厅都干净”（大意）,0
那一家四口纯属没苦硬吃。在不知道有deadline 的情况下，那船是一定要在霸王龙睡觉时候去偷吗？不能等它睡醒离开后再去拿船吗？影片里面降智操作太多了，不管是人还是恐龙。,1
春节期间最大的一场烟花，是看你爸为你和地球点燃的宇宙爆炸，太朋克了。,0
傻逼丛生才是地球最大的灾难,1
这部电影只能证明我们的特效起步了，我们的科幻片还没有起步。,1
鹿晗：林澜，我喜欢你，用尽了最后五分钟的力气。舒淇：好好睡，晚安,0
走出影厅时，我身后一位女生跟她的同伴说了三句话：“这部电影剧情很一般，网上打分高大概是因为特效吧。而且为什么搞这么多煽情啊。”我同意她的看法。本片让我感觉最不足之处，那就是人、人性、人类文明和人文关怀的统统缺失。我看不到芸芸众生的人，看不到七情六欲的人性，看不到色彩斑斓的人类文明，我只看到各种硬伤的科幻设定，只看到各种未必高明的高科技，只看到国产电影最高水准的特效。可是，没有了人，这一切都是苍白的。当《后天》里难民们在图书馆里争辩要不要烧尼采的书、想竭力保护西方文明之里程碑的谷腾堡圣经时，这样的细节会让人肃然起敬。高度文明不是苍白得只剩下高科技。即便在最危难的时刻，我们仍然会想起某些永恒的人类文化母题，它们的价值超越了小情小爱，也超越了家国情怀，恐怕它们才是人类命运共同体的真谛。【仙桃剧角】,1
真是一部神奇的电影：一方面剧情无聊到让人想开十倍速快进全程，另一方面槽点又多到想在b站按帧看弹幕吐槽反复观赏20遍,1
是少见的女性创业奋斗题材，刻画的女性互助，母女关系都很好哭。但煽情桥段泛滥，没有节制地煽情，抢走了本可以处理的很有力量很燃的段落。 能看出资方塞了不少人，前面的群像在中后期完全消失，有点可惜，只有王祖蓝那段的“耀祖”让我们这场笑了一下。,0
《肖申克的救赎》中安迪的扮演者蒂姆·罗宾斯说：“这部电影传达的是长久赛，而不是即时的满足。很多人感觉被困在了自己的生活中，因为一个糟糕的工作，或者相处不愉快的伴侣，或者其他随便一个什么原因。从隐喻层面上看，电影向这些人诉说了一个理念，就是对于所有人来说，总有一处理想之地在等着你，终有一刻，你会达到那里。”,0
不为别的，就冲鹿娘娘这发型也就值0分了。演个军人连头发都舍不得剪？哪个国家的男军人可以留长发，还烫头？,1
全组无人对侏罗纪系列有爱,1
影院出来的过来人劝大家都别过来，看盗版都觉得浪费时间的片。看到这么多人骂我就放心了,1
好久没看过烂得这么酣畅淋漓的大片儿了……,1
我是来看恐龙的，不是来看一群猪犯蠢的。,1
为了看2来补1，好了，2也不用看了。,1
特效绝了，看完查了下，竟然是阿凡达和奥本海默的公司，那确实👍🏻👍🏻👍🏻 故事也很完整，拿到国际上都完全不输的一部商业特效大制作。,1
一家四口蠢的不行，多一星给杂交恐龙。,1
“我没罪”，“我没错”，这就是本片提供的巨型情绪价值。,1
太难看了…拍传记片但主角成长全靠外界，把每一次遇挫折都拍成一模一样的“哭、被好心人帮助、开始好运”套路，再加上没完没了的声音和画面闪回，完全体现不出主角自己的能力和韧性。 以上在叙事上的问题直接导致人物形象塑造完全失败，进而影响到片中所有的情感表达。本以为毫无铺垫纯靠角色自说自话的亲情线已经足够尴尬，没想到爱情线更是让人不忍直视，两个本来都很有魅力的演员在完全起负作用的角色光环加持下，演出了一段让人赛博厌食到想吐的异性恋感情故事。 剧情烂成这样，技术层面更是不遑多让，剪辑水平仿佛是没学过剪辑的人用剪映剪出来的课程作业，甚至比不上部分vlog博主；全片大范围地使用配音，多次出现对不上口型等问题，非常出戏。虽然本来也没入戏。 全片看点：每次出场都很有魅力的惠英红，以及穿警服讲粤语时的朱亚文。,1
看完了，749局不得不爆，太好看了！超级赞！！！,1
如果说没有先看流浪地球的话可以给这个剧3分，但是看了之后只能给这个电影1分了，差的不是一点半点了，对比太强烈。,1
749是吧，再送你一分，凑成750，刚好三个二百五，导演二百五，剧情二百五，表演二百五，拿走不谢。谁能懂我在影院里笑得有多大声？工作日下班累的不行但还是没忍住去看了这个，我觉得我真的是在犯贱。,1
所以为什么要说贾玲毁了中国电影？？？为什么没人说这些男导演毁了中国电影啊啊啊？,1
非常能共情。毫不夸张地说，我是从头哭到尾。,0
这个设定本身带来的那种悲壮甚至一丝浪漫感全被各种毫无节制的煽情和空到不行的台词给毁了 ★★☆,1
一张票可以看到《异星觉醒+降临+异人之下+哥斯拉+沙丘+阿凡达+侏罗纪世界+异形+EVA》就问你赚不赚…难看到有点心疼导演，这个项目本来就惨，结果故事还稀烂，八年时间换来粑粑一坨…,1
今天终于看到成片了， 是不期而遇的喜悦， 难得的一个好作品， 吹来一股清新之风。 在美学上， 在风格上， 在类型挖掘上， 群像叙事，多重关系，复杂矛盾， 在视听里， 在色彩里， 在最本质内心里， 积极阳光，温暖向上，很正能量。 章回体的形式， 多声部的结构， 组成一个和弦， 又不横向争执， 每一个镜头都很给力， 每一句台词都很到位。 节奏明快，浑然一体，色彩纷呈， 特别考验导演功力， 是一次特别的制作， 有一种特别的价值， 充满时尚性和青春感， 特别适合主流观众看。 创新意识的电影新作， 至真至纯商业艺术片， 给中国银幕带来新气象， 明年一定要参加金鸡奖。 第二届美国加州帝王国际电影节最佳影片奖 ——《流浪地球•逐梦银河系》,1
2星半。有许多一言难尽的地方，也有尚可入眼的地方，但总的来说，瑕疵太多内核太弱。还有，导演不会拍人。,0
恐龙太少了🫠 我进电影院就是为了看各种大恐龙……这个系列到此为止吧，别再拍了。我循环侏罗纪公园/世界第一部就可以了。,0
希望佐拉这样的女性角色多来，为财而来但是收到一家四口困在海上的消息要求掉头救人，看到变异恐龙要去攻击藏在下水道里的队员飞身滑进下水道营救简直不要太帅，强大理智又不失善良的女性力量我爱看,0
《流浪地球》之后，国产科幻电影的又一次新探索，《上海堡垒》的亮点在于大场面与细腻处都兼具。科幻战争场面的营造，紧张感和末世感的烘托，标志性建筑的加入十分具有代入感；而人类和外星人的大战，令观众始终处在一个紧张的状态。或许，我们说的“国产科幻电影元年”真的来了。,1
好片，但是远比这部片更好的还很多，大家整天把这部电影稀奇得不行，其实同年的电影我更喜欢阿甘。,0
劝大家别浪费钱去电影院了……,1
科幻片：请不要装熟谢谢。披着科幻片的皮拍爱情，纯属蹭热度。今年不是说科幻元年吗？怕不是要被《上海堡垒》搞成绝唱。,1
真的是”灾难”片....大家别踩这个雷,1
中国导演能拍出这样的硬科幻，看到这样的完成度，想想就激动，可以让人原谅一切不完美！说这部电影是中国科幻电影的元年自然是站不住脚，毕竟国内早就拍过很多软科幻，但说《流浪地球》是中国硬科幻电影的第一座里程碑，或者说中国硬科幻电影的元年，这是任何人都无可反驳的，它的工业化程度在国内绝对是前所未有的，是一部可以载入中国电影史的电影！其实中国观众对于这类型的硬科幻并不陌生，只是国内一直没有拍摄这种硬科幻大制作的工业基础，也可能是因为中国人没有这样的文化自信，找不到中国独有的文化语境，并不相信中国人可以去拯救地球，拯救世界。直到今天，终于有导演做了这件事情，而且做的非常棒，给中国的硬科幻竖起了一个很高的行业标杆，在中国人的文化语境里用中国人的方式拯救全人类，也一样可以拍的毫无违和感，一样燃爆！,1
《流浪地球》小说本就想象力丰富，让地球连同地球人一同逃难的创意荡气回肠、惊艳无比。 电影中的行星发动机很硬核，还原了小说中“雅典卫城神殿的巨柱”的描写； 地球启航产生的尾迹清晰可见，宛如一艘巨型飞船遨游宇宙之间； 北京、上海被冰雪覆盖气势磅礴；地木交会更是让人瞠目结舌，试问有电影能看到这样一幕？ 最后表扬一下片尾的《流浪地球》小说的特效，比漫威的漫画翻页片头还精彩。 电影保持了小说的整体框架，有一定改动（严格说其实是扩充），只拍了小说的前两章，最精彩的《叛乱》希望能在续集看到。 新加入的点燃木星很有新意，这种有创意的改动我还是能够接受。 《流浪地球》的上映填补了中国科幻电影的空白，意味着中国科幻电影正式启航，让“中国科幻电影元年”迎来真正的春天。 中国科幻迷从此不再流浪，因为我们终于有硬科幻了！,1
真的，就是没有美国人。,0
爱情台风，管他北南西东----顺义二院,0
这电影6.1？ 哪里不好看了我请问呢 作为一部爽片可以了吧 不甩隔壁老牛五方六十榨油三百条街？ 可能小中登独爱阿汤皮特那种皮都松了的老登吧🤷‍♀️,1
第一次期望结局是“无人生还”。 1.没想到吧，一块巧克力包装纸就能让一个基地报废呢 2.虽然我是个为了赚钱可以见死不救的反派但是这么长的故事愣是一点没立起来 3.虽然我打扰了霸王龙睡午觉但是只要躲到一块石头后面它就会放过我 4.充气阀上链接，我也想知道什么充气阀霸王龙咬不烂 5.当然要在采样到恐龙血后欢呼而不是低调行事啦 6.虽然我是一个见钱眼开的雇佣兵但是只要一个hot nerd科学家三句话我就能瞬间被说服 7.驯养恐龙？很简单啊，只需要甘草糖就可以哦。我当然不怕它的妈妈以及它的肉食天敌啦！ 8.霸王龙&异形:有人模仿我的脸！有没有人为我发发声啊！ 9.就算被杂交肉食恐龙攻击，只要我是个好人，它也会放过我的 不如去看《夺命三头鲨》，好歹有“嘎嘣脆鸡肉味”的爆浆人类,1
我甚至有种感觉，这是电影吗？节奏太拉胯，出租房里的每户租客都非常具有故事性，马丽这条线反而格格不入显得突兀，前面是苦难叙事，后面那是什么…？我预感，票房高不了…有一颗星是给我们山东水饺的，一颗星给其他租客的,1
像是把系列精华做了次集合大放送，从寡姐救人后剧情便开启了急速逃难模式，水里游的地上跑的天上飞的正常的变异的恐龙轮番登场，环境也从海滩到深林再到废弃乐园不断变化，减少不必要的文戏把重点放在奇观塑造上，从表现形式到内容都回到系列最初模样——恐龙才是真正的主角。好莱坞你回归爆米花才是正途啊！,0
这个编剧需要背大锅，太平淡了这个电影，所有的人物都非常的工具化，人与人之间的联系并不紧密，导致一切的感情都是非常的突兀，电影在最终的结尾出现了一个感谢所有的妈妈，但是女主一路走来，电影呈现的给予她最大帮助的形形色色的人，她妈妈占的比例真的很少，很突兀。 所有的配角也是哗啦啦，一下都消失了，那最开始搬进红姐的房子，营造这么浓厚的群像氛围是为什么？ 到底是想做一个什么样的电影，片方没有找准电影的定位，白瞎了这么多好演员，也白瞎了这么好的事迹,0
忽悠人看这部电影浪费时间，四舍五入约等于杀人。。。,1
太好看啦啊啊啊啊好震撼！特效制作的很棒！王俊凯演的好好，明天去二刷,1
还记得老brooks上吊自杀时心里有多难过。自由来的太晚，生命早已自行放弃。,0
但凡DeepSeek开个R1都不会这样。,1
这应该是这么多年五一档里最匹配劳动节的电影了，不仅是关于创业的奋斗史，更是对女性，对劳动人民的颂歌。在香港七八十年代大浪潮的沉浮中，从经济无着的单亲妈妈，靠着自己的双手拼搏，一步步用饺子征服香港，征服世界。它让我们看到了一个单亲母亲在困境中如何凭借自己的力量，为自己和女儿创造出一片新天地。只拿自己应得的工资，找回尊严，人可以穷，志气不能短。,0
铁血硬汉鹿晗为演军人忍痛剪掉三根头发,1
和大刘一起看的内部亲友场，感动！中国科幻电影的元年终于他妈的来了……,0
我怀疑他抄袭奥特曼，但我没有证据,1
臧姑娘的传奇人生，众所周知的辉煌被简写了，然而被聚焦的低谷与洼地，娓娓道来，其实更能令人动容，因为那不只是一个人的奋斗史，也是七八十年代香港的演化论，外来者格外艰辛，照得出市侩势利，也照得出古道热肠，乃至整个世道向上的微妙转变。最喜欢的段落是一屋人的守望相助，同是天涯沦落人，碰上了，帮到了，都是一搭手的工夫，也别小看这小帮小忙，往往动人至极的人情味、现今早不多见的情分，就都在汩汩流出。由红姐、糖水伯、华哥、双喜叔、珍姐等等好人搭成的基底，托起了饱受打击的臧姑娘，也给萍水相逢的过命之交做了上好的注解。因此哪怕故事转至秋凉，也总有春风在拂面，在渡人。由马丽望去，惠英红、袁富华、太保、江美仪、张达明他们，勾出了我自小着迷的港地市井人情，这样的群像，已经很难演活一遍了。三星。,0
这个电影不是在霸凌马山，是在拿剧情霸凌我。,1
希望有朝一日中国也能拍出这种有深刻人生内涵的电影,1
承认自己拍了一坨屎很难吗,1
严重受骗！从来没在电影院看过这么烂的电影。各种补配的假得要死的台词，不明所以的运镜和特效镜头，比流水账还无聊的故事线bug满天飞。你敢信能在电影里面看见和实时演算一样的掉帧效果吗？今天，我们的科技已经强大到能把反科学的事情变成现实了！快来这里见识一下吧！刘伟强你就那么迷恋香港的灯牌吗？起码翻来覆去拍了20个镜头。剧情真的恶俗至极，又想吃大女主的流量，又净写些“大不了还可以去卖”的裹脚布。女主角动辄对女儿大吼大叫是有什么毛病吗？你到底是爱女儿还是恨女儿？电影里的人物行事逻辑都不像正常人，有哪一个独自抚养两个小女儿的妈妈会想到要跳楼？最后，谁想看卖饺子的老板涂个大红唇尝饺子馅儿啊？谁想看？,1
所以恐龙也是势利眼，专挑存在感低的咬，不愧是被人类基因改造过的。以前的大boss好歹还有恐龙样儿，现在直接给我整异形出来了，好好好...,1
有娱乐到我，没有很差！热1说得对，我们恐龙爱好者即便是屎也要尝尝咸淡（X） 但是畸霸龙也太异形了……泰坦巨龙我喜，沧龙没看到爽。优点是没有硬给女主安排啥爱情戏份，与每一个同事都是清爽的合作关系。一家四口的线与剧情关系着实淡薄，我认为该归咎于佣兵小队主线过于简单，缺乏细节……有些元素我期待着结尾收束一下但并没有。另外不要把热带的动物带回家啊！！,0
救赎每次看都有一种新的感觉，没有什么能够形容我对他的崇拜，人生若是真的能自由自在的在日落的时候喝着沁人的冰啤，那该是多么美好啊。,0
没有人会不喜欢吧！书和电影都好。,0
一款非常适合消暑的解压大片，对前作进行了全面升级，故事线横跨海陆空，寡姐带队斗智斗勇。沧龙海上团战，风神翼龙悬崖险战，畸王龙基地大逃亡一波接一波的惊险刺激看了个爽。加上因为导演拍过《哥斯拉》，所以在恐龙片里撒上了一点怪兽味还挺带感的，在氛围这块完全拿捏。老粉看得一本满足因为含龙量超高，新观众也友好毕竟海陆空恐龙大战还真的得侏罗纪才能看得到。,0
没有亮点，没有逻辑，没有正经恐龙,1
虽然原著风评极高，但电影其实还是按照最常见的那套类型片的模板在拍，最后干脆用剪辑伎俩让吴京挤出了马修·麦康纳式的两行泪，相比大家的野心，吴京这一哭确实有点太没诚意了…不过放同类型片堆里，这种级别的体量除了好莱坞大概也只有不差钱的中国电影人能搞出来了，当然话说回来，想必主要还是制作方会省钱…地球部分更像是过往灾难片的元素集合，空间站部分赶不上好莱坞顶级也能把俄罗斯近几年拍的那批太空片甩远（加分项），无奈剧情上逻辑打脸的地方仍旧太多，另外，近一半的台词和口型对不上是咋回事？,1
逻辑弱得像个网大，可预测性高得离谱，甚至透着一种经济下行的味道。,1
💩,1
就真的，三分不能再多了。我很失望😞电影改编得面目全非。刘慈欣最精彩的是他的科幻的形吗，是吧，但除了他恢弘的宇宙想象外，更精彩的是对人性的洞悉和对社会形态的观察力。这些电影全都自我阉割，根本没打算要拍，即使自我降维打算拍成美式爆米花电影，却又连故事都讲不好，硬挤尴尬地笑点和煽情，人物全都莫名其妙的缺发动机。书中有侧面描写过为什么最终计划倾向于地球派而不是飞船派，电影连这一茬都不打算提，难道没看过原著的人不会困惑为什么要拖着个大地球满宇宙跑而不是靠飞船高效移居吗？连爆米花电影的水准都做不到，为刘慈欣不值，可别再想着拍三体了吧[微笑]最后居然还改成吴战狼的个人英雄主义，吐了，真的。,1
人的生命不过是从一个洞穴通往另一个世界..然后在那个世界的雨中继续颤抖.i hope,0
从九州缥缈录到上海堡垒，完全证明了江南作为公司老板之一和编剧，只希望尽快消费自己的作品，赚取最大的经济利益。连自己亲手写出的作品都不重视，就不要怪市场教他做人了,1
QQ飞车装这种翅膀是组不到cp的,0
策划了19年的私奔……,0
北京环球乐园的水平,0
为没有把邓肯写死打五星,1
就这个特效爽！！！！看完后悔没有看imax了。。王俊凯咋这么帅，三个月上三部电影，部部帅得推陈出新的，我眼前一亮一亮又一亮,1
从最开始的卖花夫妇送她去香港市区，红姐表面严厉却暗中宽限房租，糖水伯暗中补贴提供摊位支持，臧姑娘的成功离不开一路上各位良人的相助。这部电影最可贵的是它表达出底层女性也可以不用被强调性价值与生育价值，也可以被当做一个有野心、有追求的独立的人看待。臧姑娘没有和华哥一起去加拿大，也没把包了硬币的饺子煮了给他，我看到这真的是完全松了一口气。臧姑娘说：“我的命在我自己手里”，马丽在长期给男演员抬轿、在由男性主导的喜剧界扮丑卖笑多年以后，也终于在自己的演艺生涯里拥有了一次掌握自己命运的机会，诠释商界传奇人物臧健和的一生，戏内戏外都形成了巧妙的互文。“把女人当人来写。”只此一个如此简单且呼吁了多年的要求，至少《水饺皇后》做到了。不过结尾太突然了，看得我意犹未尽。,0
请公开鹿晗片酬,1
陆川嘲讽抓娃娃的时候 有想过自己拍出了什么狗屎吗,1
本应是九层妖塔2.0，实则是九层妖塔0.2，国产片一旦涉足怪兽元素有一个算一个全是网大质感，配上一水的流量综艺咖，简直天作之合…八年折腾，没有阿凡达的命得了阿凡达的病。一堆仓库片挤在国庆档上，是对自己质量没底气，还是对祖国母亲没诚意。,1
看得我非常迷惑与尴尬的一部片子，前半部分是莫名其妙的煽情和苦难，后半部分又突然变得无比成功和幸运，作为个人传记生硬浅薄到如同营销号发的介绍视频加长版，没有任何让我感受到人物非同寻常的闪光点，作为反映时代变迁的片子吧前后呼应的情节几乎没有，一切的一切都是如此的莫名其妙。。。。,1
类似中国版的好莱坞科幻大片，双线并进的叙事、最后一分钟营救、孤胆少年丧失“导师/父亲”后的成长与力挽狂澜、凭借爱的力量超越纯理性计算来拯救世界等均是世俗神话标配。尽管剧作&台词（各类尬点常突然浇灭酝酿好的情绪，妹妹角色几近多余）、剪辑（电梯戏最为混乱潦草）、配乐和表演都有许多问题，但按我在电影院的观感，本片仍然属于值得一看的。在套路和尴尬煽情之外，有几处情绪仍旧踩到了正确的点，荒凉与绝望的氛围甚而胜过了最终大团圆的喜感。视觉特效尤其出彩，各种科幻电影的影子都汇聚一堂，比如《2001太空漫游》的Hal，《银翼杀手》似的颓废地下城，以及《后天》式的冰封世界等等。或许，我们的国产科幻片仍有长长的一段路要走，但这片的确带来了些许希望与曙光。（8.0/10）,0
都2024年了，国产怪兽电影怎么着也该崛起了吧？没想到啊没想到，最大的怪兽叫陆川。如此匮乏的想象力与过期的视觉呈现，全篇最具有视觉冲击力片段的可能也就那几张怪兽素描了，人家《沙丘》都拍两部了，你这边整上沙虫了？那怪物跟大粑粑撅子似的，再加几只鸵鸟，没了？749局花费大量人力物力，又第三小队第八小队又测试又吃药的，这么大阵仗闹了半天就是想让王俊凯飞起来，你有这个时间你不如找神鹰黑手哥吧！你找这么多演员说这么多废话，是因为他们需要交社保吗？去掉三分之二的演员片酬用来做特效，减少那些故作高深的对话，不行吗？我们想看的是《深海异兽》《异星觉醒》！谁他妈的大过节要看《拜托了！局长》《飞翔吧！凯子》《别管了！叔儿》《快走吧！婶儿》。拜托了，陆川导演和演员们，你们再这样占着茅坑拉大屎，什么局也救不回来了。,1
这部被称为《刺激1995》的影片在中国影迷间也有极好的口碑，可见电影超越国界的神奇之处。,0
流水线的设定，似曾相识的套路，致敬经典的场景，不过还是挺好看的啊，差评说恐龙戏份少的是想看纪录片吗？全程紧张刺激，恐龙一个接一个，根本没停好嘛，评价为仅次于公园1、世界1，并不为过。,1
侏罗纪最惊悚最恐怖的boss登场了，畸王龙这款基因产物的失败品，看一眼都会做噩梦的存在,1
剧情雷，台词尬，特效假，逻辑无，。。。我希望中国能出优秀的科幻（科学幻想）片，而不是幻科（幻想科学）片。。。,1
这次可谓恐龙观止：硕大的银幕上恐龙上山入海，毁天灭地。沧龙这次带着两栖类棘龙首发登场。先声夺人之余，我们该明白所谓的征服自然，不过就是另外一种形式的融入； 霸王龙增加了游泳场面，有种老虎毫无困难爬上了树的惊恐，无路可逃才让更让人肾上腺素分泌，人定从来不能胜天，人定最多勉强做到逃出生天； 蝠翼迅猛龙虎视眈眈，择人而噬却被翼龙一波带走：大佬求带，大佬收下膝盖； 泰坦巨龙的恩爱算是让卑微的人类除了惊恐多了机会：流泪。那么巨大的爱，那么巨大的温柔。 风神翼龙和畸王龙（D-REX）更是让人知道什么叫做跑不掉，完全跑不掉。能跑掉就是因为有人跑不掉。 侏罗纪世纪·重生绝非什么侏罗纪4，即便你是第一次接触这个世界，依旧丝毫不会影响观影节奏。：普通的恐龙普通人已经不要看了。那么，看更为惊心动魄的恐龙就是了。,1
原来环球乐园里的项目都是这样来的……,1
九点五十的电影放了一个小时我已经如鲠在喉如芒在背如坐针毡，烂得让人想笑,1
知道💰难洗，没想到这么难洗,1
不太懂这个系列翻新是什么意思更不懂这个重生副标题rebirth在哪里，除了对老三部情怀ip的不舍一无是处。开篇就是俗套至极的事故介绍，没新鲜感也没体现变异龙多震撼。前三分之一更是废话连篇，他妈的加导你拍哥斯拉都知道怪物中心高潮大战，整侏罗纪全是人类烂戏。中间插的一家四口更是毫无意义，四人干最难的副本刷最强的怪走无伤的关真赢麻了。后半段也就是怪兽片模版化流程，论惊险不如厨房迅猛龙，论血腥不如双霸王龙，普普通通平得可怕。铺垫一整部的变异龙除了小反派对主角团零伤亡，连个正儿八经恐龙打架也没，我看个大头娃娃揣俩小手cos老奶奶过马路呢？这部电影我能看到神奇四侠的一家四口Family也能看到阿里超人般的生存力就是看不到侏罗纪世界，合着你给七月份俩竞争对手打预告呢？斯嘉丽约翰逊你不要再扎贴头皮丸子头辣！,1
虽然上映前嘴上说着不看，但最后还是去看了…… 我给打两星，都算是拉高上海堡垒评分了😂 鹿晗同学，答应我，好好唱歌，别再去祸祸电影电视剧好吗？！,1
你甚至不能将其称之为电影，这就是一个大幻灯片,1
也就看看特效了，一家四口本质上是给主角团的冒险增加难度，毕竟没他们四人，取样本实在过于顺利了，只是可怜龙套们了，纯粹就是来给恐龙换口味的,1
“这是一部男人必看的电影。”人人都这么说。但单纯从性别区分，就会让这电影变狭隘。《肖申克的救赎》突破了男人电影的局限，通篇几乎充满令人难以置信的温馨基调，而电影里最伟大的主题是“希望”。 当我们无奈地遇到了如同肖申克一般囚禁了心灵自由的那种囹圄，我们是无奈的老布鲁克，灰心的瑞德，还是智慧的安迪？运用智慧，信任希望，并且勇敢面对恐惧心理，去打败它？ 经典的电影之所以经典，因为他们都在做同一件事——让你从不同的角度来欣赏希望的美好。,0
像是个游戏剧本改的 3个任务1个boss,0
这次真的不是靠恐龙噱头撑场面了，每一场打斗都很有设计感。比如那段码头大战，水雾+低光源+恐龙身影一点点靠近，完全拍出怪兽片的质感了，就这拍摄水准，已经不是系列的续集，而是进化了。,0
谈不上大烂片，而且大概能预料到会是这种经典港风奋斗叙事，但真这么拍出来还是觉得，既然创作上这么不思进取，又何必拍出来呢,1
都什么年代了还在歌颂苦难勤劳就能成功呐,1
两星给国外的特效团队吧...这部电影对当局的刻画还是挺准确的，编制、社保、户口字字锥心。说是怪兽片，可实际的怪兽画面很短，王俊凯的火翅膀一出来，我以为知音漫客封面照进现实了...网络大电影的水平，别圈钱了，不如去看志愿军，而且没必要通过七八十年代的装修来凸显是中国特色的机构吧，故事设定是未来啊....,1
真的是国产科幻片里前所未有的级别了，可以说是太空版的《红海行动》，不论是优点还是缺点，都完全是想象中刘慈欣小说拍成电影时该有的感觉。吴京这把还真的不战狼，战狼魂都传给儿子了，不过他和屈楚萧又不太父子，更像是什么养成系gay couple……,1
在豆瓣第一部想打负分的电影，整的一个巨大的莫名其妙乱七八糟，每一秒都是槽点，十分怀疑导演的精神状态。,1
我发现影史顶尖的作品，都反映了人的执念，一种笃定一切的意志力，这种意志不被人理解，但让人佩服，因为大多数人不敢付出这样的代价，他们不敢相信这一切的价值。自由和希望，就是每个人活着的一根弦，绷着就能生，断了就得死。所以“要么忙着去活，要么忙着去死”，在于选择。如果你愿意相信自己会是那只光彩夺目的鸟，那你就不可能被困在牢笼之中，因为安迪的牢笼是他自己打开的。,1
喜欢这种传统的冒险小队模式，而且不该死的都没死，爽。除了最后的变异龙太丑了像异形之外，展示了海陆空各种龙，惊悚感有，特别是声效惊悚，爽了。,0
豆瓣能不能出个负分机制？看完觉得在电影院骂陆川的都是有涵养的，要是我在电影院大概想冲上去掐死陆川。,1
被一个朋友拉去看的，她请客。全程我都在玩手机，实在看不下去。剧本太烂，谁也救不了。影帝来也一样吧！,1
绝望里长出的希望能带来无限的勇气,0
干脆叫中国水饺，和中国机长、中国医生凑个三部曲就得了。,1
怎么可以这么烂。从开场第一分钟就开始烂。不是包装纸把门夹到了，是脑壳被门夹了。,1
从某种程度来说，这部电影还是有划时代的意义的，它象征着粉丝向的鲜肉担当电影末日的到来。资方在这部电影以后应该也明白了，拉一些小鲜肉（其实说实话，年近三旬的鹿晗已经不能算小鲜肉了吧，最近的照片各种油腻，为什么粉丝还总是叫他少年少年的？不害羞吗）来出演电影就想骗一波钱的烂片时代已经过去了，以后能打票房的只能是在质量上过硬，遇火炼真章的那种，作为一个时代的完结，《上海堡垒》还是值得被人铭记的。,1
很容易对恐龙电影满足，虽然基本都是老套路但看的很开心。女英雄加男花瓶太棒了，本来不看好这选角但看完觉得比星爵版好很多。恐龙世界谁会死死多快真是简单明了，乱扔垃圾都会死很快哦，当然也有英勇牺牲的配角，最后也是包饺子，但作为暑期大片非常合理了。,0
我喜欢！这次全新系列的《侏罗纪世界》是真好看啊！！把星爵演的上一系列败掉的好感全救回来了。星爵系列的侏罗纪世界太爆米花、合家欢了，完全丧失了《侏罗纪公园》系列的惊悚冒险。不夸张地说，这次真回归了第一部《侏罗纪公园》的惊险惊悚和感动（？）节奏张弛有度，含龙量充足，大演员能力强，小演员不烦人。 恐龙爱好者狂喜！强烈安利并期待后续几部！ btw斯嘉丽片尾逃出侏罗纪岛屿后，比片头看起来老了十岁。 我经历了惊喜、无声尖叫循环后，离开电影院时也比进去时老了十岁。,1
地球不需要伪娘来拯救,1
父亲们一定会喜欢的电影！为人父亲的人生理想被表现得彻彻底底：1说什么都是对的；2不带孩子还能天天教训孩子：3临死前也能教育孩子。（后半段煽情点太多了，都麻木了）,1
如果在30年前做这个选题，让当年的刘伟强拍，说不定会有很多可看的，放在现在拍，时代在变人也在变，就像拿出一盘冷冻了30年的水饺，解冻后只能是一盘变质水饺。,1
一星献给电影，一星献给舒淇，一星献给不怕赔的投资方，有了你们我才知道什么是人傻钱多，阿修罗和封神传奇还不够警醒吗，你们就当国产电影崛起的雷区警示牌吧，挺光荣的。,1
中国电影之耻,1
估计马丽是看沈腾拍了《逆鳞》，觉得自己要是不拍个一样水平的配合一下会显得不太有哥们儿义气，所以特意演了这么个也烂得很均匀的片儿,1
4岁的儿子问我：“爸爸，坐轮椅的人怎么到山顶上去的”，我竟无言以对。,0
一堆人整了俩小时尬的不如两条老龙用脖子比个心,1
高中第一节心理课。“有一种鸟是关不住的，因为它们的每一片羽毛都闪耀着自由的光辉”，但后来不幸成了我的逆反宣言……哈哈哈。,0
。。。。如果这玩意做成一个那种游戏过场cg那我很乐意看。。但这玩意拍成电影。。。乳恐龙了哈。。。。。。。。。。。一眼就能看出哪些人会死哪些不会死，甚至那种必死的关头都是不会让他死的。都什么年代来最后居然还来阖家欢大团圆？？？boss龙长的太丑了。。。真的丑哭了你想让我们龙迷彻底崩溃吗？？！！难看啊啊啊啊啊啊啊啊难看 前几部看的时候可能年纪比较小我都觉得还行至少所有恐龙都很帅。。。但这部。。。。。到底想干嘛,1
毫无逻辑的剧情，生硬尴尬的表演，这是一部很标准的烂片,1
木星都被你们地球人点燃了…… 还要我说什么？？？ 《流浪地球》挺硬，但序幕往后，越来越糙，人物情感和煽情模式太套路。中国能拍科幻片，中国是主场景也不违和。可强调中国心、以（过年）回家之类的观念灌输，实在吃不消。 举例其中几场戏：上海电梯救援和初中生演讲感动全世界，完全不知道在拍啥，实实在在瓦解掉了开头上地出城的高大上感。反复的亲人泪两行当然可以，但一直用，就有点无解——更像反复要在现实中国和银幕科幻的联系上耍聪明（这一切也可以被注释为第一次见到中国城市被毁灭云云）。一直来这套，实在对不上地球死了几十亿人的悲剧感和极度寒冷，说来说去，也只是一堆数字。记住，电影评价也得有洛希极限。,1
我觉得中国这些人拍点电影，啥时候变成这种短视频短剧形式的切片合集了？一点点深度也没有了？太快餐了,1
从各个方面来说都是一部好看的类型片。而最特别的是它是一部国产科幻电影，影迷+科幻迷的双重满足。和最好的好莱坞视效电影相比肯定有差距，但差距已经是肉眼可见的了，剩下的都是假以时日就有机会追上的。追求最广泛的情感共鸣是所有商业类型片都要努力做到的，在某些人看来很俗，但我觉得这一点反而应该是值得骄傲的。,0
好的电影值得所有人反复观看，这就是一部。,1
整部片子的人物都刻画的非常好，故事线很完整，而且主角演技也非常在线，特效简直绝佳，无法抗拒热血且群像的片子，给人观感太棒了。,1
何为救赎？只有重燃人们心中的希望才能救赎。有希望才有一切可能。即使环境再恶劣，安迪都没有放弃，坚持不懈的写信为大家换来更好的图书馆，帮助有需要的人拿到高中文凭使他们可以在社会上有生存能力，就算知道会惹怒看守也想让人们都听到美妙的歌声，点燃希望之光。有一种鸟儿是永远也关不住的。,0
想吐槽的地方很多，但其实算是春节档里不多的想正面肯定一下的一部片了，一些地方很有诚意。没想到里面的吴京不是最讨厌的，而且他最后爆炸了，可以给个不吹不黑、中正平和的三星好评了。,1
我最喜欢的电影,0
刘启韩朵朵，地球给你俩了，毁灭吧，赶紧的，累了。,1
这位青岛大姐说话一口东北味儿，卖的是北京水饺。当然对于咱北方人来讲，这仨地儿的饺子确实也没啥区别，但这电影拍得也太宣传片儿了，就生砸情绪啊……,1
【D】说一个很有意思的点吧:鹿晗是主角没错，可很奇怪的是，每次只要有他的戏份，镜头大多都是远景或中景，很少去把镜头拉近对准演员的脸。我想，这是不是也代表着主创自己心里也有数呢？当然，就算是近景特写，演员当时所传达的感情大多也是正常的“平（si）静（ma）脸”，唯二两次大幅度的情感波动，只能说是惨不忍睹。 为了凸显出主角的情感表达，本片大部分用的竟然还是鹿晗的旁白。你们可以去想象一下那种临场感受，简直绝了....,1
披着独立日科幻战争大片的外衣，内核还是纯爱片，还是鹿晗配舒淇...太可怕了。不是说两个类型不能融合，而是两种画风完全不搭，美术设定一通胡来，口型全都对不上，除了特效就是绿幕前摆摆动作+鹿晗画外音独白，给人一种真空塑料人打VR游戏的感觉。看完才知道《流浪地球》多么可贵，这《上海堡垒》又倒退回去了。只能说下了多少功夫、有多少真心都是能看出来的，观众不傻，跟风投机、流量撑票房的时代一去不复返了。鹿晗演技还算有点进步，相比之下舒淇可能更迷（也怪角色太花瓶），就是，鹿晗咱都是军人了染烫厚刘海可不可以剪剪？,1
因为是马丽所以打四星。实在很难没有广告片的感觉，加上片头的广告贴片更是如此。传记片不是流水账的借口。故事的节奏以及编排都有很大问题，更不必说粗糙的字幕和生硬的配乐。最完美的剧情设计在于该片的母系社会，最好的一场戏是惠英红和马丽深夜吃虾面笑着落泪。还是期待《好好的》吧,1
强忍着前面的九十多分钟撑下来没想到还是没躲过片尾曲带来的重击，求放过我们家杰伦吧谢谢您嘞。,1
人类中心主义真烦人啊,0
工伤赔偿怎么就不是应得的了,0
【————！！全篇剧透！！————】 哎，看哭了5次：潘队牺牲时/路依依牺牲时/曾煜牺牲时/林澜牺牲时/最后江洋收到林澜回复的短信时。真的很好看！特效真的真的贼棒，场面极其震撼，母舰甫一出现攻击防炮御时，炸的我头皮发麻。后面还有一幕，捕食者在大家没注意时突然闯进指挥中心（好像是？），把我吓得从椅子上跳了起来，眼镜都飞了（因为我近视，眼镜上面还戴了3D眼镜）然后手忙脚乱扶眼镜。哭了好几次，找纸巾擦泪时有的片段可能错过了，后面一定要补回来。 这电影真的看得超级爽！特效完全可以！,0
非常失控和粗陋，甚至存在宣传诈骗，谁能想到有一半的篇幅交给了先期近乎从未强调过的路人一家，难道是考虑到约翰逊和阿里等人的高昂片酬和宝贵档期所以强行安插进这一家人来填充时长吗，对主线推进毫无作用基本全程游离在外且总是通过父亲和大女儿为代表的白痴对白和愚蠢行径拉低全片智商实在讨厌，但的确可见成本的制约，最终恐龙互殴这样的保留节目竟都被取消，尾声日出海面上跃起的海豚那段合成镜头的低劣就更别提了，爱德华斯的表现也是让人又爱又恨，虽然大部分时刻不走心但稍微用用力又很见水平，然那几招却又都是旧套路：备受赞誉的泰坦巨龙求偶复制成名作《怪兽》；畸王龙烟雾中火光隐现来自14版《哥斯拉》，此外再粉几段《大白鲨》和《夺宝奇兵》讨好下斯老板，总之太懒惰未能再现《AI创世者》那般独特的演出想象力，只能靠胶片摄影兜底。,1
一定会有人来较真儿，不过尔尔。但就是喜欢以及尊敬。人类有两只眼睛，既要关注当下，也要眺望远方。赶长路总得看得远些，多点夸父追日的浪漫，就能多点愚公移山的可能。【流浪地球】是个不断在两个坏的结果里做选择的故事，希望是唯一的标准。说是科幻元年，意味着一片荒芜百废待兴，而出发的决心和勇气，赢得的将不只是尊重，因为今天就是明天的昨天。最喜欢片尾的那段话，我们是个缺乏谈论普世价值基础的社会，但希望和勇气，总是可以也应该说的吧。,0
“科幻元年”之后当然是“科幻一年级”，你还指望中国电影一下进化到2019年不成？,1
烂片，只有演技能看，但是又没有什么演技高光时刻，全片完全没有故事性，也不考虑人物行为之间的逻辑性，女主的困境明明回内地就可以解决了，她一直在香港倔着苦到要自杀了也不肯走的原因是什么？不能让观众信服。她的两个女儿明明是山东人，面对不会讲粤语，也听得一知半解的妈妈竟然开始讲粤语，很迷惑。然后全片尬演母女情，可女主卖饺子根本是因为自己活不下去了只能卖饺子，饺子也改良了很多版，早就不是一开始妈妈教她的那种做法了，和传承妈妈的味道有什么关系？真的心疼妈妈就不会只是寄钱了，几年才回去一次，连妈妈生病了都不知道，自我感动的大孝女。女主和两个女儿的母女线更奇怪了，女儿明明都很懂事，可是女主有任何不如意都是发泄在无辜的女儿身上，事业起步后只知道饺子饺子，和两个女儿根本不熟的样子，结尾还非要带着女儿回忆往昔。,1
看了一下给好评的基本都是王俊凯的粉丝，昧着良心说大话哈哈哈哈哈哈哈可见现在流量208粉丝现状。问题是再怎么刷好评也抵不过路人真实的评价，什么时候粉丝才能明白路人对于电影的抨击不是针对你家爱豆的，纯粹是电影本身。这种时候不默默的割席，还上赶着找骂是不是有病？！,1
片中設定其實也與戲外的困境如出一轍：恐龍都「復活」三十多年了，人們早已興趣索然。何況那作為恐龍變種的哥斯拉又大行其道，要重新令觀眾買賬，真是談何容易。,0
剧情淡的像是个大型广告片，怎么请一个东北人来演山东人啊，整部电影从头到尾不讲山东话也不讲广东话，这么多年了带的两个女儿都会讲了，整部剧都在说粤语，朱亚文都能说两句，就她一个说普通话，感觉像游离在电影之外的一样。,1
中国科幻电影给我崛起！！749可以出系列了，真的很不错，从剧情特效到演员喝流畅度无短板，看的太爽了,1
特效不错，在国内科幻里面，也是走在前端的，主要以战争为主，鹿晗和舒淇小姐姐的感情戏不多，刚刚好，看到“收到”那个短信时的略微遗憾和感慨，以及最后舒淇回头之后的笑，非常甜~,0
真难看啊，没有一个人类角色是讨喜的，每个人都很讨人嫌，特别是一家四口，谁他妈要看你们在这里family，谁想看瘾君子洗心革面，有病啊，一家四口一个没死，该死的就是导演，滚啊，预告里一个镜头没有，正片占一半，诈骗是吧,1
看完电影第一感觉，鹿晗唱歌真不错！真的！多唱歌吧！,0
25年暑期档影院看的第一部电影，并没有别人说的那么糟，就算一部合格爆米花电影吧。那一家人也没那么作死，和其他人完全是两条线。遗憾的有两点，一是本来是一部恐龙片却到最后妥妥变成了异形怪物片；一是寡姐主角光环感欠缺，没起到多少力挽狂澜的作用，人物弧光也不足，她那些痛苦往事也没再引申和升华；配角们塑造也欠缺，死的那几个都没有其性格的铺陈，所以显得死的都很草率……,0
1994年台湾引进了一部比较卖座的老片The Sting，被错译成了《刺激》。到了1995年本片上映时，片商觉得其剧情与《刺激》有类似的地方（大概都属于高智商的复仇？），因此被译成了《刺激1995》，1998年又有一部片子Return To Paradise因为含有牢狱情节，被译成《刺激1998》！ 说起来，自打高一时看过《肖申克的救赎》，男主角安迪的精神就持续影响着我，成为我价值观的一部分。那种持续不断给有关机构写信申请图书馆的精神，那种拒绝“忙着活，忙着死”的人生的精神，那种迫不得已作恶却良心不泯正义终彰的精神，那种享受生命中每一刻微小的美好的精神，那种在困境中梦想着远方有一小块属于自己乐土的精神，那种甘于平凡且活得自在的精神。一言以蔽之，那种属于“人性的光辉”的精神。【新天地828】,0
X战警、异形、降临、EVA、九层妖塔…融合了各种元素的怪胎…多一星给陆川的努力,1
？？？最后打母舰那里，怎么那么扯淡，上海大炮由于被损坏了，然后就无法锁定外星人母舰，竟然还能被动锁定了鹿晗的战斗机，然后鹿晗驾驶着战斗机冲向母舰，最主要是母舰旁边都是外星人的战斗机，以上海大炮的威力，还有那么多外星人围着，然后鹿晗竟然没有死，被弹射出去了，这还能再扯淡一点吗？上海大炮那么大的威力都搞不死鹿晗，这主角光环也太牛逼了吧？？？？？？,1
包饺子从一个春晚梗变成了一部120分钟的电影，对此我感到大受惊吓……但袁富华还是演挺好 ps大女主这词现在是跟苦情卖惨绑定了吗 pps为了强调大女主独美特地写了个舔狗朱亚文真的大可不必啊,1
我一直不知道该如何形容我对它的感觉，现在终于找到了一个词：最炫民族风。,1
毋庸置疑，《上海堡垒》是部烂片！虽然没达到全方位烂，但已经很接近了。他的问题在于剧本（人物、情节、冲突等等）不讲逻辑，放飞自我。特效和形式跟《变形金刚》都没可比性，更别说《星球大战》了。演员全员面瘫式表演也非常尴尬，当然并不是说鹿晗、舒淇演技差，要怪只能怪片子角色差。 都说今年是中国科幻元年，我觉得这部片子可能是来蹭科幻元年的热点来了。因为作为科幻元年的第二部科幻片，烂成这样，必然是对中国科幻的一次信心打击，中国科幻其实也蛮努力的，但优质资源和资本都被一群不懂科幻的人占用的时候，是不是特别上火？回头看，才发现《流浪地球》真的不容易。我们的电影市场已经不是前几年烂片随便五六亿的时代了，来玩票的确实应该好好思考一下了。,1
"Hope is a good thing, and maybe the best thing of all.",0
陆川真的让大家超值！你可以一张票在这部电影里看到《异星觉醒》《异人之下》《降临》《超人》《X战警》《九层妖塔》《上海堡垒》《明日战记》《阿凡达》《长空之王》《我们诞生在中国》……还能感受AI换脸的先进技术，陆川他超厉害！,1
真的不喜欢，不好看，没感觉,0
摒除当下“保护主义”盛行所附加的“降低标准”、“一星鼓励”，这就是个三星偏低水准的作品。制作层面在当下中国电影工业而言是很亮眼的，大概达到了好莱坞二十年前的水平。剧本故事完整，三幕结构加双线，很标准的路数，最大的欠缺是人物扁平，没有能让人记住的角色，（演员表现比较糟糕）也让整部片子显得有些闷。导演很粗暴也很潦草，“饱满”的配乐听上去大都是高仿的美国货，鼓点都差不多，当然这都是行业惯例，不过直男煽情还是得多练习一下。最后从科幻层面而言，这部片子“硬科幻”定义的有待商榷。,0
最后奔跑拥抱那里真的好感动。,0
你弄个上下部也行啊，头重脚轻，后面赶进度一样，非要卡死了片长两小时？超了扣钱？作为传记片水饺皇后这个人物真的很好，香港的狮子山精神，很多出彩的配角没有给发挥空间，全是优秀的香港演员，糖水伯，张达明，大B哥，一手好牌，真的无语，有一说一，51档第一没话说。,1
上海堡垒这个片子，真的挺好，演员演技十分出色一看就知道他在演。虽然是配音，但是有特别多的地方都对的上，最需要夸赞的就是特效，相当震撼，一看就知道是特效。强烈推荐大家去看一看，毕竟冤枉钱不能我一个人花。,1
那个翅膀像20年前的qq秀,1
大ip+流量明星的模式已经骗不到钱了。,1
56/100 口碑扑街一直是意料中的事，看了预告片更确信了，但还是忍不住去看了首映，就这水平宣发还一直拿来跟《流浪地球》比，我看五分之一都不及……,1
真的好好看呀，对得起它那么高的评分，我要找小说来看一遍了,0
近年来侏罗纪系列最佳，找回了童年看《侏罗纪公园》那种惊奇、惊悚的沉浸感，以及故事快结束时劫后余生的温暖感觉。,0
期待了好多年这次终于能看了！特效很牛特别燃！国庆就应该去看科幻大爽片！！！,1
王俊凯粉丝就是烂,1
安迪用一把小锤子挖了二十年，挖的不是监狱的墙，是心里那个“我配得上自由”的念头。 真正困住一个人的，从来不是监狱，不是工作，不是朝九晚五、车贷房贷，是他觉得“认了吧”的那一刻。 真正的监狱从来不是有形的围墙，而是我们心中对体制的臣服。 当我们学会在绝望中保持希望，在黑暗中寻找光明，就已经完成了精神的越狱。 原来，自由不在远方，而在每个人的心中。,1
文戏拉的一塌糊涂，还有我就想问工伤赔偿凭啥不是应得的钱啊？？,1
你说他是纪录片吧，各种天外飞仙；你说他是广告片吧，看完也没人送一份试吃；你说他是创业励志片吧，励志没感觉，拧巴倒是有一些。不如放开一些，就弄成喜剧合家欢，最后四分之一叙事的时候拉一下价值观，反而显得纯粹真实,1
不知是厨房里的那碗虾子面，二手车行偷偷塞去的推车钱，还是母亲饺子里的压舌铜钱，让手电筒照亮观音得到了庇护。不知是打工时跌进的洗碗水，坟场里看到的墓志铭，还是顾客的几句点化，让水饺可以与成功碰杯。从一方码头走向了世界，从一片面皮包出了人生。从面粉里摔打成了皇后，在时代里踏上了东风。,1
2.5 当个战争爱情片看就b事没有了。如果想看灾难科幻，我为啥不直接看独立日？要看你在这喊向我开炮？,1
流浪地球的“成功”，或许会带来一批这样烧钱又难看的热血旋律。,1
"超级喜欢超级喜欢,不看的话人生不圆满.",1
不惊险不刺激，好几个场景强行给恐龙降智，基本的狩猎本能都没有了,0
一部没有女主，没有爱情，没有特技的好片子，也是很多大学英语老师喜欢放给学生看的片子，这部片子讲诉的就是一个很纯粹的故事，一次的救赎，换回了自由，也是一种信念驱使他这么做，这部片子是感人的，它也让很多人成长。,0
《流浪地球》这部电影本身就像“点燃木星”计划，用视野范围内全部前端资源去推进难产的中国“硬”科幻。质素和内核都可以对标去年的《红海行动》，春节档票房冠军已是囊中之物。可以理解大刘为什么认可这部电影，它望向太空的眼光和极高的完成度是非常扎实的第一步。也可以想象广大观众将用迎接药神的热情去迎接科幻元年，毕竟这真的是一部为大年初一“量身定制”的大片。但它只是对科幻片做了一次认真而深入的文献综述，用《环太平洋》的国际框架去囊括《银翼杀手》（美学）《2001太空漫游》（元素）《星际穿越》（情感）《地心引力》《独立日》（情节）……罗列种种熟稔的科幻母题，但没有给出足够有价值的表达。而在整体趋向灾难片的态势下，对情感的渲染是相当聒噪和失败的。所以来势汹汹的太空战狼，其实只是一个被寄予厚望的组装的健壮婴儿。,1
打全星的都是王俊凯粉丝吧。。。真是难为你们挽尊了，路人只觉得难看的要命，陆川真是不负众望拍了个九层妖塔2.0，他演技也难评，电影资源一部接一部的喂嘴里，到头来在电影里依旧是一张面瘫脸。。这么想入电影圈找郝蕾老师上上课不行吗,1
我觉得臧姑娘的故事应该是丰满的，是能够小中见大，折射出七八十年代香港小人物的奋斗史，但由于全程情绪拉得太满，导致这部奋斗史有种“为赋新词强说愁”的机械感、失真感。其中，和母亲之间的亲情表达有种不相配的割裂感，与日本老总在商业对峙时的正义之词又显得有些泛泛而苍白。总之，演员都很好都是我喜欢的，但片子有种别人告诉你这是一盘好吃的水饺，我吃的时候就一直在自我麻醉这水饺的确好吃，然而并不在乎它是不是真好吃，这就是。。。营销感。,0
很认同且期待中国早该出一部硬核的科幻大片。有大刘的基础，也有郭帆的实力，当然希望《流浪地球》不仅是一部有着震撼工业视效的电影，而且是一部无论在角色塑造、故事内核还是情感共鸣上都属上乘的作品。可惜，“说好要做彼此的天使”等台词以及隋凯等角色不合时宜的低廉笑料，包括抖音等广告的植入，展现了太多妥协与媚俗，明明该记得许多壮阔的天文奇景与末日气象，可脑中最挥之不去的竟然是广播腔的“亲人两行泪”？再加上一些表演的不足，情感的干涩，还是失望的。可对中国科幻片，仍会寄予希望，期盼国产科幻片的扛鼎之作，就在不远处。,1
唯有一句好爽可以代表我现在的心情，md，后面真的太燃了吧，好久没看这么爽的电影了，md值回票价了我靠，明天再约上我哥去二刷！！！,0
故事、人物塑造、台词、表演都不太行，所以恐龙出来也很无聊。另外褪去黑寡妇光环后，斯嘉丽形象和力量感几乎不沾边，没看出她这个角色有什么过人之处，1000万只求她带队这件事，我真无法信服。,0
“北京道路安全委提醒你：道路千万条，安全第一条，行车不规范，亲人两行泪” 这句广播语真是又土又洗脑，能不能押点韵啊？哈哈哈~ 电影比预期要更恢弘磅礴，晨昏线过后的永夜、火种计划、让地球流浪、木星推动地球…等等大小设定，没想到中国也能拍这么大架构、大格局的科幻片了，而且是第一部，了不得。以前看国外科幻感觉离我们很远，这一次看到熟悉的北京大裤衩、上海东方明珠都变成零下89°冰天冻地的末世场景，既猎奇又唏嘘。虽然在剧情上有套路，对于这部中国文化背景下的科幻新生儿，鼓励多于挑剔。导演说美国人拍科幻是放弃地球、去挖掘新的人类居住地，而中国人是不放弃地球、守住家土的情怀…“希望是我们回家的唯一方向”,0
#重看#@影城；超越年代的“主流心灵鸡汤”依然灌得眼泪直冒；世上本无希望，若我多行一步即是希望，在绝望黑暗处生出倔强微光，卡夫卡式的悖论；每人都背负着有形无形的肖申克，注定无法被囚禁的鸟儿一定会挣脱桎梏，天才善于做梦；类型片元素大集成，充满匠气的完美作品。,0
你甚至不能将其称之为电影，这就是一个大幻灯片。 糟糕作品的共性之一即在于，作者总想感动别人，但那套语言方式已经失效了，只是他还不知道，他不仅不知道，可能还沾沾自喜。最后别人觉得很尴尬，作者觉得很无辜。,1
说实话有一点失望，刘伟强真是老了各种力有不逮，很多细节处理得比较粗糙，绝赞的人物传记题材，可惜最后成品效果非常一般…,0
到五棵松耀莱影城的杜比厅大银幕上看了这部开创中国硬科幻电影元年的娱乐佳作，不错！几年前就看过刘慈欣的大作《三体》，深知把他的科幻世界搬上银幕的巨大难度，年轻的导演郭帆和王红卫剧本策划带领的编剧团队干得漂亮，值得观众用40亿以上的票房来支持它，鼓励它！好的文化艺术片不容易拍，好的通俗娱乐电影同样需要不凡的艺术才华、技巧和能力，加上巨额的资金投入、高科技视听制作，难度更大。春节假期中，在柏林电影节上斩获奖项和好评的《地久天长》、《恐龙蛋》、《一秒钟》等文艺片和在国内市场上获得票房冠亚军的本片及《疯狂的外星人》等娱乐类型片的主创，许多都是电影学院的各专业毕业生，祝贺他们的成功，母校因他们而骄傲！以前给《战狼2》我打过五颗星，这次也一样。,1
一股子隔夜饭的馊味，主创从各方面都在企图复刻第一部的成功，但在一再的重启重生下真的再难让人对那些惊悚和奔跑的流程提起兴趣，这回更是把流程简化到了一个寻宝通关游戏，再找一队自带光环的NPC出来刷剧情拖时长，最后再输出下美式价值观，抢钱的意味太过明显，而且这回的恐龙都长的太丑了。唯一的看点是寡姐又一次穿上紧身背心在大片里当上工具人打女了，希望女神片酬没少拿。,1
乏善可陈的剧情、寥寥几只的恐龙，真的难以延续侏罗纪这个 IP，脑残父女四人组的出现更是人物的全面崩坏，圣母四人无伤通关恐龙岛更显主角团的拉跨；恐龙没几只，霸王龙动作缓慢、强行降智，最终的 boss 恐龙更是不见真容、毫无压迫感，但凡来一场恐龙对打也不会这么难看；更不要说斯嘉丽饰演的贝拉，一路滑向圣母的节奏实在没有任何人物亮点；撑死两星，浪费我一张凌晨的电影票@LUXE 巨幕,1
对不起，真的很烂。两个小孩看得我十分上火，小女孩毫无作用只是damsel in distress，标准的性别模式，刘启那一副北京痞样令人十分不适，但最后就能靠他一拍脑子拯救地球。电影里的英雄主义带着浓厚的样板戏色彩，男性普且信的味道过重了，女性角色全都是装点门面用的。每个人物做事都不过脑，只是情节工具罢了。无论是画面还是情节，其实和星际穿越在很多地方是十分相似的，但却在深度上与之相比不知差到哪里去了。可以吐槽的点还有太多太多………,1
洋垃圾以一种新的形式重新流入我国,1
就很烂，不知道从哪里开始说,1
Dad! Bella! Teresa! Xavier! Reuben! Kincaid! Loomis! Zora! Duncan! Bobby! Nina! LeClerc! Shut the f up!每个人的名字都被喊了n遍这剧本谁写的/Scarlett真的演的很烂，令人发笑/这些莫名其妙的道德演讲片段是认真的吗😦尬死/ripped off JP3/别再把你那b变种恐龙当宝了，你看看这tease了半天的d rex啥戏份没有…../作为公园老粉每次都第一时间吃💩，哎…..,1
一星完全是因为对加里斯·爱德华斯非常失望，《AI创世者》的空前失败和这部侏罗纪半重启作导演位置的缺席，最后就凑出了这导演名挂谁都无所谓的流水线作品。没有一个角色是活着的，全部的脸谱化和各式一眼炮灰，美化主角团的方法就是让他们去救一伙对电影节奏起副作用的无辜者，说着营养为零的环保和反资本大话。泰坦巨龙尝试复刻首部的既视感，实在是难绷。主打的变异恐龙更是生搬硬造，换成霸王龙一样可以演。因为剧本的空洞，所以斯嘉丽·约翰逊的角色无趣而生硬，也看不出特种兵人设究竟强在哪里，三位大牌火花感没有，只有尴尬和刻意。最后还是，这就是爱德华斯打工摆烂，大明星加大ip以及一个糟烂剧本的无脑商业组合，非常失望。,1
看完《苦尽柑来遇见你》再看这个，真的能感觉到整部电影的扁平。,1
这算什么人物传记片，分明就是企业宣传片，到最后连母女重回发家之地，也像极董事长带着两个下属搞企业文化培训。我支持拍女性搞事业，但别只拍“有多苦”，而不去发掘主角内在的力量。可以是一路上遇到很多善良的人，但不应该是拍了“遇到”然后受到帮助之后就让他们消失吧，然后“再遇到”再搞个回忆杀，敢情一个个的全是创业路上的npc。以及看到最后才意识到糖水伯是“父亲”一样的角色（而不是别的……）。//母女线真的很别扭，马丽这个母亲角色很分裂，好几处迁怒于女儿，可以理解，但代入女儿视角真的很难忍。尤其大女儿从小到大都是个哭包、苦着脸，出国留学回来面相大变，根本想象不出这个角色是何以成长、何以理解过去、何以理解母亲的，片子里也只是一味给了臧姑娘高光，其余全是配角。,1
hope is a good thing,0
第一次在電影中看到ppt 都不會出現的、用來交代時代背景的白色粗體走馬燈大字,1
这部电影没什么好说的，史上最完美的电影，没有一秒尿尿时间！,1
大NO特NO 刘伟强继中国机长、医生之后，再次推出主旋律巨作“中国饺子大王！”,1
看完了这个片我默默地又把书找了出来读了一遍……嗯改成这么一个哪儿都不挨着哪儿的片也是挺让人服气的。Netflix都下手买了，说明片子还是有一定水准的。祝热心市民江先生事业有成，财源广进。,1
这是我每年都要回顾的一部片子，每当心情低落，人生低谷的时候，或者随便什时候打开，听着摩根弗里曼低沉的声音娓娓道来故事，就会感觉好了很多。好的电影是好的人生陪伴,0
3.5吧。出租屋里的群像戏，饭桌上的告别戏，都拍得很有水准。,0
实力这么悬殊的仗咱能不打吗？,0
士力架：我说横扫饥饿，也没说横扫谁的饥饿啊。,1
勉强能两星半，但我不想给，故事太没劲了，摄影不错，节奏太差了，文戏简直可怕！甚至有一种，我知道你们想看什么，但我就是拖着～～～略略略！family那条线完全没有助力，全员安全，遇到的全是好龙，这世界还是好龙多啊！我特么跟个sb似的一直在等小孩投喂那个小恐龙后面在某次危机的时候小恐龙的爹妈来救小孩他们，结果小恐龙就是起到狗的作用，我在期待什么！整个主线也没遇到什么威胁，全都是小戏做危机，大戏走感情，平的要命，没见过这么好取的恐龙血，而且取完血，瓶子飞了针还扎着呢！人干事？太不负责任了！赶紧的吧，please shake吧！累了！,1
没烂到《上海堡垒2》的程度，但《九层妖塔2》肯定是没跑了。与预期严重不符，749局的奇闻异事几乎没展开讲述，超能少年第三小队也草草收场，整体是一个巨俗套的末世打怪片。剧本混乱，角色的行为动机模糊不清，各个配角为了煽情而牺牲的桥段生硬尴尬，最后的高潮戏缺乏交代、非常之抽象。以及，“我只想回网吧打游戏”、“我突突死你”是什么年度级台词🤣很想逃出影院，纯靠猎奇心坚持到了最后。另，王俊凯真的不背锅，他才是被这部烂片消耗和浪费的对象。,1
看了小说，挺期待这部电影的。从选角角度来说，舒淇和鹿晗都是非常好的人选。鹿晗饰演的江洋，那股小痞子的感觉,1
他么有翅膀还坐车坐飞机,0
暂未看原著，此评分仅针对电影呈现拍摄制作。评分绝大部分给画面特效。1、情节全靠台词和配音推动（刚才地震了！刚才二次地震了！杭州沦陷了！我们到印尼了！木星引力加大了！我们成功了！）2、插科打诨特别尴尬，一些人物个性莫名其妙（如呕吐的那段）3、煽情极多，好不容易情节走入正轨热血沸腾时就死个人，再嚎两下（此处放大回音混响音效），节奏感贼差 4、价值观混乱。一会要救地球（为了大义），一会要救家人（为了团聚），一会独自行动（违背规则），一会扬我国威（道德绑架），前段一直嚷着要回家（又不让地球末日团聚），最后再为了拯救一部分人牺牲所有人类遗产。反正我们爷俩想咋样，整个宇宙就得怎么来——这不是典型的巨婴心理么？强行反思的人工智能桥段，也无疾而终（再申——原著内容暂不知晓）。抱歉，白眼翻到烂。,1
陆川你有这个做特效的钱不如请个好编剧，求求了,1
吴京式煽情太多，某些地方逻辑有缺，我很烦主角那俩熊娃，但整体瑕不掩瑜，值得一看。7-8分。春节档也就这个比较好看了。还有我真的觉得以人类劣根性这么宏伟的计划根本坚持不了2500年，五代之内就会给搞砸了。,0
不多说了,0
科幻片是想象力的艺术品，但是在这里，看不到任何想象力，所有的设定都是矛盾的，像一盘散沙。里面的演员都是灾难，尤其是那位归国鲜肉。,1
这是碳基生物能拍出来剧情？,1
柏林和FEST间隙终于补上了。实话说原著党表示不太喜欢剧作，片子充其量也只能算是《流浪地球》选段吧。就电影而言，做成少年向是非常对的（郭帆的青春片底子用上了），找的视觉参考其实是[环太]，而同时又致敬了[2001太空漫游]也是很不错的。但是剧作还是有问题的。就影片而言却是值得一吹，四星妥妥的，但是场外因素实在令人不爽，尤其外交部和宣宣介入之后这个事情的性质已经变了。从这个角度回到文本倒是能看出一件趣事，为什么只有中国人才能救地球，因为社会组织方式啊，所以影片里面（令人绝望的）未来与当下中国社会形态的高度近似感本身是有着明确意识形态指向的。,1
支持女企业家传记片，支持马丽不再给男演员抬轿，本来是抱着这样的想法走进影院的，但影片质量让我大失所望。这么好的故事被拍成平铺直叙的流水账，后期配音的台词失真得让人频频出戏，群像塑造呈现出的效果非常松散、扁平，在臧健和母亲被寥寥几笔带过的情况下结尾陡然升华到“献给所有妈妈”也很突兀，这无聊的119分钟真不如用5分钟浏览一遍原型的百度百科。,0
ppt式硬煽，除了每5分钟让主人公哭一哭外刘伟强技穷到仿佛刚学电影才三个月……这么好的女性创业故事，从把马丽和朱亚文初见拍成《假如爱有天意》开始，一切都俗气起来……,1
剧情乏味，不是靠故事细节和逻辑推动的，严重依赖旁白和粗糙别扭的台词。特效和配乐的品味都很低。对，重点强调是品味问题。不管拍得多烂这种题材找鹿晗来当男主角依旧算是暴殄天物，舒淇也完全不适合林这个角色。一直没有热血紧张感最后算是给这人拍了个MV…………,1
支持刘伟强息影。,1
略尽绵力，送上一星,1
特效一般，剧情空洞，甚至4dx都能快把我看睡着。加里斯爱德华斯对剧本的掌控感太差了，非要分两条线，当然这也可以，你总不能把斯佳丽约翰逊的戏份弄的只有半部戏吧？全篇都是另外一家人在推动剧情，主角们彻底成了工具人，太差劲了。,0
当年的奥斯卡颁奖礼上，被如日中天的《阿甘正传》掩盖了它的光彩，而随着时间的推移，这部电影在越来越多的人们心中的地位已超越了《阿甘》。每当现实令我疲惫得产生无力感，翻出这张碟，就重获力量。毫无疑问，本片位列男人必看的电影前三名！回顾那一段经典台词：“有的人的羽翼是如此光辉，即使世界上最黑暗的牢狱，也无法长久地将他围困！”,1
可以说这是越狱系列影片的鼻祖，故事情节细腻紧凑，从被迫入狱，在狱中斗智斗勇，夹缝中求生存，以及对重获自由的极度渴望，凭借超高的智商和过人的勇气，一次次化险为夷，最终和狱友成功逃离，获得自由。侧面揭露的社会黑暗及腐败不堪入眼的一面，值得深思回味,0
全片最大的亮点可能就是特效还好一些吧，不过如果放在现在国产电影的特效程度上来讲也算是中高等，中国科幻电影不算很多，敢做就是突破。世界观没有流浪地球大，也没什么可比性，特效也不是一个级别的。感情交代还算清楚，几乎全部选择自杀的战友情，两对朦胧的爱情，为人类生存舍弃生命的大义，该有的都有了，不过有些的确算是比较老套。这部电影不功不过，喜欢战争科幻可以一看，打斗场面还可以。当然，鹿晗主角光环是有的，眼神戏虽有点稚嫩但也不错，舒淇也是真的女神！很疑惑的就是：为什么有很多台词口型对不上？,0
想不到无间道的导演能拍出这样的作品,1
其实挺纳闷的，中国电影发展到今天，竟然连最容易的一类剧本都写不好。无论讲英雄成长，还是异类融合，本片都有无数范本可以借鉴，但它似乎故意在和成熟的套路较劲，偏爱支离破碎和狗屁不通。 视效之粗糙，科幻观之混乱，异形生物及外星飞船的东搬西凑，且无任何一个人物能让观众与之共情，能把这些槽点集齐，也是相当不易了。充分暴露了中国导演在操盘大项目时的一意孤行、逻辑缺失和全局意识欠奉。 这个电影的创作出发点非常模糊。当初《异形》的诞生，不过是想把破胸而出的一幕搬上大银幕，但从这里开始，视觉和氛围已经有了基调。但本片完全看不到任何一个坚实的起点，如果有的话，也许只是导演虚妄的贪念：我要做出中国第一部奇幻怪兽大片。 乱花渐欲迷人眼。白话讲，就是想瞎了心了。,1
经典，很久以前看的了。人活着就得有希望。,0
看点：全员的演技，但故事剧情直接没走流程套流水线生产，节奏把握也很差，结尾故事拍不完了直接上切片，浪费原型故事浪费演员。,1
我们恐龙爱好者就是屎也要去尝尝咸淡,1
第一颗星扣给导演和编剧，全程伟光正流水账，人物塑造全靠苦情，以致于到最后简直就是企业宣传片；第二颗星扣给马丽，有演技没演商，需要认真揣摩人物心理的戏还是用喜剧那套大开大合的演法，哭戏就是挤眉弄眼，怒戏就是大吼大叫，毫无章法，这么多场哭戏，不说像《少年的你》里的周冬雨那样有层次，但也是毫无波澜，重点是全程东北口音，而且还把“臧”念第四声，怎叫人相信你演的是个青岛人，青岛人看到得气死；第三颗星扣给制片方，浪费这样一个好题材好人物，全是搭的景，加上大柔光与无毛特效，没有一丝丝尊重人物的真实感。除了提供一点内地看待香港发展的视角，本片没有观看的必要。,1
《流浪地球》已经解决的问题：1.解决了国产商业科幻电影的自信心问题，由此国产科幻通往投资和市场的大门敞开。2.铲除了刘慈欣这个宝库通往顶级商业运营的障碍。3.减轻了以往类似文本的民族性与国际性非此即彼的尴尬，提供了一种大部分国人能理性接受的解决方案，国际上能不能接受目前还不重要。4.培养了一支能继续做下去的技术团队。基于以上四点，《流浪地球》足以留史，功德无量。《流浪地球》还没解决的问题：1.特效与视听语言的结合问题。特效会做了，也形成了自己的办法和思路。接下来要探索怎么引导观众去看画面，怎么在视听上做好情绪的收与放。2.宇宙题材不可避免要学会怎么更真实地展现空间与时间。近与远的对比，大与小的对比。宇宙有多可怕，人与天斗的精神才有多可贵。这两个没解决的问题，好莱坞也没多少人能解决。哈哈。,0
豆包倾情巨作,1
如坐针毡，如鲠在喉，如履薄冰。王俊凯翅膀长出来那一刻，我小脑萎缩了。,1
其实人能不能遇到伯乐，是取决于人身上的一些特质的，比如坚强善良，勇敢奋斗，所以才会有红姐，糖水伯，志雄哥，华哥，成为她人生中一路走来的贵人。但人的幸运不是必然的，如果她是个退缩贪小不懂感恩的人，她不会拥有这份幸运。,0
这哪是末日之战，分明是玩具打架，科幻感不是塑料感和特摄感啊！文戏基本全废，台词小学生审美。动作戏对剧情推进毫无帮助，设计感为零，除了爆炸就是人海战术，没有紧张感可言。某鲜肉演军人都放不下沉重的偶像包袱，任什么情形造型都绝不会乱，以帅为本。另外，都什么年头了，后期配音还能句句对不上嘴型，草台班子水准。,1
实话说，能看，但很一般，没有打动我。能看是演员们都在合格线以上，一般是作为传记片太粗糙了。想靠母女线催泪，但情感不够细腻。想靠创业线励志，但叙事过于简单。母女线在某种程度上伤害了创业线，不能既要又要啊。,0
优点和缺点都十分突出的电影。先说优点：算得上中国科幻电影的里程碑之作，尤其视觉效果非常出色。红色防护服和大型载货卡车的设计极其出彩，完全击中了我的审美，如果出周边玩具的话一定购买！再说缺点：场面足够宏大了，但有些空。个别台词太尬，个别演技掉线，个别煽情过头。而大刘原著里的那种悲悯，没有表现出来。简言之，流浪地球是一出无法回头的壮烈，一种不抱希望的绝望。苦涩的成分，原本应该大于燃烧的。,0
说实话 很失望 剧本不及格 把这么好的大女主拍得这么平 还总是在卖惨…… 像这种人生困境的题材应该是过关斩将 每个阶段克服一个困难 然后一路打怪升级 但这个剧本把矛盾冲突都弱化了 轻轻松松就解决掉 而且解决的过程也没有好看的点 唯一比较刺激的就是拿菜刀那段 但也太简单了 黑道都这么好说话的吗？ 主题很混乱，一开始我以为要讲香港精神 结果只有邻里互助 而且情节都是重复的 结尾还强调献给妈妈 可是跟妈妈有关的内容太少了 根本没情节啊 只有流水账…… 群像也没做起来 金太太这一趴跟主线有关系吗？着墨那么多 但跟女主没啥勾连 硬插了时代背景 但也不深入 不晓得是不能讲 还是不会讲 随便找个臧女士的采访 说得都比电影精彩 可惜了这么多好演员 糖水伯演的真好……,1
我觉得挺好的 为啥那么多评论导演拍摄叙事有问题 咋那么多要求 你行你去拍啊！我觉得没啥毛病 内容也说清楚了 我也能感受到妈妈的不容易和那么多好心人帮助以后的感动 就是简单的传记题材 非得要拍成文艺调性才是好吗？（马丽和日本人谈合作时候的口红色号挺好看的）,1
这样的男人谁会舍得背叛。。。,0
震惊！一90后男子狂追70后女生，为此入伍却一无所获,0
《上海堡垒》06版作为我最喜欢的小说，影响了我十多年。我无数次想过如果这部小说拍成电影是什么样子，然而当看了本片之后，我宁愿这电影从立项时就胎死腹中。看了这样的垃圾，只想给流浪地球道歉。,1
前半段太墨迹，情节无聊，最后真的很离谱，丑的确实让人生理不适,1
前段大白鲨，中段金刚骷髅岛带点夺宝奇兵，后段异型还魂一下，就是找不出侏罗纪的影子。,1
剧情很弱鸡，全篇都在没苦硬吃。谁走进电影院是为了看小女孩领养宠物啊啊啊啊～～！恐龙的造型设计非常偷懒，铺垫了那么久的变异恐龙，成了异形前传，敷衍至极！浪费了一堆演员,1
看的我想吐，这一家人出现的意义是什么？寡姐和黑人在船上一端莫名的对话意义是什么？全篇水时长，2个多小时的电影，特效垃圾得很，剧情如同ai，亏是我最爱的ip,1
其实比《上海堡垒》还是稍好那么一些，但确实挺失望的。折腾这么多年，最终只能拍出一个破产版的好莱坞大片模仿秀，而且，是页游级特效水平下的。,1
肖申克的救赎，这部电影很好看，值得推荐,0
马丽太会演了！糖水伯你让我哭,0
如芒刺背 像内地早年网大的水平,1
拖着地球逃难的设定有种在看太空版“战狼”的感觉，但无论气质还是内核都够硬，硬气+硬核的国产科幻片，预算有限但特效很真。纪律、服从、牺牲精神，外国人可能又要说华语片自我高潮了，但谁说价值观只能是好莱坞那种？最大亮点：没人谈恋爱，因为谈了也没球用...,1
全靠同行衬托，成为五一档电影里拍得最有诚意最诚恳的一部。但它的细节还是失真的，比如：1.臧姑娘在请求张达明给他一份工作时，听到女儿正被王祖蓝打，心急火燎跑上楼之际，一个正常的母亲心理是没有心思再跟张达明抛下一句“记得帮我问问啊”的；2.跳楼那一段戏份太刻意了，一个像臧姑娘这样的女性，在女儿尚在之时是不可能抛下孩子轻生的，导演还是太不懂母亲的强大了；3.工伤赔偿金只拿一半，虽然有志气有傲骨，但很不符合一个逆境求生的母亲/女性形象；4.没卖出去的水饺倒进垃圾桶了？不，任何一个创业初期的底层打工人，都会舍不得，都会拿回去给自己和孩子吃；5.在那样一个汲汲营生的港史上，电影里表现出来的善人好人还是太多了，连黑社会都慈眉善目的，呃，这……,1
让《哥斯拉》导演来拍《侏罗纪》的好处就是…迷雾里异形头变异龙生啃直升机好踏马爽啊！！！！,0
和室友看完出来第一句是：“你看过夺命舰吗，那个特别吊”我也不知道我看完侏罗纪为什么要说异形好看,0
科幻层面没有任何想象力可言，基本就是又让我看了一遍红海行动,1
舒淇有多好看，上海堡垒就有多烂。,1
上海堡垒既视感，心疼我44块钱的电影票,1
两星半。太强调变异恐龙这个设定了吧，却又没好好表现，最后那个无量仙翁恐龙丑得要命。能不能把这部开除出这个系列，这一部完全是三流冒险惊悚片的路子，有些地方很《大白鲨》和《狂蟒之灾》，侏罗纪世界2借鉴了恐怖片的拍法，从这两部上就可以窥见两种细分类型的不同。斯嘉丽约翰逊演得不错，到底是商业电影里千锤百炼出来的女主，准确清晰同时也复杂富有层次，可惜角色给她写得太差，当然我更没想到的是萌宠恐龙这样的戏份，不要太俗套的创作。前三部曲在大设定上做得不错，使得故事可以有效行进，但这一部开篇设定极差，还要加上什么人类已经不对恐龙感兴趣了，我感觉到的是片方对恐龙不感兴趣，别拍了！,0
肖申克中生存体制又如当今社会体制，“痛改前非”的人一次次被重新投入黑暗之中，当权者干着肮脏的勾当却会在公众面前宣讲“拯救之道”，似乎只有当性格没有棱角，思想失去火花，被“体制化”的人们习惯逆来顺受的时候才可以平安生存,1
好莱坞现状：主角团可以一个一个送人头，但少数族群家庭一定不能被拆散？,1
人的信念真的太强大，只要想做，而且坚持，总有一天会实现。知识的力量也是很强大的。看完这部电影，感觉自己又对美好的生活充满了向往。,0
整片剧情就是为了吃苦而吃苦，为了成功而成功，为了歌颂而歌颂。不应该当电影看，更不应该卖票，直接发社媒平台就行，反正就一湾仔码头宣传片…（演员演技稳定发挥吧，剧本脑缠，尤其王祖蓝一家…其他槽点也是巨多！！还有马丽前期的妆造是认真的吗？？就这么用死鱼眼水灵灵的盯着屏幕前的每一个人😭满满年龄感还被叫姑娘，跟天津学的吗？性别为女一律叫姐姐？还有她女儿为什么要和她用粤语交流，关键马丽用普通话回应，咋的，搁家练口语呢？？跟朱亚文感情戏也是…嗯…有必要来这一段么？？显得她专注事业而无心大帅哥么？他俩看起来其实蛮像母子…我看真应该把她出摊车给没收了🤗🤗,1
749局适合以下几种人去看： 1.没见过王俊凯飞的 2.睡不着觉的 3.没吃过史的,1
想看一看废土世界，但剧情太烂了，看不下去。,0
1. 出门遛个弯儿得穿戴半天，头盔裂了会被冻死。 2. 雪天开车不减速，各种侧滑习以为常。 3. 男主新人脸，亚裔，名叫【户口】，喜欢飙车。 4. 哥几个见着高楼能仰脖看半天，一脸震惊。 5. 系统语言是英文，政府大佬讲法文 。 6. 主推多元文化，一句不提美国。 7. 政府大佬面对危机的处理方式是【大伙都散了吧回家和老婆孩子呆会儿，good luck】 8. 由于距离某超大体量的巨物过近而被吸走了元气，老少爷们都挺忧虑的样子。 9. 一队人不远万里深入敌营一把火把那巨物给点了，老少爷们都挺高兴的样子。 10. 不缺能源，大火焰柱子说点就点，特亢奋。 科幻风格的加拿大主旋律献礼片，三星。,1
发现自己最近真的是愿意回看经典 尤其是没有女主的经典 自由与希望 多么美好的词汇 可是一个迂腐的人现在才体会到 这两个词如果一年前对我提起 那么我会表示鄙夷 会觉得这两个词太虚无缥缈 假大空 而现在 如果你向我提起 那么我会说 我爱自由和希望,0
从开头一个士力架包装毁了整个基地的安防系统开始就绷不住了。,1
乐见Scarlett仍然有机会在一个IP发挥核心角色，同样也珍惜Jonathan *bae* Bailey在大银幕亮相的机会；更能看到这一部在耸动效果的升级，试图剥开Chris Pratt-Bryce Dallas Howard时期的“合家欢”底色期望为这个IP注入类似《异形：夺命舰》之于原版的力量。但很多有用的尝试和尚可的演员搭配之外，最致命的一点或许是增设的求生家庭副线，让故事不得不顾及这些角色的存在——导致核心演员群常常游离在银幕之外，而这些人的故事并不那么有趣而又显得很低能。它如若只是专注于博士为首对于研究的捍卫和期望喊话，又或医药代表追逐利益之下失控酿成的灾祸；或许能更紧凑，也能抓住精神。,1
真正的救赎从来不是词汇意义上的“彻底改造”，而是在历经劫难、遗失人生重要年华过后依然渴求灵魂与躯体的自由和无上美好的希望,0
老干妈啥时候拍,0
749局是一个专注于超自然现象研究的特殊机构，其职责在于监控和保护城市中与超自然相关的现象及能力者，确保这些力量不会成为威胁人类社会稳定的因素。近未来世界被外星球不明生物入侵的设定世界观宏大，魔幻高大的外星人给观众很强的巨物压迫感，而被人类捕获的不明生物幼体具有超强生命力和攻击性，对其敏捷动作的特效展示非常厉害，不禁让人胆寒和新生恐惧，最后大战的特效场景也很流畅恢宏，隔着屏幕都能感到投资经费在疯狂燃烧。,1
"一言难尽，确定为“上海堡垒2.0”，不是谁都能拍科幻片...搞这么多年搞成这样，哪来的自信啊，浪费这设定...特效抠图水平不比网大强多少，美术犹如对好莱坞拙劣的模仿，科技感设计得毫无信服力，硬装深邃/严肃/正式，简直莫名其妙，就不好好讲故事就要一直装谜语人，前面没有情感体现，后面直接开始煽情，全程无法代入角色，各个脸谱化神秘深沉装逼傲慢愚昧，台词神经尴尬""我想回网吧打游戏""，逻辑剪辑混乱，堪比老年中二病，3星以上都是粉评（一部作品别做太多年 否则会变得盲目自信 导演精神状态多少出了问题）",1
"Fear Can Hold You Prisoner, Hope Can Set You Free",0
毫无人物逻辑，一群霸凌团伙的队友，最后到底在燃什么啊？,1
整部电影完全没感受到水饺皇后这一生的奋斗史，只能说她运气好，除了遇到前夫这个渣男，在香港人生地不熟的地方遇到的全是好心人，就连收保护费的黑社会都能支持她的水饺。就这运气爆棚还整天哭哭啼啼，莫名其妙发脾气，强行煽情，太割裂。,1
好失望！作为20多年的侏罗纪迷我最愤慨的是什么！！是凭啥我迅猛龙这次就打了个酱油，还是特别屈辱的在人类对镜头嘘嘘时当了个被吃掉的背景板？！WTF！而且前面半小时基本都在室内安静状态下聊天是啥意思^^，都多少个系列了直接登岛不行啊还把人当傻子看你们游说半天去不去，啊！崩溃了......我需要吸氧。 反正等了这么久算是圆满看了吧。怪兽片精髓合格——恐龙吓小孩，小孩躲迷藏。这一家子的存在意义就是其他几个雇佣兵都是冲着钱来，情感内核太干巴了，给后面人性高光时刻做铺垫。（叹气望天）小恐龙宝宝好萌TT但它咋没爸妈啊？还有能别给传统恐龙设计这种页游风名字吗？什么泰坦巨龙、风神翼龙= =我滴个娘嘞！好悬浮。但是巨龙们亲亲那段完全名场面，哎！侏罗纪！我痛并爱着。,1
这片的自我感动最离谱的是“训练球全部殉爆”，看愣了。浓郁的七八十年代神秘机关的外壳下面套了那么多科幻片边角料就不说了，最后居然还能变国家地理也是没想到，啥啊。以及，王俊凯的翅膀为什么不会动？总觉得在看百事可乐广告。,1
两条故事线完全没有关联 甚至不是一种类型 感觉就是编剧想了两类故事 没法抉择 单独的又都撑不起两个小时 就硬把它们融在一起 无聊无语 （而且我不想再在大银幕看男的撒尿了！,1
Netflix的大数据太厉害了，知道我最近喜欢看烂片下饭，就全给我推荐这种~~~~~,1
刘伟强抖音看多了吧，没有一场戏好好拍的，跟快看似的,1
陆川导演的每一次挨骂都不是无辜的。 看预告就感觉很不对劲，结果还是我低估它烂的程度了。 剧本垃圾，桥段生硬，怪兽特效拉胯。 陆川，你管这叫科幻冒险动作片？ 可惜了这帮演员，完完全全是被消耗压榨了，那些因为追星来看这部电影的也一定要做好心理准备。,1
半星，表妹带着看的😅，你作业抄一份就算了，你抄了整个科幻电影史！王俊凯虽然差，但是这片不是只有一粒老鼠屎的，属于是老鼠屎煲饭了，剧情上没一个正常人，演员无法理解自己的角色动机导致一个个都演的极其悬浮和莫名其妙，从什么时候开始国庆档都是烂片扎堆了，以前国内电影市场也没这么烂吧，真服了，还有脸卖43一张？ “马超……马超……快起来呀~”,1
按照真实故事写剧本，写成这样真是绝了。工伤给的赔偿不收。饺子没卖出去回家骂孩子。黑社会给了保护费优惠，因为女主挥刀的样子像他母亲。邻居家，女人嫁了被赶出家门的大少爷，天天像祖宗一样供着，最后跳楼只为孩子能回爷爷奶奶家要饭。女主恩人糖水伯突然失联并成为拾荒老人。这都是什么呀？？？,1
侏罗纪系列都已经走过三部曲了，实在好奇这部“重生”还能拍出什么花儿出来——首先，立意拔高了，不是为了纯冒险，而是奔赴孤岛寻找人类医学突破，试图谈论人与自然的相处之道；再则，背后所隐藏的不可预知的真相也让人倒吸一口凉气；以及，谁不爱看我们的寡姐斯嘉丽·约翰逊手持重械机枪化身潇洒飒爽身手凌厉的女战士呢。视觉爽感，它无愧于这个IP，它值得。,1
寡淡无味的女强人奋斗史 可惜了这么豪华的客串阵容,1
诈骗啊，这简直是一部“诈片”！你以为它是怪兽片，结果它是堆砌各种元素、缝合各种类型的“怪胎片”！一坨巨大的（ ），而且是陈年老（ ）……不知道陆川经历了什么，怎么拍出的片子这么“臭”,1
人心里的成见是一座大山，看了上海堡垒，鹿晗那座山又高了几千米,1
能不能别扯科幻，中国科幻都被你们搞成这样了。偶像就去玩综艺好吗？表情真是烂到家了，真是什么样的导演什么样的演员，一锅老鼠屎。,1
任何时候都要坚持，坚持就会成功的，但现实能一直坚持的人是少的。值得一看,0
以后中国还是少拍这种电影了吧，费钱。不是费投资人的钱，是费老百姓的钱，太好看了，总想看，一张票好几十，一天的饭钱了。,1
我看完整部电影的动力就是啥时候结束赶紧给1星……杨皓宇能不能别接这种大烂片了……《上海堡垒》2024卷土重来，实锤！人物混乱，剧情离谱，台词和口型对不上，不知道在演什么，王俊凯原来是个拼拼图的，结尾他飞过了东非大草原，和角马、斑马、长劲鹿自由地飞翔，飞过了埃及——我也终于自由了！！！！！,1
糖水伯的戏最好,0
关于希望最强有力的注释。,0
2008年11月28日，第一次看肖申克。那时候观影量还不到五百吧。给五星是见识浅。现在差不多九年过去，我在豆瓣标注看过的已经超过三千，第二次看，还是给了五星。它当然不是最好的片，但是太滴水不漏了。,0
找寡姐演女主这太对了，端着枪眼神坚定的女战士形象已经胜过一切了，人设也好好啊，有勇有谋说的就是我们佐拉,0
3.5 超过预期。《流浪地球》的确开启了中国科幻片和灾难片的新纪元，无论是在哪一坐标中进行比对。它在概念和执行上都达标了，特效技术、工整剧作、演员所合力营造出了很对的氛围。 从原著角度而言，是一个带着孤独感的故事。电影采用了小说中的整体设定，但故事与人物有了新的创造，且塑造了好的主题，即对乡土情结的回归和牺牲精神。,0
"一部没有女主,没有爱情的好电影！不可超越的励志佳片，真的很令人感动的美国电影！炒鸡推荐🎉五星绝对的！",1
看《流浪地球》的过程中，眼前依次浮现出《后天》《2012》《星际穿越》，出乎意料地，完全不输好莱坞的后期特效。作为2000年就开始在《科幻世界》的银河奖征文里追随大刘的读者，这部电影可以说是比较让人自豪了。《红海行动》在2018年票房有多好，《流浪地球》就有可能卖多少。,0
没有恐龙，就是一个三流丛林冒险片，有了恐龙，成为一个勉强能看的二流进口片。估计有相当多的观众和我一样，对恐龙题材无法抗拒，只要你拍我必买票。虽然平庸，不过也不是一无是处，环球影城的高管好好看下，你们的乐园要是能有电影里的十分之一刺激，就好了。,0
启动并完善退票政策才能更好地保障消费者权益。,0
向我开炮………燃不起来啊 大哥,1
一家老瘸全身而退，雇佣兵50%死伤，是恐龙智商已经高到嗅出要尊老爱幼，还是知道剩下的雇佣兵有测人之心所以放过？！不能说脱离了前面的侏罗纪，只能说除了都在说恐龙，就没有其他共通点了～故事线简单得可怕，全程只有猜谁什么时候死最有趣。,1
很高兴你也喜欢做慈善，并且有自己的理解。,1
剧情确实有点太简单了，取了三次血+成功逃离，游戏都没这么简单的剧情。一家四口出现的目的就是想给过于单薄的剧情加个亲情线。否则一群雇佣兵随便杀，就完全不值得同情，成铁血战士了,1
太灾难了，我看电影一般很宽容只要不是太差不会给一星，唯独这次如坐针毡好几次想站起来走了，简直是演戏综艺中表演片段大融合的流水账拼好影电影，又血亏一百块😭,1
第一次在电影院坐着写评论，配音口型对不上就算了，马丽作为主演都不知道她姓臧不姓藏，而且她的角色也没有管理身材和外貌，梳个麻花辫就是大姑娘，烫个泡面头就是成功人士。小学作文一样的一部电影，浪费时间浪费钱。抬眼一看这个一年后笑死我了，比我PPT的特效还粗制滥造。以及朗读课文式的说台词太难受了，可惜一帮香港好演员,1
这是我爱刷玄学帖的罪过,0
中规中矩，男人真的拍不好一个女人的史诗,1
好一摊无聊的流水账，水准适合放在湾仔码头速冻饺子里赠送食客。抓刘伟强拍纯文戏也太难为他了。,1
我居然预判到所有的剧情和恐龙会吃谁,0
建议有关部门能枪毙陆川,1
中国首部三角恋科幻片，披着科幻外壳的言情剧，这是科幻片被黑得最惨的一次。 打外星人只是表象，本质仍然是霸道女总裁爱上我。 都世界末日了，男主角还可以休假，还忙着谈情说爱，上战场前最后一件事竟然是给司令官表白。 这都什么年代了，他还发短信，而且短信还发送失败了。 还有面馆、宿舍、汽车、电脑……通通是现代的科技水平。 外星人入侵地球，上海竟然成了唯一的希望，完全不交代其它国家在干嘛。 而灰鹰小队，则是上海的唯一希望。 复仇者联盟打个灭霸还要几十个超级英雄，本片拯救全世界的重任就交给三个年轻人，你们比钢铁侠还厉害啊。 江洋作为军人把头发留那么长，严重有辱中国军人的形象。你确定你是来打仗的？你是来选秀的吧。 如果说《流浪地球》是为中国科幻打开了一扇门，那《上海堡垒》就是关上了这扇门，还用门狠狠地夹你的脑袋。,1
Dad! Bella! Teresa! Xavier! Reuben! Kincaid! Loomis! Zora! Duncan! Bobby! Nina! LeClerc! Shut the f up!每个人的名字都被喊了n遍这剧本谁写的/Scarlett真的演的很烂，令人发笑/这些莫名其妙的道德演讲片段是认真的吗😦尬死/ripped off JP3/别再把你那b变种恐龙当宝了，你看看这tease了半天的d rex啥戏份没有…..,1
《749》的前85分钟都是废戏，还以为马山要说服怪物和外星人加入749局谈个编制呢，拖拖拉拉那么久。最后半小时终于开始打了，结果是毫无逻辑和节奏，也不存在审美的一通乱打，浓浓的网大味。难怪预告片藏着掖着不给看物料，憋了好几年的项目果然有问题，确实是《上海堡垒》那个级别的大烂片。这个剧本的结构，从一开始就注定了拍出来是烂片，换哪个导演都没用。,1
多处致敬卡朋特和库布里克，算小京喜。,0
好一部歌颂真善美的电影 从邻居到黑老大 从黑老大到军官全员被感动 感觉除了做水饺还能去做演讲家 本来以为是商业宏图 没想到竟是鸡毛蒜皮 两星是看在马丽你的面子上打的 ：）,1
马丽、朱亚文青岛路演场。 1.吃苦叙事就能成为企业家吗？ 2.工伤赔偿怎么不是应得的钱！ 3.水饺都有什么馅的啊？ 4.有必要让女儿被嘴上玷污两次吗？,1
那一家四口感觉就是“带资进组”一样，本来一个半小时能讲完的故事，水了快四十多分钟，给他们四个人的戏份不少，甚至压缩了主角团的戏份。抄了《异形》《夺宝奇兵》等一堆经典影片，系列最差最无聊。,1
速冻水饺创始人的预制传记片，这何尝不是一种绝配。完美的人遇到的“完美”困境、流水账的情节展开，五分钟一小煽、十分钟一大煽的节奏，很难想出比这个还偷懒算计的剧作。,1
王俊凯粉丝是疯了吗,1
母亲节看这部电影，还挺感动的。女性永远都会帮助女性，她们真的很善良。没有想到湾仔码头的原型这么可爱，这么不容易。当然也看到了香港没有回归祖国之前的一些缩影。马丽，很棒👍🏻,0
人在极度无语的情况下确实会笑出声,1
从一系列的宣传动作和电影质量形成的巨大落差来看，影方和主演是典型的当了婊子还想立牌坊，还好尽管无耻无畏的波涛是怎样汹涌，清醒的仍是大多数,1
新时代特色社会主义硬核科幻(科幻的核心在于探索发问，而不是去解释回答，这样的作品属于玄幻),1
明修栈道，暗渡陈仓,0
整部电影有点像爽剧，给我的最大感受不是自由真好，而是脑子聪明真好。Andy越狱后的一切过于完美，以至于在最后一幕，当蓝得不真实的大西洋出现时，我一度怀疑这一切都是Red老头的美好幻想——其实Andy已经精神崩溃，或者越狱的时候被击毙。而他照例无法被保释，老死在监狱。人生最后的日子里，为了消磨时光，在脑海里编一些不一样的结局，弥补今生的遗憾。 然而，既然这部电影一直强调“希望是个好东西”，所以行吧，来点儿积极的：祝我们不满足于肖申克的冷啤酒、音乐和图书馆，而是走出墙外，一直往大西洋走去。祝我们有智慧和勇气踏上一条充满不确定性的自由之路。祝我这条影评别给我惹来麻烦。,0
又看了一遍大白鲨金刚异形，水上的丛林的密室的游乐场电影,0
你们在期待什么，立项就告诉你们了这是《九层妖塔2》,1
本来可以深挖的人物传记片竟然越到后期越无聊，前期进入剧情很快，困境一下子就建立起来了，人物不是一昧的自立自强，中途存在迷茫，困顿这不错，不至于太样板戏。但到后期就在过ppt，一步步发展的企业在面临扩张时做出的所有选择简直完美得像个假人，拒绝日企换包装，建立多家超市的供货销售，选择冻货技术顶尖的经销商扩大商业版图，每一步都想讲，但每一步都不深挖。这导致人物形象立刻呆板了起来，这是一个苦尽甘来的女人，却不是一个果断，出色的女企业家。本质两星片，多加一星给糖水伯，演技明显压过惠英红以及主角马丽，最后，对刘伟强有期待真是我的问题。,1
王俊凯在非洲大草原上和豹子并肩飞的画面可以进入影史搞笑top10,1
太感人的电影！完整看过四遍！安迪从下水道爬出后，在水里在雨中仰天长啸时，就瞬间泪奔！,0
最后那一瞬间啊,0
很意外，仿佛在看一个怀旧滤镜的年代史诗香港故事。大量的老片老剧熟面孔使得七八十年代的香江烟火从每一个银幕像素奔涌出来，无需刻意的表演还原和豪华置景，足以让时代气息流淌成河，而来自北方的臧姑娘在这河流里从随波逐流到扬帆起航。她以一个外来者身份闯入，举目无亲，生计无着，度日艰难，却又很快得到各色萍水相逢者无微不至且源源不断的扶助，香港这座城，起初看似是令她走投无路的逆境，慢慢剥离那层冷酷，让她被宛如家庭的暖意包裹，成为她回望人生的福地。全片在奋斗励志的激情之外，密集的人情味让成功脱离传奇而显得亲近凡俗，人人善待人人，人人知恩图报，如此每一幕都看得心头一暖。整个电影是一道不断下坠又逐渐攀升的人生弧线，镜头来到事业起点的湾仔码头，伴随许冠杰《半斤八两》嘹亮响起，诸多情绪情怀在此刻交织，构成难忘瞬间。,0
恐惧让你沦为囚犯，希望让你重获自由。——《肖申克的救赎》,0
看完让人很振奋,0
一部用细节打动人的好电影，推荐给所有正在咬牙活着的我们 这部片的能量太大了，看完后我突然有了力量，觉得“我也可以”！,0
如果说流浪地球是中国科幻电影的探路者，那上海堡垒只是个蹭热度的投机商，货车旁边的哄抢者。,1
比肩《九层妖塔》追赶《上海堡垒》的奇葩烂片，原来这就是陆川所谓的高质强酸性科幻电影,1
我对这种电影从来没有任何艺术上的要求，只希望不要太SB、具有娱乐性以及视效好，这都达不到。整个框架动机都是没苦硬吃，毫无刺激性可言，在任何一个应该惊悚的地方恐龙都会咬不到或者干脆无视、放弃，你知道谁会死谁会活，毕竟没有智商的不会是恐龙而是主创。我希望恐龙应吃尽吃，人类对大自然并没有表现出一丝的敬重，所有那一家人的戏份都可以去上厕所，他们一家齐齐整整真是遗憾啊。,1
笑死人了！时隔多年，没想到《上海堡垒》后继有人了～,1
作为科幻迷来说，挺失望的，想打两星，充其量就是个好莱坞平庸水准的太空灾难片。完全没有预期中的超级震撼感，因为本片其实谈不上想象力，画面、情节很多都是经典/知名科幻片的移植，甚至没有自己的风格，纯粹就是一个砸钱的工业特效大片，看不到任何新东西，无法让你产生那种神秘宇宙探索的敬畏与致密吸引力，如果你是看过很多科幻片的科幻迷，你压根不会为任何一个画面或者情节感到激动甚至颤抖。 作为一名中国观众，就觉得还是可以给三星半吧，毕竟起码特效水平是上去了，在好莱坞面前起码不会显得太low。总体而言，这与我预期中的那种充满人文、科学智慧与审美的高级科幻片，还是差了十万八千里。再次感叹，库布里克是真的牛逼，老雷是多么值得跪拜，诺兰也真的是无可替代啊！,1
网友锐评：“就这还号称几年没审下来，现在看来这是光电局保护观众…”,1
看了，电影不完美，但也不至于那么多一颗星吧。公平的说，国产电影缺类似题材，值得给机会。,0
自我救赎才是唯一的出口。感叹于知识改变命运啊。,0
披着言情皮的科幻片，剧情毫无章法，鹿晗演技好差。,1
要么忙着活，要么忙着死。,0
几年前看的，看完之后挺久了才回神，第一次因为看了一部电影反思自己。是我心中电影的第一名～,0
和前三部的风格也太不一样了，怪不得要换专精怪兽惊悚片的加里斯·爱德华斯来拍。一改调性，反而回到古早“公园”系列的紧张感。各种局部暗示、参照物对比、声音先行与低机位压迫视角，把人的心全程吊着。恐龙不只是庞大的视觉奇观，还有渗透心理的一层层恐惧。代表海陆空的沧龙、泰坦巨龙、风神翼龙，会游泳的霸王龙，终极BOSS畸王龙，带来风味各不相同的惊恐冥场面。卢米斯博士那句话说的好：恐龙曾生活过1.67亿年，而人类的历史才20万年，妄想主宰地球，殊不知地球抖一抖就能把全人类甩掉。,0
只能说前期宣传太强势导致期望过高，男一女一演技拖后腿，而且想说本人非常相当不喜欢绑架型宣传的电影，什么中国电影站起来了呀之类的，把期望宣传立意搞那么大，看了只会觉得有落差。不过吴京文戏表现意外不错。可惜被男主和妹妹一人拉低一星。,1
简直像ppt的堆砌！无数次震惊怎么都2025年了还能看到这么无聊的剧情、扁平的人物！甚至觉得在玩第一视角经营类游戏！除了女主全是NPC！所有副本只需要npc的话来推动，除了硬推动的剧情看不到一点戏剧张力人物弧光，可惜了马丽的演技。能看出导演很用力想赚观众的眼泪，但我想说，稍微有点脑子的观众都不会被骗到，这年头，真当🇨🇳观众没看过人物传记片？？？,1
曾执导《哥斯拉》的加里斯·爱德华斯将怪兽惊悚片的经验融入恐龙世界，巧妙平衡实拍与特效，胶片画面质感有别于《侏罗纪世界》三部曲，创造出复原90年代的古朴视觉体验，既震撼又富有写实感。系列老朋友霸王龙沧龙风神翼龙等集体回归，新的变异恐龙也不断刷新惊喜。泰坦巨龙巍峨如山，长颈交叠流露着巨大的温情，鹰角龙幼崽则是完美的萌物担当。蝠翼迅猛龙敏捷阴险，在幽闭空间制造出诡异的猎杀氛围，一家人在便利店被围剿的桥段复刻了首部《侏罗纪公园》厨房逃生的精髓。基因改造的畸王龙登场充满仪式感，迷雾中缓缓浮现的畸形轮廓，以巨齿歼灭直升机贡献了年度奇观，压迫感直透银幕。全片紧扣侏罗纪IP最本真的魅力，雾气弥漫的丛林，湍急浑浊的水域，昏暗幽闭的实验室走廊，每一处都成为恐龙狩猎的完美舞台，唤起你最原始的恐惧和最单纯的惊叹。,1
能不能枪毙陆川啊,1
哦真是有够难看的。先抛去科幻部分，整个片子给我最大的感觉就是很土，low。台词的设计和完成都太差劲了吧，一个堂堂的硬科幻片为什么要抖那么多无用的机灵啊。亲人两行泪什么鬼我真的谢谢了还出现那么多次。片子的完成度也不高啊，剪辑和节奏都是乱套的一样。比如上海大楼电梯那一段，镜头乱得根本搞不清人物和空间逻辑，什么玩意儿啊。父子线也真的令人摸不着头脑。最后一通充满主角乱来的光环来一波典型中国式的自我陶醉，真够完美，导演自己都感动坏了吧。还有那么多科幻元素都是来自其他的科幻经典，太low了。这不是技术问题，还是人和能力和眼界的问题。海草海草那首已经过时的抖音神曲一出现，我就知道已经全完了。,1
谁给宣发的脸让它碰瓷流浪地球？框框也稍微长点心吧，你就是这样对待自己写的书的？,1
【0】气笑了。对这部电影的谩骂和指责都是它罪有应得的。缝合了若干部科幻电影，就诞生了本片之畸形与抽象的存在，比陈思诚还会抄，比开心麻花还更强碱性。一直坚信就是电影可以烂得没有标准线，但本片是挑战观众的下限。《红楼梦之金玉良缘》是让李少红轻舟已过万重山，那本片存在的意义就是让滕华涛，鹿晗老师的《上海堡垒》跳出耻辱柱。其没底线的烂，不断在提升《明日战记》的网大电影价值。在重金造屎这一块，以陆川老师为代表的中国科幻电影，已经Next level，遥遥领先，赢！,1
你们粉丝用票房说明问题来反驳别人说烂的评论时能把我的票钱退给我吗,1
？寡姐战斗力为0，全场战斗力最强是小女孩，family幸运值max，莫名其妙的男宝与岳父和好的成长日记，恐龙全部眼瞎降智，丑得不知道还以为在看异形。,1
当然是一部好电影，但他现在已经被物化成的最廉价的鸡汤。如果最顶级的电影就是这样的话，那电影这门事物真的是太让人失望了，也完全算不上艺术。不过万幸的是它不是最好的电影，它只不过是最烂大街的好电影。 幸亏有更好的电影更有理想和艺术追求的电影在捍卫的电影在艺术造诣方面的底线和天花板，才让电影没有在一片营销号的鸡汤中沦落为最廉价的网络谈资和消费品。,1
看了首映，剧情尴尬，戏剧冲突刻意。演员表演很尬，剧情完全侮辱观众智商。外星物质叫仙藤。长成紫水晶的样子。呵呵。上海被毁之后，居然眨眼间就能重建好。城市还和毁灭前一毛一样。真是厉害了。全程手枪啪啪啪打怪兽。还打不死。开篇说仙藤引领人类科技大进步，就不能升级一下手枪吗？科技进步的钱都花在哪了？,1
电影最狠辣处，是彻底撕碎主角光环！赤道孤岛即生死修罗场，全员新角色意味着“随时领便当”的无常感贯穿始终。这里没有驯龙高手，只有丛林法则下的狼狈求生。当人类沦为食物链一环，那份命悬一线的战栗，才是对“恐龙惊悚”本质最纯粹的回归。,0
我们以为《流浪地球》是中国科幻元年的起点，但这年刚过一半，《上海堡垒》就给科幻元年提前划上终点了。,1
人类真的是讨厌，变异恐龙，跑到人家的领地，还想利用人家挣钱，太坏了,0
改编不是乱编 平心而论 这是一个好的题材 大家也是一群很优秀的演员 但夹杂着导演和编剧自己的烂俗观念 什么时候抛弃这种工业化的制影方式 如果说这种把一个故事套在一个已经用烂的电影模版就是所谓的拍电影的话（而且套用得非常生硬） 那我心服口服,1
我想打100分，最大的感受除了，知识真的可以改变命运。还有要永远热爱生活。hope is good thing.,0
烂的让人发笑,1
想到跟女朋友花100到电影院看imax就觉得好笑。,0
首先她第一反应就是没跟男人去泰国 第二个没有跟男人去加拿大 两个感情线全都选择了自己的人生道路 就这一点我给满分,1
陆川那天首映礼哭，是提前预见了排山倒海的耻笑吧，真的全方位的烂，有种赶工作业的粗糙，不只是说后期执行，就是类型片炮制的窍门，国内导演真的一知半解，只能用背景和语言来缝合和效仿西方审美，多部经典科幻片的概念直接挪用，对零号生物的描写照搬《异星觉醒》，对王俊凯翼族的形象设定拼接《X战警》，故事讲的七零八落，人物塑造尴尬无比，某些桥段根本没必要，剪辑肉眼可见的生硬，ppt制式化匆促完成，后30分钟与异鸟空中作战乱成一团，749局群像战斗力化身阿凡达勇士在侏罗纪世界背景激战，荒唐又可笑，无处不在的抄与捏合，特效不同公司后期同一画面呈现不同程度的素质，还逞强的随时想炫技一番，不知天高地厚的羞耻感扑面而来，连对最老套的好莱坞流水线的“核”都临摹不到，妥妥十八线的毫无灵光闪现的类型片工业垃圾。★,1
地球最后的战狼？这片含京量有点高啊。,1
回到了那个男帅女美审美正常的年代^_^电影里每一个种族的人都很好看！商业片就该是这样。,1
2.5 / 假如“元年”如百度百科所说意为“某个事物或事件开始发生的时间”的话，那么这部影片在人物塑造、情节推进、主旨串连、演员表演、配乐调用等基础的叙事（或是论证）能力与视听技巧方面都是配得上这一称号的，而视觉效果则比“元年”要成熟不少。一个初生不久的孩子不会说话走路，眼中却有着扁平驳杂而充满新鲜感的世界。只不过“世界”到底意味着什么，“死亡”意味着什么，对它而言还是如此轻薄模糊。然而这些实质性的成长镇痛，才是在鼓励之外必须要磨炼的内容。,1
拿科幻的壳子包装一个汶川地震/九八洪水大救援的旧故事，这不叫科幻。科幻的真正意义不在于此。何况这么多的硬伤，已经严重影响观影浸入感了。更何况从人物刻画到台词设计到演员调教，都是崩塌的状态，唯一一个在他的戏份里能入戏的是客串的雷佳音。说到“鼓励一下”，如此惊人的票房已是很好的鼓励，中国科幻想进步，需要的不是“鼓励一下”。,1
救赎什么？灵魂？自由？信念？你看看这部电影就有体会了,1
流浪地球:翻开了中国科幻的新篇章 上海堡垒:翻nm，把书给老子合上,1
不得不说这是中国科幻电影具有里程碑意义的片子，特效很绚烂，让人看的很过瘾。但是剧情真的太烂了，像是在华丽的外表下装了一坨屎，华而不实。,1
大众经典我从不感冒，为什么？我欣赏水平不行？,1
整个故事最科幻的就是人类在生存危机面前空前团结，都有大无畏牺牲精神—人类永远都不可能团结的，我们会互相争斗到灭绝。不喜欢屈楚萧的角色的设定，非常toxic masculinity。里面有很多厌女的毫无意义的情节，比如这个感情线和一些无聊笑话，还有一些民族主义。屈楚萧和赵今麦根本不会演戏，居然到最后都没死，折磨我两个多小时。还有就是不理解这种繁殖癖所谓的希望，反正我的孩子也会持续繁殖，总有一天我现在死了以后会赚到，你是指你被稀释了不知道多少倍的基因会在几千年以后给你烧纸吗？前面几个角色死了还得在旁白留一句遗言，很出戏，一听就是专门讲给观众的。,1
空调温度很好 沙发坐着也很舒服，奶茶味道不错。嗯 这种片子应该多出一点，毕竟当代青年的睡眠效果不大好，有了这个睡起来舒服多了！必须五星！,1
有没有人懂我这么多年都没看过并且成功的屏蔽了所有的剧透，直到等到了它在电影院重映的爽感,0
那一家四口真烦！戏份还特别多。最后我想夸主创啊，在上海真的是认真给每一个粉丝签名，没停过大概签了快四十分钟，几乎人人有份。真的非常善良的几个演员！喜欢他们的人很幸运。,1
应该再看一遍,0
真的是...一颗星都不想给 如果你支持中国电影 支持中国科幻 哪怕是让这个世界变得更好一点的吧 答应我 不买票 不讨论 不参与任何话题 一分热度都不要给他 自生自灭去吧,1
名字若叫做翼形更合适 749局？？？？莫名 挺好的概念，故事乱七八糟，陆川就这样了,1
1. 视觉呈现足够真诚细致，足见我们在工业硬实力上终于储备了像样的产能，值得肯定；2. 编导演，都在及格线上下浮动，足见我们在软实力方面仍然长路漫漫；3. 科幻作为一种独立的文类，在于其超拔于日常人类视域和道德、有时近乎冷酷的宇宙观，用科幻的外壳讲一个被地心引力牢牢箍住的道德故事，泄气了；4. 想想，我们丧失一半的同类，蜗居地心，飘荡宇宙，仍然要穿那么丑的校服、打那么乱的麻将、过那么疲的春节……就想问，活着还有什么意思？,1
看完，觉得导演对经典镜头的致敬、复现更是让我这个侏罗纪的老粉狂喜！在卢米斯博士的博物馆里，霸王龙骨架下缓缓飘落的横幅、超市内小女孩躲进储物柜、邓肯用燃烧棒引开畸王龙的桥段，以及码头被堵截的惊险一幕，无不让人想起《侏罗纪公园》的黄金时代，那是多少人的童年回忆啊！,0
我是很客观的评分的，编剧部分有很大的问题，这个问题就是这里面主人公面对所有的困难和挑战而采取的行动，不靠外部情势的改变和机遇，不靠主人公由于遭遇而转变了视角，全靠“突然想到了”，影片后半段感觉被人绑住硬噎进去一个馒头，不知道怎么回事地球就在无数个偶然的“突然想到”中被拯救了，让这里面所有人的“抉择”都轻飘飘的，里面大多数人死的都不是因为他人的决定，而是意外，为了营造末世感尸体遍地却不让人有触动，说到底，是电影没有真的思考和人文关怀，空有个“必须拯救人类”的空话，却不知道人到底为何物。及格的电影吧，还基本能看得下去。 （很多人去给豆瓣的app打1星，认为只能看过电影才能打分，好吧，我看过的，现在3星改1星，为你们热爱的，想要以任何手段捍卫的这部电影，献上我庄重的1星）,1
《流浪地球》让我们看到了中国科幻片的希望，《上海堡垒》让我们看到了对圈钱的渴望,1
挺好的其实，不管是恐龙还是怪物，都表演完自己的戏份按时下班。拍摄过程中没有一只恐龙或者怪物加班。,1
算是见识了比上海堡垒更烂的科幻片了,1
这不就是真人版微信小游戏“打飞机”么？？？,1
至今都还有很多制作方和投资方不断用事实证明通过流量明星带货是行不通的，只是可惜了舒淇。,1
1.2058年的中学课堂与社会结构还停留在1988年，机械设计还停留在维多利亚的蒸汽齿轮阶段；2.请全世界自以为是的熊孩子都进监狱；3.心疼休眠中的其余精英宇航员，莫名其妙就成了一意孤行的陪葬；4.56种语言，大力出中国奇迹；5.让人类永远保持理智，确实是一件奢侈的事。,1
后二十分钟拍得不够好，迅速切过她人生的后半段成功。但前半段的辛苦打拼和友好相助都让人落泪，她最正确的两个选择就是没有选择男人。,0
男：那你有想过你将来墓碑上刻什么吗？ 女：这个还真没想过。你呢？想过吗？ 男：我呀？我会带孩子移民去加拿大…… 这是人类的对话？,1
《流浪地球》，中国第一部真·硬科幻电影，确实硬起来了。将中国式亲情关系、故土情怀投射到宏大的末日构想中，比原著又升华一层，敬畏而感动。电影剧本、特效都很扎实，最后30分钟特别燃。2019年龙标001号作品，也是中国科幻大片迈出的第一步。郭帆这一代类型片起家的80后导演学习能力都很强，不断为市场带来新的惊喜。加油,0
寡姐很美！这次就算人的出场时间多也没事儿，因为能看到寡姐飒飒的美！影片很爽，大银幕IMAX带来的视听冲击还是很大的，最后的大恐龙像是异形和恐龙的结合体，果然是变异中的变异体了。,0
二十岁以为自己是在外边看，四十岁才明白自己是在里边看。,0
王俊凯有点惨，凭借电影《749局》将在很长时间和主演电影《上海堡垒》的鹿晗一样，被列为史诗级诈骗科幻片主演之一。,1
希望鹿晗别涂口红,1
有点逻辑，但不多😅我不理解！明明一开始是要找小凯帮忙，结果上来就是威逼加霸凌？眼见什么阴间逻辑。大战时强行煽情一波，我就问，舅舅和婶婶有死的必要吗？没必要吧？投掷抑制剂的办法多了去了吧？为何要开着轮椅小飞机送死？？我不理解😅再来，抑制剂那么有用，为何不批量生产？？不是本来就是749的科学家吗？？我不理解！莫名其妙😅强行团灭,1
打仗那么久了，鹿晗的脸上还是那么白白的干净。化妆师扣三星。,1
"电影上映恢复评星，特效三星算正常，但人物和台词就是蠢到尴尬，只要你不被所谓中国科幻大片的情结绑架，想象下要韩国人拍了这么一部绝对被喷成狗头，本片水平给三星非常公允，就是如果韩产三星最高如果国产三星最低的水平——前半段是一股熟悉的国产囧片味道，情节靠画外音推进，人物靠中二前进。后半段是一股熟悉的国际灾难大片味道。但后半段真不错，离结尾越近水平越好，人物纷纷活过来了，情节开始沿着陡峭的逻辑的轨道滑行飞向终点。。。ps, 在设定在几十年后的科幻电影里夹各种转瞬即逝的网络文化梗——从此不再只有好莱坞爆米花片那么浅薄，中国爆米花电影一旦有机会就青出于蓝。",1
《上海堡垒》给中国的科幻元年画上了句号。,1
剧情中没有过度煽情的情节，死亡发生得极快且无预警，这种现实主义表达方法强化大家代入，让悲剧不是情感输出，而是生存代价。,0
三星给演员们的演技，剧情只能说真的太童话了，虽然马丽演出了命很苦的感觉，但是真的比迪士尼还迪士尼。七八十年代的香港这么多好人真的梦幻了。,0
马丽这张劳动人民面相的脸，勤劳质朴，有亲和力有温度，天生就让人想吃她包的饺子。刘伟强说，马丽就是臧姑娘，有了她，才有了这部电影。马丽的港风造型和惠英红同框，有种说不出的CP美感，特别融洽，喜欢两个人在餐桌上的那段对手戏，女性之间给彼此力量。马丽成功的一次转型，为喜剧演员的演技正名，之前还担心马丽演一个山东女人会不会带有东北口音，开始看后就完全打消疑虑了，臧健和将是马冬梅后生涯又一经典角色，她就是我心中的大女主。,0
两个多小时的篇幅，文戏武戏并重，两组人物各自饱满立体。三线任务海陆空齐发，上天入海刺激不断。结尾的恐龙大乱斗瞬间拉回32年前系列初代的惊悚感，经典致敬镜头，不仅是恐龙归来，更是童年回忆的高能回归。这才是重启该有的模样！IMAX观影绝佳选择！,1
1.80%末日灾难+19.9%太空歌剧+0.1%赛博朋克，执行不可能完成的任务。从世界观打造和特效来说比预期好太多，小毛病有，大方向是国产科幻片的一次突破。 2.同声传译、春季设定这些点考虑得很细致，甚至很多点感动到了我，但是节奏有问题，煽情点太多，这个情绪还没推向高潮，紧接着来了别的。饰演朵朵的演员的演技、电影台词太差了，每次旁白出现我都希望他闭嘴。总体值得鼓励。 3.郭帆自己也说，本来想参考《星际穿越》，结果发现“美学上想要达到中国观众语境的包装太难了”，所以在实际操作中，最有参考价值的是《银翼杀手》。因此观众能发现地下城的景观是有赛博朋克影子的，但郭帆把它本土化得很好，没有香港的感觉，更内地。“亲人两行泪”是个惊喜点。,0
看预告片以为是个高概念低成本作品，想不到超出预期。情节热血，想象奇伟，画面瑰丽，是个完成度很高的硬核科幻电影。这大概是中国人第一次在银幕上领导全人类拯救世界，让我一句话概括剧情的话就是“烟花爆竹救地球”。关于他者的刻板印象不少，是以后需要多借鉴人类学的地方。让我最感兴趣的是我们终于可以自己拍灾难末日场面了，这本身就打开了设想另一种社会秩序的大门。缺点主要是设定未臻圆满，叙事轻重偏颇，但毕竟这是中国科幻片的一个新起点，值得高兴！,0
集中全部能量打了两炮，母舰受惊而退，阵痛而亡。,1
不得不相信陆川真的在749工作过导致智力异常了。,1
为了一个傻逼mission，1kw损失4条人命，最后还不要了。什么傻逼编剧，出现黑皮白雪公主更是再减一星。,1
好好想想是中国人拍的打几分,1
再怎么样还是比上一部蟑螂世界恐龙戏份好太多 第一段重头戏沧龙拍的很不错 潜伏在海底的压迫感和紧张刺激 上岛之后看到巨龙配合经典的bgm还是很让人感动 美中不足的就是最后的反派又丑又挫 没啥新意 还有没有两条大龙对打 也是不过瘾啊！,1
马丽老师+1星，惠英红老师+1星，糖水伯+1星，nothing more…真的剪的太烂了，整个片子从叙事观念，剧作结构到剪辑技巧都十分十分老，也太老了，导演该是最大锅！真的辜负大家那么认真的表演！！到底为什么每分钟都给我闪回关键台词啊，很多台词我五秒前刚听完好么？？到底为什么每到上情绪的时刻要不然给我硬升格要不然就疯狂叠画啊？？到底是为什么要把所有文戏都给我剪成蒙太奇啊？？明明稳稳的当一场文戏剪多好的。我全片看完印象最深的一场整文戏不是蒙太奇的，竟然是王祖蓝打女儿那场…真的蛮离谱。,1
真正的低质强碱性烂片，建议陆川和王俊凯退出电影圈，不要再嚯嚯中国电影。故事就是套了奇幻的伤痛文学，矫揉造作，无病呻吟，外加硬凹装X，故作深沉。看得人极度不适，昏昏欲睡。人物只有一个王俊凯哥哥，耍帅满分，演技0分。749大概是上百个角色加一起的智商。元素很多，各种缝合，从《异星觉醒》到《降临》再到《沙丘》，牛蛙看了都发愁。特效渣，2024年还能在电影院看到4399网页游戏质感的特效，他们还在问观众怎么不去电影院了。。。,1
彻底放弃了世界观构建，从恐龙第二次现身与人类玩躲猫猫游戏开始审美疲劳，人物比恐龙更像建模的产物，最适合投喂AI批量生产的好莱坞IP，一万种恐龙一万间密室逃脱。,1
无聊死了，全是摆拍镜头，真实事件改编却一点不接地气。不把重心放在塑造女主的形象，全程拍她靠着NPC助力一路青云直上，传记片能这么拍吗？我怎么一点没看见主角是什么人呢，她就像一款游戏里的空洞主角，用来给玩家代入的。邻居、房东、老板全都是大善人无条件帮助女主，就连收保护费的黑帮老大也爱吃水饺，抓小摊贩的城管也爱吃水饺，日本有名的连锁便利店主动提出想在超市买水饺，最厉害的食品冷冻厂主动来谈合作，主角只要坐在家里包饺子，全世界的资源都主动送上门来。这是皇后吗？是水饺魅魔吧！,1
？？？看崩溃了，如果说前半部分勉强能看下去，那么中间本应该抓人的部分真的拍得和灾难一样，还非要搞一出中年爱情故事，我真服了。另外拍机动车道滑轮滑，陆川你是不是有啥大病……你那点格局也就保住749了。,1
"对推上神坛的电影总是莫名恐惧，以致雪藏了多年才看。看完发现它之所以雄踞各类榜首，是因其他至多称作经典，而它却可称作伟大。Fear Can Hold You Prisoner, Hope Can Set You Free .Hope is a good thing.",0
生活总有各种各样的方式来考验一个人，困难来袭，臧姑娘擀平万难，把痛苦和泪水藏进褶子。艰苦岁月里的守望互助，让她感受到人间温情，她也在往后的日子里持续将这份爱传递下去，让托举的力量熠熠生辉。母亲的身份赋予马丽表演上更深刻饱满的呈现，让她在感同身受中塑造出一个有骨气、有匠气、有志气的臧姑娘。骨气，是孤注一掷的勇气和永不向命运低头的倔强；匠气，是不耻下问的态度和精益求精的决心；志气，是那句“要把饺子卖到全世界每个角落”的承诺。糖水伯说“苦就甜一点”，华哥多好啊，她一狠心还是推开了，因为人生的甜蜜终究要凭自己的双手挣得才算数。,0
少年离开地下避难所来到冰冻的地面冒险，男人离开熟悉的星球飞到未知的太空工作，地球离开膨胀的太阳系驶向茫茫的宇宙流浪。空间站搜集人类文明延续火种，地球人通过饱和救援传递火石。希望从不是教室外的模拟显示屏，眼镜里的虚假小电影，不是永昼里望梅，想米饭止渴，是我兑现诺言撞向木星与你相见。,1
看完就一个感受，似水流年，穿插了很多香港时代变迁的真实影像，尤其后半段的情感沉淀，感叹人生起起伏伏如过眼云烟。主创班底配置很棒，马丽演出了初来香港的水土不服，到扎根这里的融为一体，气质的改变肉眼可见，和群星配戏的香港演员们亲如一家。惠英红的表演足够吸睛，虽然戏份不多但很出彩，外狠内软的房东形象很立体。有一场戏印象很深，红姐在房间抽着烟，看马丽的两个孩子来了立马掐了，电视上又给放着动画片，两个孩子在她身后偷摸看，然后她笑了笑。房客们的小故事也很完整，丰富了整个故事，电影里的人都是互帮互助，执法的警察、糖水伯、红姐…都是很好的人，让我看到了人性善良的一面，充满了烟火气和人情味。,0
有关部门还没有枪毙陆川吗,1
这回还真不是吴京的锅，而是整个团队的锅！前半段尴尬，后半段强行撩，导演这剪辑和节奏掌握的都赶上各种笔仙碟仙了，本以为特效会有亮眼的地方，但整个cg效果并不让人满意，与其说这电影是科幻电影，不如说是部人伦片，催泪部分说是为了让科幻片看着不生硬，哎哟我去，这一催，更尴尬了！演技担当也就达叔了！所以一星我真的给得尽力了！,1
经典的“科学家和小孩被恐龙追但都没死”情节，可惜远没jp1简练，文戏真的又臭又长。众所周知公园里没有恐龙，只有有着恐龙基因的怪兽，所以有畸暴龙很正常，但是闪亮登场只吃了飞机和人类反派很普啊可以再可怕一点吗？吃只蝠翅迅猛龙很难吗？暴龙吃饱饱睡觉觉可爱捏，下河河游泳泳可爱捏，整体造型也可爱捏，追完人就下线怎么又来海报诈骗。棘斯拉你归来吧棘斯拉，新棘龙像蛤蟆我们需要真正的怪兽棘,1
这些电视剧老导演不仅对科幻电影有误解，对类型片有误解，对电影是什么也有深深的误解，奉劝这些电视剧导演还是安心拍电视剧吧。《上海堡垒》是一部标准的烂片，电视剧思维的产物，所有叙事逻辑和戏剧冲突都是想当然，一分钟不用廉价的抒情配乐就会死，反派无逻辑，特效无细节，叙事无节奏，也没有科幻世界观的构建，还处于编剧瞎JB写，导演行活瞎JB拍的阶段。《流浪地球》的成功仅属于郭帆导演和他的团队，暂时还是小概率事件，对中国电影工业和中国科幻电影的影响目前真没看出来，如果大家是对中国科幻电影有什么期待的话，还是散了吧。0分,1
侏罗纪世界重生。还是埋了别重生了……,1
头发这么长，有没有一点军人的样子！,1
非常好，可惜那年有阿甘正传，但我个人认为还是这部最佳。,0
"“这是一部男人必看的电影。”人人都这么说。但单纯从性别区分，就会让这电影变狭隘。《肖申克的救赎》突破了男人电影的局限，通篇几乎充满令人难以置信的温馨基调，而电影里最伟大的主题是“希望”。
当我们无奈地遇到了如同肖申克一般囚禁了心灵自由的那种囹圄，我们是无奈的老布鲁克，灰心的瑞德，还是智慧的安迪？运用智慧，信任希望，并且勇敢面对恐惧心理，去打败它？
经典的电影之所以经典，因为他们都在做同一件事——让你从不同的角度来欣赏希望的美好。",0
"安迪用一把小锤子挖了二十年，挖的不是监狱的墙，是心里那个“我配得上自由”的念头。
真正困住一个人的，从来不是监狱，不是工作，不是朝九晚五、车贷房贷，是他觉得“认了吧”的那一刻。
真正的监狱从来不是有形的围墙，而是我们心中对体制的臣服。
当我们学会在绝望中保持希望，在黑暗中寻找光明，就已经完成了精神的越狱。 
原来，自由不在远方，而在每个人的心中。",1
"1994年台湾引进了一部比较卖座的老片The Sting，被错译成了《刺激》。到了1995年本片上映时，片商觉得其剧情与《刺激》有类似的地方（大概都属于高智商的复仇？），因此被译成了《刺激1995》，1998年又有一部片子Return To Paradise因为含有牢狱情节，被译成《刺激1998》！

说起来，自打高一时看过《肖申克的救赎》，男主角安迪的精神就持续影响着我，成为我价值观的一部分。那种持续不断给有关机构写信申请图书馆的精神，那种拒绝“忙着活，忙着死”的人生的精神，那种迫不得已作恶却良心不泯正义终彰的精神，那种享受生命中每一刻微小的美好的精神，那种在困境中梦想着远方有一小块属于自己乐土的精神，那种甘于平凡且活得自在的精神。一言以蔽之，那种属于“人性的光辉”的精神。【新天地828】",0
整部电影有点像爽剧，给我的最大感受不是自由真好，而是脑子聪明真好。Andy越狱后的一切过于完美，以至于在最后一幕，当蓝得不真实的大西洋出现时，我一度怀疑这一切都是Red老头的美好幻想——其实Andy已经精神崩溃，或者越狱的时候被击毙。而他照例无法被保释，老死在监狱。人生最后的日子里，为了消磨时光，在脑海里编一些不一样的结局，弥补今生的遗憾。     然而，既然这部电影一直强调“希望是个好东西”，所以行吧，来点儿积极的：祝我们不满足于肖申克的冷啤酒、音乐和图书馆，而是走出墙外，一直往大西洋走去。祝我们有智慧和勇气踏上一条充满不确定性的自由之路。祝我这条影评别给我惹来麻烦。,0
"第一次看是少年时，觉得这是越狱爽片；三十岁后再看，才发现这是一部关于""时间如何把人碾碎又重塑""的史诗。

安迪在监狱里待了十九年，用一把小锤子挖通了自由的路。但真正震撼我的不是那条隧道，而是他在下水道里爬了五百码、在暴雨中张开双臂的那个镜头——那不是越狱，那是洗礼。他爬过的是屎尿，洗掉的是冤屈，迎接的是被延迟了十九年的""活着""。

电影真正的高明之处，在于它把希望讲得不廉价。瑞德说""希望是危险的东西""，安迪却用二十年证明，希望不是盲目的乐观，是一点点凿墙、一点点建图书馆、一点点帮狱警报税换来的啤酒——在屋顶上喝那瓶冰啤酒的瞬间，他们不是囚犯，是修屋顶的自由人。

""有些鸟是关不住的""，这话说烂了，但我看完才真正懂了：安迪从来不是在监狱里等待自由，他是在监狱里活得像已经自由。",0
我想打100分，最大的感受除了，知识真的可以改变命运。还有要永远热爱生活。hope is  good thing.,0
懦怯囚禁人的灵魂  希望让人自由 强者自救  圣者渡人,0
是佳作但是没感觉到神作,0
在我心里显然不是第一,0
从98年泰坦尼克号一刀未剪到26年肖申克的和谐字幕，我们见证了一个时代的开始和结束，60年一个轮回,1
印象很深的一部电影，虽然很绝望，但永远不要放弃希望。,0
我以为是个压抑影片，最后，我发现了希望的光。hope，谁也无法夺走，谁也无法消灭。这部影片，值得一看。,0
经典老片，一看再看。过几天再把书看一遍！,0
真的很金典，每个人心里都有渴望不一样的自由，却又不得不被现实生活所束缚，很矛盾的个体，希望每个人能像安迪一样找到获得真正的自由。很喜欢摩根弗里曼,0
……,0
天知道第几次重看。它最伟大可贵的地方大概一方面是多层次嵌套的丰富主题，另一方面则是一种内在的timeless品质和情感表述，因此无论观众身处哪个时代，来自何种背景，抱持怎样的心理状态，都能够有效甚至不由自主地relate其中的某个角色或某段情节。,0
"It takes a strong man to save himself, and a great man to save another.",0
你猜不到的结局…猜不到的惊异…,1
他说，不要放弃希望。,0
值得看2遍以上的电影 没看过一定要看,1
这部电影好到，含义深刻到我不敢妄自评价……总之，力荐!,1
剧本有问题。,0
原來那個鏡頭是來自這部電影的。總算把imdb最高分的電影看了。但是我的評分就不方便給了。,1
很久以前就想看这部剧，今天终于看了。最震撼的就是安迪越狱的那一段，无论是配乐还是色彩或是安迪的动作神态，都掌握的很好！从此以后，他再也不用承担本不是他的惩罚，他，终于自由了！,0
这个电影包含了友谊，艰辛，希望和梦想。之所以它获得了成功因为它感动了你，它给了你希望给了你启示！,1
男主挺帅挺聪明的，不然怎么能玩越狱。。。,0
"《流浪地球》小说本就想象力丰富，让地球连同地球人一同逃难的创意荡气回肠、惊艳无比。
电影中的行星发动机很硬核，还原了小说中“雅典卫城神殿的巨柱”的描写；
地球启航产生的尾迹清晰可见，宛如一艘巨型飞船遨游宇宙之间；
北京、上海被冰雪覆盖气势磅礴；地木交会更是让人瞠目结舌，试问有电影能看到这样一幕？
最后表扬一下片尾的《流浪地球》小说的特效，比漫威的漫画翻页片头还精彩。
电影保持了小说的整体框架，有一定改动（严格说其实是扩充），只拍了小说的前两章，最精彩的《叛乱》希望能在续集看到。
新加入的点燃木星很有新意，这种有创意的改动我还是能够接受。
《流浪地球》的上映填补了中国科幻电影的空白，意味着中国科幻电影正式启航，让“中国科幻电影元年”迎来真正的春天。
中国科幻迷从此不再流浪，因为我们终于有硬科幻了！",1
"木星都被你们地球人点燃了……
还要我说什么？？？
《流浪地球》挺硬，但序幕往后，越来越糙，人物情感和煽情模式太套路。中国能拍科幻片，中国是主场景也不违和。可强调中国心、以（过年）回家之类的观念灌输，实在吃不消。
举例其中几场戏：上海电梯救援和初中生演讲感动全世界，完全不知道在拍啥，实实在在瓦解掉了开头上地出城的高大上感。反复的亲人泪两行当然可以，但一直用，就有点无解——更像反复要在现实中国和银幕科幻的联系上耍聪明（这一切也可以被注释为第一次见到中国城市被毁灭云云）。一直来这套，实在对不上地球死了几十亿人的悲剧感和极度寒冷，说来说去，也只是一堆数字。记住，电影评价也得有洛希极限。",1
"1. 出门遛个弯儿得穿戴半天，头盔裂了会被冻死。
2. 雪天开车不减速，各种侧滑习以为常。
3. 男主新人脸，亚裔，名叫【户口】，喜欢飙车。
4. 哥几个见着高楼能仰脖看半天，一脸震惊。
5. 系统语言是英文，政府大佬讲法文 。
6. 主推多元文化，一句不提美国。
7. 政府大佬面对危机的处理方式是【大伙都散了吧回家和老婆孩子呆会儿，good luck】
8. 由于距离某超大体量的巨物过近而被吸走了元气，老少爷们都挺忧虑的样子。
9. 一队人不远万里深入敌营一把火把那巨物给点了，老少爷们都挺高兴的样子。
10. 不缺能源，大火焰柱子说点就点，特亢奋。

科幻风格的加拿大主旋律献礼片，三星。",1
"在西安看完零点场，上座率好得惊人，观众素质极高，我隔壁的哥们（不认识）在电影结束的那一刻对着郭帆的名字大叫一声“牛逼！”
第三次看了，还是看哭了，我看到了一个未来，那就是《流浪地球》会成为星战那样延续几十年的经典系列，几十年后，我会在电影院看到地球抵达半人马座阿尔法星，也就是三体星系，冰融化成水，人类的孩子在贝加尔湖畔钓鱼。而我们这一代人垂垂老矣，在影院里默默流泪，更多的年轻人因此爱上科幻。",1
剧情梗概： 太阳：滚！地球：好的  木星：滚！地球：好的,1
"我是很客观的评分的，编剧部分有很大的问题，这个问题就是这里面主人公面对所有的困难和挑战而采取的行动，不靠外部情势的改变和机遇，不靠主人公由于遭遇而转变了视角，全靠“突然想到了”，影片后半段感觉被人绑住硬噎进去一个馒头，不知道怎么回事地球就在无数个偶然的“突然想到”中被拯救了，让这里面所有人的“抉择”都轻飘飘的，里面大多数人死的都不是因为他人的决定，而是意外，为了营造末世感尸体遍地却不让人有触动，说到底，是电影没有真的思考和人文关怀，空有个“必须拯救人类”的空话，却不知道人到底为何物。及格的电影吧，还基本能看得下去。
（很多人去给豆瓣的app打1星，认为只能看过电影才能打分，好吧，我看过的，现在3星改1星，为你们热爱的，想要以任何手段捍卫的这部电影，献上我庄重的1星）",1
"今天终于看到成片了，
是不期而遇的喜悦，
难得的一个好作品，
吹来一股清新之风。
在美学上，
在风格上，
在类型挖掘上，
群像叙事，多重关系，复杂矛盾，
在视听里，
在色彩里，
在最本质内心里，
积极阳光，温暖向上，很正能量。
章回体的形式，
多声部的结构，
组成一个和弦，
又不横向争执，
每一个镜头都很给力，
每一句台词都很到位。
节奏明快，浑然一体，色彩纷呈，
特别考验导演功力，
是一次特别的制作，
有一种特别的价值，
充满时尚性和青春感，
特别适合主流观众看。
创新意识的电影新作，
至真至纯商业艺术片，
给中国银幕带来新气象，
明年一定要参加金鸡奖。
第二届美国加州帝王国际电影节最佳影片奖
——《流浪地球•逐梦银河系》",1
"一匹披着科幻外衣的战狼，一场打着地球主义旗号的爱国主义救援行动。
空有一个科幻设定，缺乏该设定下的大量社会生活和人性细节，使得该设定成了一种强制概念，甚至无异于架空。
最后的成片其实与科幻无关，只是换了模样的限时救援，真的没必要吹上天。
工业上的意义值得肯定，那就肯定。说是中国的科幻元年，还差一步。",1
"1.80%末日灾难+19.9%太空歌剧+0.1%赛博朋克，执行不可能完成的任务。从世界观打造和特效来说比预期好太多，小毛病有，大方向是国产科幻片的一次突破。

2.同声传译、春季设定这些点考虑得很细致，甚至很多点感动到了我，但是节奏有问题，煽情点太多，这个情绪还没推向高潮，紧接着来了别的。饰演朵朵的演员的演技、电影台词太差了，每次旁白出现我都希望他闭嘴。总体值得鼓励。

3.郭帆自己也说，本来想参考《星际穿越》，结果发现“美学上想要达到中国观众语境的包装太难了”，所以在实际操作中，最有参考价值的是《银翼杀手》。因此观众能发现地下城的景观是有赛博朋克影子的，但郭帆把它本土化得很好，没有香港的感觉，更内地。“亲人两行泪”是个惊喜点。",1
"作为科幻迷来说，挺失望的，想打两星，充其量就是个好莱坞平庸水准的太空灾难片。完全没有预期中的超级震撼感，因为本片其实谈不上想象力，画面、情节很多都是经典/知名科幻片的移植，甚至没有自己的风格，纯粹就是一个砸钱的工业特效大片，看不到任何新东西，无法让你产生那种神秘宇宙探索的敬畏与致密吸引力，如果你是看过很多科幻片的科幻迷，你压根不会为任何一个画面或者情节感到激动甚至颤抖。
作为一名中国观众，就觉得还是可以给三星半吧，毕竟起码特效水平是上去了，在好莱坞面前起码不会显得太low。总体而言，这与我预期中的那种充满人文、科学智慧与审美的高级科幻片，还是差了十万八千里。再次感叹，库布里克是真的牛逼，老雷是多么值得跪拜，诺兰也真的是无可替代啊！",1
"虽然和原著几乎完全不同，但绝不亚于高二看小说时的脑补。
放映厅里60%都是独自来看这部片子的单身宅男，最后半小时，一整排人都在爆哭。
它绝不仅仅限于“中国人竟然能拍出这种水平的科幻电影”，这是在好莱坞的标准下也绝不逊色的，闪闪发光的，能被所有人长久传扬铭记的一部作品。
怎么说呢，科幻迷们这一生，不就是为了等到这样的作品吗？大笑、感动、爆哭、忘却自我、满脑子都是破音。
“前进三。”",0
"还行，因为国产科幻有了开始就是进步，事实上国人在历史剧长期的沁润下，完全未来建立一套独立的科幻思维和科幻文化，一开始以为国产的是星际穿越，看了一半是天地大冲撞，看到最后发现是木星上行。
电影前半段的故事非常的紧凑和扎实，剧情层层展开，穿插的回忆也相当的不错。到最后反转出现了意料之中的部分坍塌，强大的主角光环和只有小孩拍脑袋的想法逃离引力的反转生硬而且难以说服观众。人类对于宇宙天体的运动是渺小的，人类要撼动天体运动轨迹相当于蚂蚁要把一个大象举起的难度，即使有科学帮助也是杯水车薪。点名批评几处电影细节，都有了地球发动机地下城、基因遗传这些前卫的科技，教室的质感简直是21世纪初的环境，连我们当代标配的多媒体设备都没有。不要认为每一处细节是可以忽略和忘记的。好莱坞优秀佳作就是靠这些细节取胜的。",0
带着房子跑又能如何，“我们自己的”科幻片故事背后竟然如此虚无，真可谓“寒蝉凄切，对长亭晚，骤雨初歇。”首先不敢解构权力，其次连基本的人性冲突都不敢涉及，要靠着煽情和生硬的突发事件做转折。,1
"中国科幻电影导演对节奏、感情戏的把控力和演员的表演跟不上特效技术的进步啊！就像刘慈欣的小说人物和情节塑造也跟不上他的想象力一样。

演员中表现最好的是杨皓宇，就是拔线抽烟的那个人，别人的表演都像是演过《战狼》，或者近十年春晚小品似的。

#可看。但电影要是结束在撞上木星毁灭那里就好了……是的，我就是个丧货。#",1
在符合国情许可的幻想大前提下，渲染家园家国乃至家球情怀之外，难得地讲了一个少年救世界的未来故事，也算是一种有中国特色的中二。,1
说实话我有些震撼 一开场的地下城我看着就非常有与之前中国电影不一样的感觉 还有“饱和式营救”非常合情合理  值得打五星,0
"三星是鼓励国产分，最直观的感受是看完第一遍之后没有二刷的想法。
首先我觉得角色塑造得不讨喜，男主角无法让我产生认同，像个任性的小孩子，没有大局观。他和救援队之间的电车难题矛盾轻描淡写地忽略了。
第二是影片对于摆脱麻烦困境的过程太省略了，只有开头出现麻烦，然后就到结果让你知道摆脱了麻烦，中间的过程我不知道是怎么样的，如此一来就没了紧张感，成了流水账叙事。
还有，演讲光靠煽情讲道理而不讲救援计划，嘴炮拯救世界，实在是很难接受。",0
别的都挺好，主要是受不了作精兄妹和中二父子，这里扣两分。对演员都没什么意见，故事有bug但也还ok，特效做得蛮好的，但是画面略晃3d看得有点晕，音效不行、配音感太强。加分减分后只能两星了。之前不想参与混战，现在看着风声过去了，还是回来打个分吧。,0
三星半，鼓励加半星。喜欢的点：1.那么多小小的蓝色火焰推着地球往前走很感人；2.致敬2001太空漫游的点。不喜欢的点：1.开头描绘的社会形态：那么多年以后，还是居委会发饺子，随便乱跑会被单位开除，北京市交管局还是无处不在老大哥watching u，遇事还是找关系走后门，男人还是继续吼女人，家长还是继续打孩子，这些情况令我不禁觉得这种毫无进步的人类文明要它何用，我站降临派得了。2.以色列科学家团队论证不如女学生背课文，好的，空间站不用备份啥人类文明了，中国语文课本备份了就行了，教委就是全人类文明的灯塔，没毛病。,1
嘿嘿，霍金牛顿老爷子在世看到吴京哥哥的流浪地球，会气死,1
"去看流浪地球吧。
一定要去。
如果可以打两百分的话，我打五百分。这不是什么“中国科幻片能拍成这样不错了”，这是有机会竞争影史前十科幻电影的片子。
真正的大刘原创级别剧情，真正充满中国内核却又可以连接世界普世价值的电影。

最后二十分钟我是哭着看完的，为了剧情，也为了中国科幻总算他妈的混出头了。
为人类，致敬。",1
格局之宏大，华语科幻实属罕见，辽阔、感人、激动，当然不得不说是幸得大刘原著之福，大灾难背景下，情、救赎、信念、牺牲…真是科幻永恒的内核和精髓。最后，流浪地球可能不是最好的科幻电影，但绝对是华语科幻最有里程碑意义的一步。,0
特效不错，剧情和节奏差强人意，情绪调动我觉得还不如《战狼2》。努力和突破值得赞美，但是没必要过誉和捧杀。千万不要带着《星际穿越》的期待去看片子，请调低期待；更别说和星际比就是非蠢即坏，既然是相对放开的市场，为什么不能比？我劝你善良。我希望观众能为浩瀚宇宙而流泪，而不是刻意煽情。,1
保守点儿说可能是我国前后5年内的科幻电影高峰了,1
有库布里克1968年的经典在前，一切对此片所持的赞语都应节制。我感兴趣的是“火种”计划的既定程序和地球联合政府的叙事位置怎么摆，这其实是片中一直很模糊的地带。 联合政府最后用法语同意吴京的冒险，是“理智”之外的情感弹性的显示吗？这个意义上，刘户口和吴京之间，吴京和联合政府的指令之间，是个体和父／法间的和解-妥协的故事~,1
牛逼！太牛逼了！原著的恢宏气势基本保留下来了，剧情真的不输那些好莱坞软科幻大片，比《降临》《湮灭》这样的硬科幻改编也有过之无不及。吴京戏份其实不少，出钱又出力，对国产电影真是大功一件了。要说唯一的瑕疵就是那个韩朵朵，演技和台词有点尬。,1
题材够宏大，特效够震撼，但是传达出的那种价值观让我浑身不舒服。,0
还是不错的。设定、特效、画面。其实所有的类型故事都缺中国背景，所以能在灾难片里看到东方明珠和大裤衩是很开心的。试问谁不想看自己熟悉的东西出现末日景象？倒塌的纽约和旧金山多羡慕人啊～光这个就值了。另外也希望票房大卖。这部能赚钱的话，就能看到更多的中国科幻电影了吧！,0
建構世界和特效上看得出非常用心；然而「戲」和「人物」卻都處理得欠佳：這麼多人的群戲，大多數人的casting都令人記不住，年輕主角的表演更是雪上加霜，讓人覺得面目模糊，尤其是吳孟達在電梯那場戲，非常混亂。這部戲的成功在工業上的意義重大，可以鼓勵更多相似題材的創作和技術提升；但技術並不是一部電影最重要的，電影敘事的基礎是「戲」、「人物」及「價值觀」，我對這個電影的好感在初中生演講和戰狼撞木星後幾乎消失殆盡，在宇宙、文明這樣普世的命題面前，真的沒必要矮化老外和全世界文明，獨把中國人塑造成懂得捨生取義的孤膽英雄。如果能少一些借家國情懷帶出的煽動，提防民族主義的情緒，輸出一些真正的「價值觀」，那才是文化自信的表現，我想到時中國和中國電影都會變得更好，共勉之。,1
气势恢宏，后半段很震撼。刘慈欣原著没有完整的故事，而是碎片化场景的集合。电影版以原著设定为基础原创了一个故事，有致敬《2001》《地心引力》《2012》《星际穿越》和多部经典动作片灾难片的内容。和《降临》一样在科幻故事架构中表达人文关怀，不再以展现人类科技伟大成就或浩瀚宇宙壮丽神秘作为故事唯一主题，而是以此为基础回归人性，探索架空设定下人类最纯粹的情感。,0
竟然真的还不错。气势恢宏，庄严肃穆，至少构建了一个实打实可信的科幻世界。在浩大宇宙面前人类的渺小和无知，在世界末日面前人类的团结和合作，在无限未知面前人类的真挚感情，都展现得不错，甚至可以说令人动容。。问题也不是没有，特效质感差，台词念白生硬，人物也不够饱满，演技还是有点尬。。不过终究还是当得起中国第一部硬科幻，至于能不能开启中国科幻元年就看后来者了。至少开了个好头。,0
"中国首部三角恋科幻片，披着科幻外壳的言情剧，这是科幻片被黑得最惨的一次。
打外星人只是表象，本质仍然是霸道女总裁爱上我。
都世界末日了，男主角还可以休假，还忙着谈情说爱，上战场前最后一件事竟然是给司令官表白。
这都什么年代了，他还发短信，而且短信还发送失败了。
还有面馆、宿舍、汽车、电脑……通通是现代的科技水平。
外星人入侵地球，上海竟然成了唯一的希望，完全不交代其它国家在干嘛。
而灰鹰小队，则是上海的唯一希望。
复仇者联盟打个灭霸还要几十个超级英雄，本片拯救全世界的重任就交给三个年轻人，你们比钢铁侠还厉害啊。
江洋作为军人把头发留那么长，严重有辱中国军人的形象。你确定你是来打仗的？你是来选秀的吧。
如果说《流浪地球》是为中国科幻打开了一扇门，那《上海堡垒》就是关上了这扇门，还用门狠狠地夹你的脑袋。",1
"流浪地球:翻开了中国科幻的新篇章
上海堡垒:翻nm，把书给老子合上",1
建议改名叫  上海甜蜜之暴击外星人    这样比较符合这部烂片,1
"真的是...一颗星都不想给
如果你支持中国电影 支持中国科幻 哪怕是让这个世界变得更好一点的吧 答应我 不买票 不讨论 不参与任何话题 一分热度都不要给他 自生自灭去吧",1
"【D】说一个很有意思的点吧:鹿晗是主角没错，可很奇怪的是，每次只要有他的戏份，镜头大多都是远景或中景，很少去把镜头拉近对准演员的脸。我想，这是不是也代表着主创自己心里也有数呢？当然，就算是近景特写，演员当时所传达的感情大多也是正常的“平（si）静（ma）脸”，唯二两次大幅度的情感波动，只能说是惨不忍睹。
为了凸显出主角的情感表达，本片大部分用的竟然还是鹿晗的旁白。你们可以去想象一下那种临场感受，简直绝了....",1
"【————！！全篇剧透！！————】
哎，看哭了5次：潘队牺牲时/路依依牺牲时/曾煜牺牲时/林澜牺牲时/最后江洋收到林澜回复的短信时。真的很好看！特效真的真的贼棒，场面极其震撼，母舰甫一出现攻击防炮御时，炸的我头皮发麻。后面还有一幕，捕食者在大家没注意时突然闯进指挥中心（好像是？），把我吓得从椅子上跳了起来，眼镜都飞了（因为我近视，眼镜上面还戴了3D眼镜）然后手忙脚乱扶眼镜。哭了好几次，找纸巾擦泪时有的片段可能错过了，后面一定要补回来。
这电影真的看得超级爽！特效完全可以！",0
"毋庸置疑，《上海堡垒》是部烂片！虽然没达到全方位烂，但已经很接近了。他的问题在于剧本（人物、情节、冲突等等）不讲逻辑，放飞自我。特效和形式跟《变形金刚》都没可比性，更别说《星球大战》了。演员全员面瘫式表演也非常尴尬，当然并不是说鹿晗、舒淇演技差，要怪只能怪片子角色差。
都说今年是中国科幻元年，我觉得这部片子可能是来蹭科幻元年的热点来了。因为作为科幻元年的第二部科幻片，烂成这样，必然是对中国科幻的一次信心打击，中国科幻其实也蛮努力的，但优质资源和资本都被一群不懂科幻的人占用的时候，是不是特别上火？回头看，才发现《流浪地球》真的不容易。我们的电影市场已经不是前几年烂片随便五六亿的时代了，来玩票的确实应该好好思考一下了。",1
"画面、特效和上海沉没能看、可喜。除此之外这是坨什么混搭发馊的屎，千疮百孔，详细吐槽都觉得浪费时间的那种。
强烈怀疑是不是《流浪地球》在前，压力让项目经过了调整。科幻部分和爱情部分完全不搭，互拖后腿互衬得更烂。前者如同儿戏处处逻辑不通，后者莫名其妙生拉硬扯。
剧本也就青少年小说水平，推剧情全靠旁白，战斗布置全靠嘴，有个锤子世界观，结尾还敢玩闪回。
选角真灾难，台词真灾难。
不标榜自己是“科幻战争大片”还好点，完全不是一条路子蹭个什么劲。不过片方大概也为难，带了这标签拍个青春言情片可能更不会被买账吧。",1
"1.上海堡垒电影特效实在太炫酷，从它出来那一刻就知道经费在燃烧啊，整部电影的几场对战动作戏非常不错，特效满分！两千多人花了六年时间打磨出来的作品，实属不易！对于电影《上海堡垒》真的喜欢，中国科幻需要勇气，愿中国的科幻越来越好！

2.演员们的表现可圈可点，结尾那里鹿晗的台词戏非常震撼，角色代入感很好，鹿晗的眼睛会说话，京腔也很好听。

3.最后要说！一定要看彩蛋！一定要看彩蛋！一定要看彩蛋！电影院此起彼伏的哭声啊！！！！！！",1
"截止到此时此刻，豆瓣打分人数是5.8万人，其中7.2%给了4~5星，约4200人。
而鹿晗有6000多万粉丝，随便出来几十万粉丝就可以把分数顶到至少6分以上。

然而就目前这情况，只有两种可能性：1，鹿晗真实粉丝只有1~2万人；2，鹿晗的确有6000多万粉丝，但鹿晗99%的粉丝也觉得是一部烂片，干脆不打分甚至也给了差评。
————
这种电影没必要做影评，全程和女朋友一块玩荣耀，时不时亲热一下……这部电影的票钱花的很亏，不如去喝星巴克，还耽误时间。",1
"遗憾，这次《上海堡垒》是真的失败
首先特效不过关，跟国产科幻片标杆《流浪地球》比差的很远，剧组之前宣传制作周期长，但现在看特效根本不过关，这对爆米花式科幻片来说是硬伤
其次，剧情不合理，生硬粗糙，美式英雄主义拯救地球的老套路，却没有一个深刻的内核，影片显得单薄无力
最后是演员问题，男主鹿晗作为流量出生“演员”，演技浮夸流于表面，基本看不出人物内心感情变化，市场化包装的小鲜肉在大银幕下原形毕露，这样的人拿着天价片酬占领银幕，不得不说是中国电影的悲哀",1
"《上海堡垒》有一个点，是其他烂片没有做到的：
把几个目标观众群体分别最反感的元素，放到了一部电影里。
比如说：
让军事迷看鹿晗做战斗英雄；
让硬科幻迷看漏洞百出的科幻设定；
让鹿晗迷看鹿晗跟舒淇阿姨谈恋爱；
让原著迷看亲妈都不认识的魔改；",1
最失望的是，超低分电影居然丧失了无与伦比的搞笑功能。,1
也别骂演员了，这片难看其实跟演员关系不大,1
一分给舒淇一分给未来局赠票，但是真的没办法给鼓励分。实际上我可能给的就是鼓励分。,1
烂得璀璨，蠢得绚烂。,1
演技差的还有下降空间,1
"特效不错，故事是真的不太行。倒也不是烂，就是非常平庸无聊。打外星人就是，大罩子出现漏洞了，舒淇鹿晗一群人就坐在电脑前噼里啪啦按键盘修补漏洞。然后看上海被外星人炸来炸去，地面人员拿着小枪枪打来打去，然而不管是地面人员还是空军都没什么卵用，最后还得靠大炮。剧情就是他们一次又一次 射啊！射啊！射啊！射了三次，上海沦陷，队友全灭，鹿晗活了，人类赢了。归根结底核心点子太老套无趣了，隔壁人家点燃木星带着地球跑，你在这边用意大利炮射外星人，宛若重回1970。还非常的世界系，全片除了主角这几个人在打怪兽外，好像就没有别的活人了，那种""棚内搭景感""非常重。而且整个片的拍法太主旋律了，感觉像看科幻版焦裕禄。一个人去看片，又不好玩手机，听着隔壁两个女的不时发出一阵阵爆笑，无聊到想加入她们一起纵享欢乐：）",1
看到一半，旁边那个人拍拍我：能跟我解释下哪边是好人哪边是坏人吗？,0
不抱啥期望也未达到超出期待的效果，一部火力十足的科幻片竟然连连犯困。主要问题还是太悬浮，靠仙藤能量维持运转的世界到底是怎样的？连与科幻背景匹配的武力和防御体系都没有，更谈不上科幻世界观。爱情是悬浮的，小分队情感也是悬浮的，无法打动人就是原罪，太对不起那六年和3.6亿了。上海都沉了，鹿晗的刘海都还不乱，还要啥大炮要啥泡防御，用发丝筑起新的长城好啦。,1
不要浪费钱了去电影院了，我宁愿花两个小时排喜茶,1
"就鹿晗这作为一个军人留这大刘海。。。我对质量就不敢相信了
上海堡垒最大的贡献，就是让投资方知道了，流量的时代结束了",1
一部没有科幻感和科幻观的科幻片，一部男女主角并不搭的爱情片。,1
你要改编就胆大点，把鹿晗这个角色删了留一个舒淇票房预期都比现在好。爱情想要傍上科幻，多少片子证明要么科幻是轻科幻给爱情留出戏剧空间，要么是硬科幻下把感情戏做成点缀因为宏大叙事下生存本能和探索精神永远占首位。蹚了那么多综艺你现在出来演戏，真不害怕自己存不住一点点表现力的神秘感吗？好题材粘了两颗粪蛋,1
"作为一名场务少女，当我巡厅时，发现《上海堡垒》的客人溜进其他厅看电影的那一刻，我就知道《上海堡垒》不简单。
这不是段子！！！这是昨晚的真事！！所以它已经被打入VIP厅了。
我们电影院的VIP厅是放那些准备下映的电影的…",1
无处不在的廉价感、莫名其妙感、全程大写加粗的如坐针毡，很大程度来自将科幻和爱情强制缝合于一体的故事、没有化学反应却占大量篇幅的感情线、大幅波动在还行到拙劣之间的特效水准、男主角比某晓明还烂的表演。本片终极谜团是若干年后的未来，男主还坚持用一台近似诺基亚的古董手机吃力地发短信，为什么？就这水准，还是别死命模仿以及把“向我开炮！”这样经典的台词硬塞进来，这让看过《独立日》《安德的游戏》《英雄儿女》的观众多尴尬呀。2/10,1
很难想象当人类面临生死存亡之际，大上海就靠这样一群韩式小鲜肉保护，江洋你这是缺母爱吗？始于《流浪地球》的科幻元年，终于堡垒，前后不到两百天，百日崛起么？,1
Shameless,0
上海堡垒 要不是不能评负星 你以为你会停留在2.9？,1
至少当年没看懂，今天被打脸。魔幻现实主义的上海就是今天这样。,0
"满屏的槽点，随便挑几个：

• 外星人的科技看起来比人类不知道先进多少，既然人类可以寻回仙藤开发利用，外星人何苦这么大费周章；

• 上海的仙藤已然能量衰退、耗尽，外星人还抢它作甚，垃圾回收吗？

• 主角光环最大的非东方明珠莫属，面对捕食者密集攻击、陆沉始终屹立不倒；

除此之外的小瑕疵、bug 无处不在。邵司令一开口我就想“给健康加道菜”。各种提示音时刻在致敬《流浪地球》中的“道路千万条”。外国人也就算了，国语配国语麻烦口型能不能稍微对准一点。江洋第一人称的旁白恨不能幼稚到小学生日记体，那身军装套在鹿晗身上就像小孩子偷穿大人衣服一样不合时宜。

总之，强行主旋律的一无是处。",1
，，，，陪妹妹去看的，，她看睡着了，，我看傻了，，,1
"名字若叫做翼形更合适

749局？？？？莫名

挺好的概念，故事乱七八糟，陆川就这样了",1
"749局适合以下几种人去看：
1.没见过王俊凯飞的
2.睡不着觉的
3.没吃过史的",1
特效牛逼 画面炸裂 又燃又酷   强力推荐！！,1
"陆川导演的每一次挨骂都不是无辜的。
看预告就感觉很不对劲，结果还是我低估它烂的程度了。
剧本垃圾，桥段生硬，怪兽特效拉胯。
陆川，你管这叫科幻冒险动作片？
可惜了这帮演员，完完全全是被消耗压榨了，那些因为追星来看这部电影的也一定要做好心理准备。",1
半星，表妹带着看的😅，你作业抄一份就算了，你抄了整个科幻电影史！王俊凯虽然差，但是这片不是只有一粒老鼠屎的，属于是老鼠屎煲饭了，剧情上没一个正常人，演员无法理解自己的角色动机导致一个个都演的极其悬浮和莫名其妙，从什么时候开始国庆档都是烂片扎堆了，以前国内电影市场也没这么烂吧，真服了，还有脸卖43一张？          “马超……马超……快起来呀~”,1
如果时间回到买票前，我一定会问自己，“都有郑恺了，你到底在期待些什么呢？”,1
能不能禁止陆川诈骗,1
请枪毙陆川。,1
很难有这种全场看完一起疯狂吐槽的大大大大烂片了！电影后半段一直在冷笑，因为极度无语，也笑自己愚蠢的选择！陆川，以后你就是实至名归的烂片王！！！,1
好看的，很燃，特效也很震撼，爽就是完事了！,0
一部电影的钱 带你体验看九层妖塔和上海堡垒两个电影的感觉 真正的物有所值🙃,1
哇，得有多少人在这个项目里一起洗钱啊？烂但是烧钱的这么壮观,1
陆川能不能被禁止拍电影？看了他的电影受到精神创伤的人可以去告他吗？,1
虽然我没有证据，但陆川在弄一种很新的东西，AI电影？能明显感觉到导演和编剧与人类之间存在某种隔阂，剧情逻辑和叙事节奏始终似是而非，如果王俊凯用不对筷子吃面条，或者长出六七根手指，我都不会惊讶。磅礴的配乐总是和情绪脱节，局部成立了很多俗套，但就是难以串联起来，像蠕动的尸块，人类观众一定会感到不对劲，但陆川竟不觉得，这突破了我的认知，只能猜想他作为一个科幻迷（据说），有勇气在现阶段就把这部电影的主导权完全交给尚不成熟的AI，为未来的电影打样，这很科幻。,1
包含无数个可以深入讲讲的点，变异少年、外星入侵、环保主题等等，结果一个没说，弄了个动机背景都不明的打怪片，属于纯视效暴力,1
大概率是因为身边只有阿谀奉承的人留下来，久了也听不到真话了，然后就变得越来越自恋自大自我麻痹的键盘侠，否则你无法解释曾经的睿智和现在荒腔走板,1
导演根本不会拍电影，这种人应该禁止触碰摄影机，本片所有演员都没有职业操守，应该重学小学思想品德,1
烂片警告⚠️，王俊凯的演技实在太烂了，剧情也很烂，一大堆无聊的铺垫，➕男主角只想当个普通人，哈哈哈哈哈哈！,1
"我也不知道出于什么心态点开了这个剧，保有着对电影这个载体本身的尊重，我一秒都没有快进地看完了全片。剧情的问题大家已经提了很多了，我就说人物，这片子中没有哪一个人物是在他自己的的前5场(甚至是前10场)戏里面立住了的，不管是主角，还是那种总共只有十几场戏的小配角。
再说说意识形态上的问题，感觉主创对于我们的党、我们的国家、我们的社会制度没有正确的认识，抹黑和讽刺无处不在，不知道相关审查部门是怎么通过的，我觉得它的危害性比最近五年内豆瓣没有词条的那些电影危害性大多了。",1
服了预告就是诈骗，也太难看了,1
一颗都不想给…浪费我们6个人每人50元和俩小时，宣传片说超能力进去全讲你那破鸟和零号了。说零号没抄袭怪奇物语我是不信的…自己拍的什么烂片都出来圈钱…,1
难看到我差点笑出声,1
额……第一次用卑鄙形容看完一部电影的感受～几乎全片都在“绑架”…… 多好的神秘学 异能研究题材拍成这样……额……还有 强行煽情真的很尴尬,1
抱歉了导演，不想尬捧！,1
立即枪毙陆川,1
看不到校园霸凌 看不到他救人 看不到他帮助弱小,1
不是，异世界有三妻四妾打扰到你们了吗？中国古代也一夫多妻就不是你们祖宗了？,1
reddit榜一，imdb8.8，bangumi7.3，可能是国内某些母小丑和她们的蕾爹欣赏水平上不去吧,1
说1星女权我不赞成，主要是男主恶心后宫就后宫吧，后宫文很多。但是男主他爸在已有一妻一子，妻子是教徒【类似地球天主教，认真的教徒】的情况下，和女仆出轨，并且儿子主动制造事件“温柔的”让自己的妈包容出轨了的爸和搞在一起的三，三和妈的怀孕时间差不多【草。我要你这白眼狼有何用，生块叉烧不如生你这玩意。我小说就读到这里，弃了。你说之前都是自由恋爱啥的没关系，到了这地步要我看关于人渣一声快乐的爽文，讲到底我读的很不爽，居然还动画化了。,1
一话弃 幸运色狼龙傲天设定生理不适,1
人渣男主又不是第一次见了，但三观歪成这样还被热捧的倒是第一次。,1
如果你们只能接受看着纯净无暇的主角，那边去继续看吧，终于知道为什么国内电视剧人物都这么平滑刻板了，原来是为了迎合‘口味，’希望我们中国可以继续加油，把与中国三观不正的东西全部封杀掉，世界大同，这真是美好的生活，而在你们口口声声说着主角恶心的时候却忽略掉了他前世所接受的社会与生活校园暴力，独身无朋友，他能接触的仅仅只有网络，而他被车撞到是为了救一个女生，这些人性的闪光点你们都选择性的忽略掉了，而这个番剧他是从一个在道德上最烂的人往好人的转变进行的动画，这类的动画我只看到过巨人，可能我现在终于知道为什么进击的巨人被封了，加油，希望你们加油!让这个世界归于一种思想。,1
"感到很神秘的是，在这个社会结构接近中世纪的作品里追求的所谓三观到底是啥玩意。从作品上来说无论是男主的猥琐死宅臭、保罗的渣男历史，作品里也没表现出这种行为是正确的。作者构筑这种角色写这种故事的时候也没有避讳的摆明了这种性质，说白了写出来就是让人谴责这种行为的，从这方面看的话【作品】本身也没啥毛病啊。故事只要讲究一个逻辑自洽剧情精彩，角色的行为是角色的事情，如果只是嫌角色恶心好像也谈不上三观的范畴。
你们饭圈的行为跟微博差不了多少
巨人，东京食尸鬼，国家队也成为这一类了，您让我不禁感叹大自然的生物多样性给小破站的建议：
咒术回战、鬼灭之刃涉及迷信，建议下架。
堀与宫村、辉夜大小姐，涉及早恋，建议下架。
碧蓝之海，过于暴露，建议下架。
re0，工作细胞black，过于血腥，建议下架。",1
"两星给制作，扎实美型的场景渲染和好听的op用来复现一个男性向的异世界家庭伦理作品感觉还是蛮可惜。
到第四集为止，出场的男性角色人均LSP，女性角色则全部是理想化的工具人，添加了各类哗众取宠的xp属性，但搞颜色的格调又比异世界风俗娘差远了。
对于文艺作品来说，出轨和后宫等要素本身并非雷点，性暗示也不等同于猥琐，但本作扭扭捏捏的认同和欲盖弥彰的自嗨就很乏味。
偷老师胖次的男主，把青梅竹马当场童养媳绑定的男主，把家庭和睦看得比母亲的感受更重要的男主，无论是心理年龄还是性格行动都很难让人产生代入感。不愧是在现代白活34年，被社会抛弃，被家人嫌恶的畸零之人呢。
十年前这样的作品确实有大火的潜质，但希望在设定技巧不断推陈出新、平权意识更加广泛普及的今日不要给历史遗作以多余的赞誉。",1
评论里有人问看个爽番为什么还要政治正确。那我就告诉你这片儿看着不爽，只是单纯恶心而已。谁愿意看三十多岁偷拍侄女的恋童癖重生的故事啊，我根本就不关心恋童癖的想法，如果我想看他的重生，那也一定是他去异世界里体验十八层地狱，那对我来说才是爽番。,1
在让观众见证如何走出前世阴霾，如何让家族集合体继续存活，如何与异种族建立友好关系等等故事的另一面，各种视角对世界进行认知的生成过程交织着故事，认知的差异不断挑战着表面和谐的一切；而在时间长河面前，“拿出真本事”的新人生又只是沧海一粟，“你一生的故事”又是如此不值一提。最终通达的道理是世界的周转不附属于你，人与人的关系在活着的道路上是不断妥协而非相互理解。正因越体认到“异”世界的客观存在越是加深这种无力感，在这个奥德赛故事的序章中，一个既审视又矛盾的距离已经悄然拉开，固然这也不是一个浸入的故事。对我来说这也是一个矛盾的作品，它确实很诚恳地讲述这一切，但对主角那些恶劣的闲笔又损害了这种讲述。,1
真没想到二次元已经落没成这样了,1
那些恶意刷差评的家伙，你们敢说自己看过后面的剧情吗…没有看过请不要被带节奏，不要随意评价，谢谢。,1
不要把什么垃圾都扔到异世界啊！,1
被b站下架了，参考去年227事件，当代网络现状真是让人担忧。单看制作还是很精良的，已看到第五集，救赎的主题逐渐明朗化。都是成年人，看作品也就图个乐，把小众的东西拉出来大肆道德批判搞一刀切大可不必,1
先说好的，就前几集的剧情发展来说非常优秀，制作也是无可挑剔。确实几个画面过了道德底线，但是感觉负评如此有点反应过激了，其实好多日漫都穿插无法接受的片段，怎么就这部突然那么多人gc啊？作品大部分情节都是有趣且不扭曲的，主旨也没毛病，某些三观冲突的只要跟剧情发展无关无视就好了，事实上也确实无关。看了漫画或小说之后会发现后续发展总体是一部好翻，值得期待动画的后续！看剧就图个乐，看不下去就换呗搞那么夸张…,1
算了吧 第一集看得我非常不适,0
这个动漫让我明白了什么呢。明白了一个大脑里只有传统性别观念的男性，哪怕他有很好的母亲，哪怕他有带他入门的女老师，哪怕他有关系很好的青梅，这依旧改变不了他的性别观念，他仍然会把女性当做猎物，当做性的客体，而不是一个平等的人。而这些女性给他的善意，给他的帮助，给他的爱，只是在帮他成为一个更强大的人，然后更有力量欺凌女性而已。,1
感觉剧情有些🈚️新意，一月霸权还是算了吧😅,1
我算是知道为什么死宅在日本那么不受待见了。,1
日！但凡是个里番，我就不bb什么了，这玩意直接放在B站上播，陈睿不觉得离谱吗？,1
被下架我人也是傻了，看个动漫这些人天天跑里面找三观。。。,1
"就这个剧情你做里番我不会说半个字 但是你非要把自己定位成正经番是不是有点过分了？挂羊头卖狗肉真的有够恶心的哈。
护着这部的人也不用多说了 别说什么看个动漫还代入现实 还是那句话 这要是部里番 那我无话可说 你xp什么样没人管得了你 但是你定位是正经番 就拿出个正经番的样子 你见过哪个正经番剧情这么恶臭又畸形的？
这已经不是正常的后宫漫了 反正我没见过哪个后宫漫这么恶臭的哈。",1
这种狗屁日漫平时豆瓣评分人数连1000人都不会有，上厕所上到豆瓣来，差不多得了,1
本人女，看了前几集，制作精良龙傲天很爽，唯一让我有点不适的是男主的猥琐程度，在亲人葬礼还能打起手枪，怪不得被揍。虽然有点恶心，但是这一刀切的手法未免也太快了，说真的里番比这恶心的多多了，可能它唯一的错就是侵犯了大众的话语空间，原本小众的内容让更多人来评判所以它嗝屁了。（个人观点不代表认同作品三观）,1
进击巨之后又一大作。看了原著，世界观非常宏大，年代感很强。从小人物切入，讲述了主角从幼年到年老去世的一生，以及主角家族的兴衰。不仅映射/讽刺了当今世界政治格局。细节也到位，小配角瑞杰路德的一生，象征日本民族战后的迷茫与救赎，充满了浓浓的反战色彩。动漫把猥琐的部分弱化了，非常看好未来的口碑，有股票的话我就买入了,1
立本卡车司机都是大善人，每个季度普渡几百废宅去没有尽头的异世界享福。讲个笑话，连门都不敢出、拍着地板绑架亲情讨饭啃老的猥琐废物到了异世界纷纷改过自新人生赢家。想想你荒废的周末，落灰的健身环和不知道哪里去的奋斗誓言吧，在正常世界尚且苟且，去了剑与魔法的世界说不定连校工费尔奇的位子都要和上百个人争破头。补充：没看过小说单纯看了动画觉得很烂，看了评论科普非常震惊了。为什么要脑补所有给差评的都是不看日漫/喜欢逆后宫/来刷差评的？单纯不喜欢不行？一部厕纸还拉踩余华《活着》和众多著名艺术作品，真不觉得丢人吗？可想而知这部作品的受众都是什么品味什么三观。刷新认知。再补充：不是说不能喜欢不能看。要允许别人评论和厌恶，而不是去堵嘴。小众作品出圈，评论自然多，不要以为都是来特意刷的，人有批评的权力。,1
以前不喜欢一个作品一般是选择自己不看，现在不喜欢一个作品都是想让它赶紧死。何必呢？,0
…………我不认为这是一部可以进行全年龄宣发的异世界动画,1
在公共平台谈制作相关的话题对于本作而言已经没有意义。这部动画的舆论发展可以说是对当下网络环境最好的注解，互相扣帽子加上zd就是全部了。情绪化已经成为大众对待自己不喜欢事物的唯一方式，最后up被冲烂，视频下架，女权 up主粉丝 视频网站 吃瓜群众都觉得自己胜利了，没有人受伤的世界达成，然后大家积攒怒气等待下一次事件的来临。而我唯一关心的是，不喜欢就请你消失的这种文化，究竟还要持续多久,1
道德家们用有色眼镜来看所有的事，用他们的合理性来否定所有的不合理，第一次这么让我感到恶心想吐，我是女权，但是我也给这个番五星,1
我就奇了怪了，通篇正能量+励志，你说恶臭，OK。可是作为中年肥宅，有好几处真的很有共情同理心，我指的是对于人生和自我价值的思辨，至于恋童什么的真没看出来，我不相信一帮老阿姨也这么穿越过去对小正太没看法？（当然不是性层面的，我相信大家在这一点上都一致）。。。,0
这番连带着我对B站观感也不好了,1
"当亚文化挤进主流文化的视野，迎来的结局只有两个：
一个是死亡，变得比之前更加小众；另一个是异化，抛弃自身不被主流文化接受的部分。
至于中华田园女拳，用国际女权对她们的评价就是“亚洲女性把对自己不是白种人的自我憎恨（self-hating）的复杂心理活动，带入到现实生活中。 表现在现实生活中就变成了对自己同族男性的丑化。”

说回本作，可以看出动画组都是真爱粉，动画作画几乎没有崩坏，全程高经费演出，目前消息，本作将做成长篇动画，那么预计之后的经费演出可能没这么多了。
作为一个漫画党，接受了一些小说党的剧透，本作并不是顺风顺水的龙傲天，反而有着说不清的痛苦无奈，不过，这更加符合主角“认认真真重新活一次”的宣言。
期待后续。",1
"我思考了很久到底是什么让我觉得反感，

大概就是好多人为了说服别人这是部好番，拼命给主角的行为安上正当理由。

还有人拿名著做对比的我真是笑死了。",1
“无业死宅社会垃圾的我”，主角的自白倒是很清醒。,1
原版小说非常的棒，男主原本是一个满脑子黄色废料的垃圾尼特族，但到了异世界一步一步的成为一个有责任有担当的人 。异世界给予了他重来一次的机会，而他也正好把握住了那个机会。,0
作画太强了,0
里番嘛，普遍剧情比较雷+不尊重女性。个人感觉爆雷是因为这个作品定位不清。看看鬼父，是不是比这恶心得多？但人家很清楚自己是里番，得偷偷地播，观众悄悄地看。无职呢？正规平台大力宣传，恨不得让所有人都跑来看，这合适吗？这不合适。所以挨骂是应该的。,1
"女人搞np：不行
男人搞np：大大滴行",1
慕名而来，女拳攻击的对象才是人民喜闻乐见的优秀文艺作品,1
"就算扯蛋扯到一只脚在亚洲一只脚在美洲
只要经费到位
多媚宅我都能真香

卧槽 看评论才知道原小说男主翘爹妈葬礼对着亲人手冲被赶出家门才被撞死的
男主爸和女仆搞到一起还幸福三人行了
本来觉得画风细腻就算喜欢偷看小姐姐短裤也是正常lsp
这么说的话压根不是sp范畴了吧 创作这种情节的作者是生活在怎样的性压抑之下啊
还有sb引战 极端厌女腩狗有本事对着自己照片手冲去 自己跟自己生下个你自己
真是脏了老子的眼
人都有立场都有偏向 没人真正路人理中客 “露恶”的“恶”可能是一种手法也可能是一种开脱 没有明确的定义就别拿着鸡毛当丹书铁券 你天皇爷爷看都不看你这只烂蚂蚁",1
男主只是一个34岁两百多斤家里啃老，还在父亲葬礼上对着亲侄女照片手淫的童贞无业游民而已。转生之后也不过是对自己的亲生母亲和家庭教师意淫，偷内裤套头收藏，劝妈妈接受孕期出轨的爸爸留下女仆而已。啊，怎么会被下架呢，不懂呢。,1
婴儿猥亵自己的生理母亲，偷听父母啪啪啪，偷师傅内衣，支持父亲在母亲孕内出轨。并不是靠努力重启人生，只不过靠转生的魔法天赋。重生小说、穿越小说无、下限动漫、后宫番、里番也阅览过多数，唯独这部实在难以接受……星星只给做动画的工作人员和声优，每次开头op都做的挺好。,1
B站一月强推番……后宫向的也看过不少，这个有点恶心了，男主过于废物猥琐，有人能对这男主有代入感的，平时人得有多烂呀……制作不错但抛开内容只谈制作就像倒了菜吃盘子一样，舍本逐末,1
请不要把纸片人、动漫当做各种“低俗”的遮羞布可以吗？给正常的番留点活路吧,1
被日本宅文化毁掉的东西，凭这制作水平做什么不好。我算是开了眼界，原来在一个拥有正常伦理道德的世界偷内裤是个再正常不过的事了呢，就主角这该死的货色还能开后宫真是震撼。虚拟世界也掩盖不了从头到脚大写的恶心😁日本人，你们还有什么惊喜我不知道？,1
当代青年自我阉割的典范啊。果然靠外力还是不行，能毁灭自己的只有自己。,1
五星的制作里放了一星的老酒，虽然承载了日式异世界的情怀，制作组也努力了，但小众有自己的受众，不适合放到台面上就请圈地自萌。,1
如果他犯了罪，请用法律制裁他，而不是让他走上人生巅峰，这会让我对这个世界绝望。,1
"低情商：成功人士不能共情垃圾男主
高情商：动漫不止是给成功人士看的",1
预防性拉黑打五星的id了。居然还有人扯到天朝拍不出发条橙，呵呵这lsp的yy番能和那些电影比？看了几个犯罪片就瞎扯了哇？,1
恶心这部番不仅是因为开后宫搞黄色，没有思想的震撼和转变，没有艰苦的奋斗和努力，只是因为投胎投得好，就从肥宅家里蹲变成人生赢家，这样的二次元角色有什么价值？善良勇敢等美好品质一个都没有在男主身上体现，却还要追捧这种形象的人是真的病态。,1
拥护这种动漫的人是没有其他东西可拥护的了吗？,1
一般对于没看到一半以上的动画片我是不评分的，但是这部又确实🤢……作为观众对剧情很恶心，作为互联网用户对网站和各个up的强推吹捧和不预警很恶心，作为自然人对评论被删和强行被贴标签很恶心，再怎么精美的作画也挽救不了，一星不谢。,1
"看了大家的评论，关于这部番我还是保持我的评分。在我看来，前两集是两种环境下，人物角色成长的不同路线。现实中校园霸凌自卑自闭葬礼冲啥的，异世界中的父母关爱师父培养，逐渐走出阴影。

从卡车过来，男主想告知对方就知道本性不坏，只是被周围同学欺负的一个人。

小说是小说，番剧是番剧。内容上我觉得映射现在的校园霸凌日本宅文化，从男主学魔法就知道，男主也是个努力上进的人。对，即使他的一些行为你们感觉到很恶心，但是了解一些社会背景个人遭遇。

只有两集，看看如何改编。也没必要上纲上线，生活中没有完人，这种人现实中是有的，虽然也极端，但是他们真的是自愿的吗？就像陈凯歌陈飞宇刘杰等等关于代孕的影视作品，你以为影视作品不放就没有这个事情了？揭露问题的作品才是好作品。切莫非黑即白。

不争论，不认同左拐。",0
很可怜的番，在中国活不下去，事实证明事情闹大出圈后什么妖魔鬼怪都有，想要弄死蚂蚁很简单，何况这种有争议的番，扯的利益方越多越容易死，明眼人清楚大环境越发畸形，分级越晚出界限越不清晰，这种事只会反复发生,1
不会吧还有人共情男主，陈睿脑子不好使整成主推，活该下架,1
从一开始就不觉得《无职转生》恶心，因为《无职转生》本来就是异世界+后宫番。异世界意味着，你不能用现世的价值观去评判主角的言行，就像前一段时间很火的《魔女之旅》，你不能去要求主角帮助所有受难的人，因为她只是旅行者，不是唐三藏。后宫番意味着，你不能用现世的两性观去评判作品中的女性角色，后宫番的女性对男性的要求，本来就低到只要是个哑沙系的好男人就行。也别看不起后宫番，那些乙女作品是一路货色，高富帅的男性们对女主的要求，也只是她是天真不做作就行。真的行吗？后宫番和乙女作品能去要求写实吗？不都是性幻想吗？爽就完事了，女拳们还上纲上线了。别说出轨了，琼瑶奶奶的某部作品的女主还说过“你们不要争谁是孩子的父亲了，，，，巴拉巴拉”，最后两个男的都是绿帽侠。乙女向就更道德吗？,1
是真的好看到爆炸，剧情故事节奏作画全是业界的天花板!打一星的都是因为人设以及跟风黑，什么时候人物基础人设也能成为评判番剧是否好看的因素了?更何况这部番的卖点就是人物的成长。,1
本来不想打分，但我感觉为啥有的人就听不懂话呢？不是不让你们看，圈地自萌ok？这番在日本都是深夜番，别人自己都知道是上不了台面的东西。到了国内就在b站向全年龄段无差别推送，这还没有问题吗？你不到处推广谁管你啊，问题还是b站不该官方推广。（你们Steam玩个小黄油还知道在库里隐藏呢，咋不到处无差别给人推荐呢。）,1
因为争议巨大，带着要看三观不正情节和价值观扭曲内核的心，下架了专门来看的…结果发现并没有那么离谱…,0
是我错了不该对轻小说有所期待，一个猥琐男住进小男孩身体就会可爱吗？恶心得要吐了,1
太恶了，打分都脏我的主页 yue,1
Lex有说错？,1
这种剧情建议直接做成里番，里番超出道德系统好理解，放在大众网站的主推位，差不多得了😅,1
天降之物跟这比起来能上圣坛 里番情节你争1月霸权 到底是谁的脑浆拿豆腐脑顶着用了？ 正常后宫or老实在E站窝着没人出你们警 说句这破烂恶心跳出来护着好像这是什么牛赛EVA传世杰作 萌豚可长点儿审美吧（动画要全改了那后话再说,1
这部番是屎，但也不妨碍冲了这部番的蕾丝也是屎。真是大快人心,1
"我讨厌蕾蝗和我骂这部番矛盾吗？？？
陈睿你是真的行，别的番里血都要变红色和打码搞自我阉割，这个番堂而皇之做主推？？？
有些脑残粉就en洗，还跑到推特上替国人向作者滑跪道歉（结果被作者内涵这番受众群就是卢瑟），当代二鬼子汉奸给皇军带路，哈，让我也体验一把骂饭圈公狗的乐子",1
所以b站是怎么选片的？ 选片的审查的有处罚吗？ 处罚一个批评该片的up？ 称其几年前言论过失？,1
看到第十一集来为它平反一下。你们所谓的那些猥琐，只是这个片子的一点恶趣味。无论是从作画水平，故事节奏，人物塑造都是近几年少有的高水准。男主表面龙傲天，实际上是个自卑的肥宅，虽然口嗨但有底线，性格善良但不圣母，智商不低但也会犯错。好几次运用到但镜头语言也是让我挺吃惊的，奇怪的机位角度，从阴影走向光束的情绪转变，以及价值观的碰撞，人物的成长，我不明白凭什么就因为那微乎其微的低俗它就该被打入谷底。。,0
我第一次在豆瓣见到不及格的动漫，但是它值得。,1
希望广大宅男真的能明白wsn真的很恶心，不是什么“他是好人他以前遭受了校园暴力”“他是个好父亲，出轨只是女仆在勾引他”这种畸形三观的理由来洗白的,1
时代变了 大家都喜欢上纲上线谈三观了,1
为什么制作精美就可以容忍三观不正，传播这种淫乱的内容，在你们眼里还有道德底线吗？,1
为了公正起见，前三集👴强忍着恶心忍了下来，第四集真的受不了了，太恶心了，这不分级能上p站？？？陈叔叔脑子进💩了吧？😅🙏,1
既然你们都觉得道德问题可以导致一部作品一星，那么，我就是无耻下流的人了，我觉得这个番，是前三，而且叙事节奏特别舒服。,1
这部作品引起了巨大的争议，从而导致了网盘见。说真的，和很多后宫漫比起来它口味绝对不算重，也远没到十恶不赦的程度。但这毕竟是一部三观不正的深夜番，你B站买来当全年龄推广，被人臭骂也是难免。更别说原作后半段齐人之福，事实QJ之类的东西了。说起来B站的采购部门几次三番犯错，你们KPI就不考核的么？当年达令的国家队事件还能用原创忽悠过去，这次是轻改，买之前就没人读过原作么？往大了讲，你B站三番两次大力宣传这种不符合和谐社会公正良俗的内容，你陈某人是想翻天吗？到时候铁拳一来，全都完蛋。在这件事上，LEX不过就是口嗨背锅了。,1
b站不要脸只要钱，这种片竟然各种推广，你多少未成年人用户你自己没数吗？偷摸着放完也就拉倒，非得大肆吆喝。现实里哪个男的敢告诉我在看这片一定拉黑永不往来。真的是打分都嫌脏了我的记录。,1
30岁的魔法师，34岁的处男，感受到日本政府对男人们的恨铁不成钢了哈哈哈哈。不过也是令人迷惑的思想了，一个男人的价值需要依靠做爱（获得女性认可）来获取，有那么点可怜。看到妈妈的胸露出蜜汁微笑之后，还能幡然醒悟这是自己的母亲，突然失去性欲，这是男人唯一可以称为底线的东西吧。底线，再低一点，男主就可以乱伦了呢。再低一点低一点，男主还可以当同性恋和爸爸乱伦岂不是更美嘛～,1
怎么也想不通b站大力宣传的原因,1
B站的满分神作，恕我不能接受。虽然说不能用道德标准去评价文艺作品，但真的太恶臭了，放在任何年代都只会是难登大雅之堂的恶俗东西。,1
男主前世是个废物人渣，但是他临死前用了最后一次良心，在今世一直秉着良心开启新的人生，剧情整体是非常良心的写实风异世界故事，最终回最佳。关于豆瓣评分：因为男主毁三观？只是因为男主没有手动忏悔过才拉起仇恨的吧，但是他已经用转生后的作为做为忏悔的证明，如果一定要表面文章的话请去公证所；如果因为中世纪的价值观冲突，那么回头看看自己给美剧打的分是不是觉得自己很双标。（豆瓣专用拉分评论）,1
"不会真有人在这些作品里找三观吧。

要这么搞三观不正的作品多了去了，看番不就图一乐看完你该干嘛干嘛吗？这东西要能影响一个正常人的三观那你片也别看了，什么网文小说垃圾书什么的也别看了，那你直接出家得了。

某些人节奏被这么一带就开始了，真就自己什么都看的少就别人说什么是什么呗，就冲这么多节奏看豆瓣评分就只是一图一乐的玩意。

哎呀偏偏某些小孩还真吃这一套啊～",1
这种媚宅炼铜后宫番居然在b站被强推，你看后宫番可以，别特么骗人说这是热血番好吗？以为是看转生冒险剧情，结果被猥琐男主和强奸犯男主老爸恶心惨了,1
猥琐男搞黄大大方方承认就得了 没必要把这弱智东西吹成四大名著 恶心到我了,1
10/10。剧情非常扎实，人设非常立体，世界设定也足够有趣，制作非常优秀，本片在我眼中异世界类型番里是排第一的，故事内核也看得出来足够深刻，非常期待下一季。,1
这是变相告诉大家好色袭胸、偷女生内裤、跟老婆以外的人有孩子都是正确的是吗？？,1
我吐了，一开始看b站推番说是异世界轻小说开山之作值得观看，现在不由得怀疑是恰了烂钱，看到内裤套头我就想吐，多啦a梦都开始整改偷看静香洗澡，还不明白猥琐男是大众都接受不了的内容吗？或者说只愿意服务肥胖死宅每天意淫巨乳和美少女的社会渣滓？猥琐男全部去死去死去死吧！！！！！！,1
"低情商：成功人士不能共情垃圾男主
高情商：但是动漫不仅仅是给成功者看的",1
也没必要觉得都是女权辱没一部伟大神作，就一异世界穿越重生轻小说高级厕纸，能有什么价值。,1
让我震惊的是这个番居然在b站有一大堆拥护者…这让我改变了对b站的看法,1
但凡是看过几年动漫的人都知道里面讲的东西都很小儿科了，要让那些打一星的去看妖精的旋律 缘之空 妹调 出包王女 天降之物还不得给他们气死啊，都怪这几年二次元太出圈了，看个动漫都能打拳,1
第九集回来评，这剧将是神剧,1
如果真的是动画爱好者的话，许多反人类的作品都不至于情绪化的刷低分，更何况只是三观有问题的作品。我仅评价动画故事本身来说的话，叙事方法，起承转合都没有问题，只能说做出很出色，如此制作质量的作品因为作品本身质量之外的因素而落下这种评价实在是没法认同,1
现世的打击让主角变成了烂人，转生的机会让他重新开始，慢慢净化、成长。。。然而，很多其他观众看起来并不想给他机会。,0
中世纪欧洲风的精致作画 配上 油腻大叔猥琐至极的人设，所以说。。性格刻画的确挺好的。。。不知道后面会不会有男主变态心理慢慢 改邪归正 的成长历程。三观应该是这部番唯一的败笔了，口碑两极化很严重，不过我还是保持期待,1
【B+】一个有趣的现象：在真人电影中去盲目吹捧“制作精良”“电影工业”似乎仍是愚蠢的，但在动画中以“作豚”“婆罗门”为代表的观众去深究作画、演出的方方面面却被赋予了合理性。其原因便是“制作”这方面的 程度将直接影响到影像表达是否高级，甚至可以把文本上的种种缺陷给“化腐朽为神奇”。不过这番本质还是考验你二刺螈浓度的作品，毕竟制作组真的在某些争议点上毫不遮掩，舒适点和反胃点都那么突出，有够矛盾的....,1
"一个不错的开头，世界观等设定基本交代清楚，主角没有所谓龙傲天的主角光环，一切都一步步踏实地从零开始。
没看过小说，不会被各种势力带节奏，据说后面很厉害，期待part2
（在虚构的世界里寻找真实感的人脑子一定有问题）",0
无职错就错在不该把深夜番当主流番推荐，这完全是叔叔的错！男主的猥琐是不争的事实，在哪里都是烂人kuso，看无职的我有清楚的认知，但禁止这类创作就是不对的！世界不能完全的政治正确！（评分完全基于剧情和作画）,1
朋友们，身边有喜欢这部的，跑，马上跑,1
"业界药丸真的不是开玩笑😃，好的制作给了这么个垃圾剧本。虽然我对乙女番和腐漫的爽点无感，但拉别人给自己挡枪的行为是真正软弱的废物啊。没胆子正面讨论就会找别人挡枪，见到吐槽句人物没下限就无脑扣帽女拳。殊不知这正是给女拳美名化，女拳言论才是正常人，维护这种猥琐的三观才是小丑本人。
不是过去所有的有人追捧过的作品都可以称为经典，时间不会给垃圾洗白，只会让人发现原来它已经臭了那么多年，不会是粪坑里最底下的一坨吧？
这种无脑爽的作品就别给自己上价值了，简直自寻死路。",1
怪就怪我们没有分级，拿日本废物的低劣玩意儿当宝引进,1
"一般女性向作品主角：普通、善良的女孩子
你哔9.8分的男性向作品主角：三十多岁没工作家里蹲的胖子，偷拍自己侄女洗澡，父母举行葬礼时在家对炼铜图片打手冲，穿越到异世界以后性骚扰自己的妈妈等一众女性，etc
罢辽，ACG主要成分向来是媚宅文化垃圾，什么受众配什么作品，也不必较真",1
"似乎很多人都没搞懂一个问题
主角三观≠作者三观 主角行为≠作者认同
如果作者鼓励并认同男主的行为那确实三观不正 但是从头至尾也没有吧 并且男主以后也付出了代价 这是一部注重成长的小说 也是一部制作精良的番剧 我认同没有了解过小说的人对其的反感 但我不认同没了解过就跟风差评 怎么时代越发展宽容度越差了呢",0
"开什么玩笑，要吐了。
粉丝差不多得了，别拄拐了。
你和我说一个在父母葬礼时还在对着偷拍的侄女洗澡照片撸管的废物尼特死后就能到另一个世界获得天赋开启后宫左拥右抱？差不多得了，别意淫了，脚踏实地生活吧。男主他妈生他还不如生一块叉烧",1
更明显这是一部宅男爱看的里番动画，成年人自己私下看也没啥，但是B站，却在学生放寒假的档口，放在首页强推，即便点了不感兴趣也还是不断飘在我首页，把这么一部猥琐的，三观不正的动画强推给b站普通用户，众所周知b站未成年多，这样的行为，符合b站 后浪 的定位？？真是恶心人！！,1
不好意思我是人下人哈哈哈哈哈哈哈哈哈哈哈哈哈哈哈哈哈哈哈哈哈,1
在目前没有分级的情况下，受众以成年人为主的平台上架情色内容是🉑的。但是哔哩哔哩受众以未成年和大学生为主，而上架这部影片的内容不是情色相关，而是男主人公对着不到10岁的侄女手淫，主人公的爸爸强奸妇女，这是完全的宣扬犯罪、恋童的作品，任何国家、任何平台都不应该播出这样的内容。对违法犯罪说不，人类应该有最起码的底线。,1
虽然我是个男的，但一直觉得死宅挺恶心的，日本业界花这么大的经费做这种媚宅番就更恶心了，有这钱投给那些真正优秀的剧本不好吗，wit都因为不怎么赚钱放弃了《进击的巨人》，这种垃圾三观的东西却大行其道，耐不住全世界宅男就喜欢看这种垃圾，恶心啊，恶心。最后，女拳都是傻x，脑子不正常。,1
🌚身边男生朋友都喊我不要去看这部动漫，万幸，我身边还有正常人。,1
ep11. 星空下，瑞杰路德：你有着要守护的事物，是一名战士。… 瑞杰路德：战士是我的骄傲，战士会守护孩子，重视伙伴，我是个战士。—— 泪奔。11集，可以算是完美的小结。,0
能安静看番的感觉真好,0
5星给导演，表现手法太细腻了,0
看到b站评分还有老二次元们的忠告，这我更加讨厌了。我不管你tm是不是在异世界重生对父母没有感情，你母亲好歹生下你了吧？这难道不配你护着她吗？所以必须得包庇你私偷内裤你才会报恩吗？         制作好我知道，后面男主努力我也知道，但是我真的不配看这个番，我还是不配看后宫番，真的就恶心女性了。,1
今天想了想为啥越来越不理解一些二次元宅男，毕竟以前是钢炼、火影、海贼王；现在是女仆、炼铜、刑法典,1
太好看了吧我靠，竟然有人觉得这不好看,1
"1、小众文化ok，放到没有分级的b站就不ok。
2、标签奇幻冒险，爽文开后宫ok，挂羊头卖狗肉把人骗进来喂屎不ok。
3、谁还不yy帅哥美女了，如果只是老色p谁管你？但意淫老妈侄女、炼铜强j就触犯人伦道德底线，绝对不ok。
4、明明就是媚宅动画，目标用户被戳中内心破防了当然跳脚，看到女⭕来攻击更是报团反击，还自以为是守护优秀动画作品，抵制“人上人”呢？别tm逗了。

不要求动画正道的光，但至少不要踩着人最基本的道德底线🙃",1
豆瓣差不多得了😅,1
当初吹的那么猛，结果一看又是厕纸，作为死宅我都看不惯这人渣男主，剧情也感觉不到亮点，原来这就是所谓的异世界天花板,1
母亲为爱牺牲，仙鹤也要护老登；裙子软绵可撕，石矶也要服美役。,1
感觉“我命由我不由天”的是申公豹，申公豹真的好努力，努力的小镇做题家，努力攀附强者才能让自己出人头地，好想哭,0
虽没有第一部“我命由我不由天”的惊艳金句，但更多了些“怎能不知道这世间的规则，由谁所定？”的结构性思考，无量仙翁的“个体失范代替制度失范”真是最佳切口。狠狠期待第三部！,0
申公豹：小镇做题家的一生,1
初一看到哪吒对着父母哭喊对不起就是我渡的第一劫,0
饺子的水准真的稳。本片是对第一部的全面升级，阴阳美学更加极致，水与火、红与蓝、善与恶等等元素多番碰撞与交融，最终激发出了澎湃而恢弘的冲击力。这一部的变身以及兵器的运用更燃、更爽，且富有想象力。情绪上依然是笑与泪兼具。内核上又不止于对命运不公的反抗，与不公斗争的不再只是哪吒，还有困于既定约束下退无可退的许多小人物，而当个体变成群体后，对个人命运的刻画变为对时代命运的洞察，这种主题上的升华让影片更有回味。值得二刷。,0
何为“反父权”？79年的哪吒直观地以“反父亲的教导”来代表反父权的思想，19年的魔童哪吒横空出世，哪吒也得以拥有一对爱自己的爸妈，于是反父权=反命运，拒绝标签，我命由我。如果说第一部的反父权是直白对父系权威和命运掌控的反抗，那么25年第二部中的思路则全方位转变：哪吒不再为了反抗而反抗，这反而会导向另一个极端的禁锢；哪吒选择在看清了一切规则后抽身其外，不留任何转圜和调和的余地。我们多少也收到过所谓仙翁的‘绿牌’，但当你祛除所有泡沫，或许发现绿灯红灯根本没那么重要，走对自己的路，是魔又如何？！,0
中国人有共同集体记忆的神话传说一定会提到哪吒闹海，所以春节看哪吒也是属于中国人自己的仪式感！延续第一部的优秀人设，第二部每个人物形象依旧很饱满，龙爸龙姑都好美！不过我还是最爱哪吒，他对于身份的自我认同与他的觉醒程度正相关的，让人觉得充满力量，一声声发问和呐喊震耳欲聋！真棒！2025用好电影开个好年！,0
申公豹视角get:有自己的脑子是一件多么值得庆幸的事,0
能不能别放3D版本。,0
中国传统神话故事需要在创新中传承，哪吒系列就是一个好案例。哪吒本来就是我很喜欢的一个神话人物，他与悟空极为相似，这二者之所以能让人们代代相传反复改编成影视、游戏，就是因为他们有着打破刻板印象、打破世俗规训的反叛精神。很喜欢电影里的台词“小爷是魔，那又如何”，延续了这个IP的最重要的核心“不认命”，老子就是要跟天斗跟地斗跟命运斗到底。当拥有的被剥夺，那就奋起反抗，“我活不活无所谓”，有种“宁为玉碎，不为瓦全”的悲壮。哪吒誓死不从、逆天改命，大部分进步都是从“不盲从、不认命”开始，我偏要走出自己的路，步履不停，便是自救之法。,0
烦透了这种高层隐身、中层搞事、底层遭殃的设定，无数次看得我血压飙升，哪吒虽然设定是魔，行事倒是深受忠孝仁义那套东西束缚，也不知道到底反了个啥？,1
太帅了啊啊啊啊啊啊啊啊啊！！！！！东海龙王太帅了！！！！！！,1
家人们谁懂啊，敖丙也太适合当老婆了,0
活该赚钱的水平,0
特效太牛了，太燃了，依然很搞笑，我们的吒儿瞬间长大，破茧成蝶，涅槃重生。,1
在燃些什么？又在反抗什么？无量仙翁无法代表压迫哪吒/龙族的体系，甚至连阐教都代表不了，只是被抽空的单纯“坏人”，你都理解不了他的危机感来自于何处，看看装死的“师尊”，感觉第三部又要回到“大领导好，小领导坏”的老套路。哪吒的蜕变和成长始终被控制在安全区间内，他无需为陈塘关千万被屠灭的百姓负责，无需为那些被他抓去炼丹的妖族负责，无需为自己一时冲动击伤的友军负责，甚至他屡次“拼命”也无需付出任何代价。唯一真正牺牲的母亲只是观众的催泪弹，哪吒的变身器，是太过工具化太过陈旧的设计。,1
"很多桥段很低俗，第一部就有这样的问题，但就是不改，因为导演觉得拍得再低俗都有大把的人去看，不缺你一个。
踩裙子、做藕粉的时候抠脚、擤鼻涕、猪放屁、随地大小便、喝尿、喝呕吐物，虽然最后没喝，但还是令人深感不适。
导演似乎以为屎尿屁等低俗元素等同于喜剧，却不知道高级的喜剧可以让人开怀大笑的同时保持内容的雅洁，更何况这部电影的大多数受众还是小朋友。
电影所探讨的打破宿命、反对不公本应体现在内核上，而电影中这些精神全都浮于表面，导演以为仅仅通过赋予哪吒一个奇特的长相，以及吊儿郎当、没有教养的形象就能展现其反抗精神，这和叛逆期的初中生的理解无异。
为了多卖票房炒CP、卖腐，不能拍同性片就通过打擦边球的方式吸引观众，骗喜欢看此类情节的人去看，又当又立，但你有没有想过有些观众只是想看正经国漫，不想看卖腐？",1
历史归根到底由血气方刚的年轻人书写。,0
好棒的特效，好俗的剧本，好疯狂的大众。,1
好燃不知道在燃什么 但是确实很燃 但是确实不知道在燃什么,1
真的太冗长了…以及这部里的哪吒本人一点都没有人物魅力是可以说的吗…,1
"有顶级美术和特效却没有优秀文本承托的电影。
台词不接地气，笑话或低俗或突兀，剧情之间衔接不够，形成割裂。内核更陈旧肤浅，摆脱不了父慈子孝、宏大集体主义的戏码，无法跟原版哪吒削肉剔骨的反父权精神比拟，所谓反强权反阶级叙事是靠异常直白简单的正邪对立来塑造的，套了一个身份的矛盾而已，并且在这个对立中又堆叠出集体主义。最肤浅到可笑的是天天挂在嘴上的反抗命运，不过靠响亮的大嗓门和天生自带的神力成就，驱动因子总是愤怒居多（人物已经扁平了），到头来一口少年热血也很落俗。
“若天地不容我，我就扭转乾坤，若没有路，我就踏出一条路”这种台词土得我印象深刻。
//竟然还有那么低级的政治隐喻，和美国相关的就可以让网友过一把民族情绪高潮瘾了，此地吹这个二流导演倒也不惊讶，不能睁眼看看世界只会觉得这样的电影是天花板咯。",1
6.5/10，编剧给美术磕个头吧。那么多的误会硬是没人开口说话，就en打。战力设定成谜。在脱离了剔骨还父割肉还母的反孝后，哪吒做事的动机根本没有解释，跟把枪似的人指哪打哪，完全是意气用事三岁顽童，无法让人共情。说着“我命由我不由天”，“我的命”到底是什么？完全没解释。敖丙像个漂亮能打的花瓶，除了是南通和别的摆设女主有什么区别？世道混乱，好像只有强者能活下来，那哪吒为什么强呢？天生的。别太好笑了。阐教弟子和妖族大战时候像一金一黑两股水流冲撞在一起，血肉喷溅出来，我只觉得毛骨悚然。因为这其中的一滴水，和一个莫名被屠的陈塘关百姓，才更有可能是我。,1
"经过这些天的反刍越来越不喜欢这部电影，主角缺乏人性关怀和思考，退一步说土拨鼠泛滥能对百姓造成危害，那申公豹的爸爸在认真带领小妖修仙，一心诚恳又有什么错，石矶娘娘一人一座山又害到谁了，凭什么无缘无故被主角暴打一顿后还毫无愧疚之心。
我本身很喜欢对抗强权的立意，况且这里从阐教上下都象征着固化的权力结构。可是电影里哪吒的反抗是通过反派极致的恶激化出来的，不是由于自身的思考和变化。
电影里典型的男性视角已经懒得说，喝到尿喷出来笑点已经足够，非要喷到别人脸上，还非要是鹤童。敖闰明明强大为龙王，建模还依旧是非常刻板媚男的样子。
做到这个成绩确实说明有市场吸引力，批判的声音是希望能进步。",1
精彩（我有一个不适的点：就是哪吒踩鹤童衣服那下 不喜欢这种笑点）,0
仍是小鱼儿跟花无缺。画面确实很好。但几千年就只有一个哪吒。可以给这小童取任意一个名字，也完全不影响故事展开，为什么非要抢走哪吒的名字、让这两字淹没在父慈子孝的温馨泡沫里？……默默地难过。,1
"很燃，但看的有些难过。
陈塘关被灭城了，一直安居乐业的百姓无一生还；只是在荒山吃自己看着并不好吃的大锅饭的土拨鼠一族被收了；带着自己徒弟用心修行一心向道的申正道一行被抓了；只是在自己的大山里跟镜子聊天的石矶娘娘也被收了。没有背景好不容易“洗白”的申公豹，因为家人被抓又要开始做坏事了…普通人无论是向上挣扎还是隐居，都躲不过一个被碾压的命运。
而哪吒与敖丙作为主角，没有问过他们是不是该抓，只是一味求升仙，他们有没有逆天改命我不知道，但他们改了一群妖的命。或许会有人说，不是哪吒和敖丙，也会是别人，这本来就是作为妖，作为百姓，作为NPC的命，被碾压，成为主角的垫脚石，然后磨成灰，一把扬了…一将功成万骨枯…
很高兴，我们也即将有百亿票房的电影了。很难过，这电影的内核如此单薄又经不起推敲。",1
流传了上千年的传统故事，被胡编乱造。加入低俗的台词和尴尬的笑料,1
不知道为啥非得套哪吒的皮，跟哪吒基本没什么关系。屎尿屁笑话太多，还有女性角色被踩掉裙子这种恶俗笑话，石矶也被塑造成这个样子…最有血有肉的角色居然是申公豹,1
7.0/仍然是属于男性的叙事。所谓“反抗父权”，不过是被压迫的男性去革旧爹的命，再继续成为新爹。哪吒能逆天改命，也只因为他是拥有绝对力量的魔丸，才有资格说什么“王侯将相宁有种乎”。/女性角色仍然可悲，仙鹤裙子被撕，男人怒了就找个女妖打一顿，最后牺牲的只有妈妈，fine🤗/以及为什么不革亲爹的命，这里面父亲形象塑造的都太美化了，我还是想看那个“爹爹，你的骨肉我还给你”的哪吒。/权斗很精彩，感觉天宫升仙就如考公，我只看到了有关系的哪吒轻松得仙牌，没有权势的申公豹家说被杀就杀，底层的小妖和人类更是贱如蝼蚁，受够了上层打架下层陪葬的叙事。/动画效果加分，天庭和龙族是真的帅。。。,1
分突如其来的高，票房也这么高，真是赶上过年的好时候啊，竟然演变成了集体狂欢。但影史最佳居然是给到一部剧情低幼的儿童片，内核还是西式个人英雄主义，靠着麦麸二创和爱国营销捧到了诡异的高度，难道不是另一种层面上中国电影的悲哀吗,1
进步的是科技，不是电影。,1
打，打他个大漂亮——然后就很突燃——燃到底了，就🉐三不五时地反，但到底在反什么呢，我也不晓得。,1
"到底是谁在夸？给吐槽哪吒的评论都狠狠点了赞,剧情毫无逻辑，一切只是为了打而打;人物扁平毫无张力，冲突产生都是因为性子太急话没说清楚;节奏太奇怪，从头打到尾还不是层层递进，大家都在一直看表;费尽心思逗人笑但是真的不好笑，尴尬的脚趾扣出玉虚宫。特效又不是没看过好的，如果它是国外电影看看豆瓣打几分。想到一张票60我就心痛，再想到它要成为影史第一我更为中国电影心痛。",1
主题+编剧老套，永恒的母爱主题（换成台灯也未尝不可），看来天庭也是个草台班子，什么都发现不了，挺符合现实的哈,1
"所以陈塘关全部碳化的百姓没有任何人关心…？而且一直在不好好沟通以及信息差也很无聊。那个扫描不出来揍人、村民眼神不好把猪屁股当哪吒、踢毽子把人踢墙里都不好笑。热血国漫，我还是首推《魁拔》。
以及，两个主角都没妈了，这个设定就充分暴露出，登气文学永远跳不出父父子子的框架。so boring",1
确实春节档娱乐性最强。放在暑期档也能大卖那种。2025 年的中国电影已经明确展示了一种未来可能性：中国观众还是愿意看中国电影的，但前提是要有足够的类型化，足够的娱乐性，足够的制作完成度，足够的情绪共鸣……做到这些真的很难，但只有做到这些，中国电影才有机会凤凰涅槃。,0
申公豹的爸是闪电侠😅,0
跟我对1无感一样，2我也完全无感，但我觉得确实是一部合格的大制作。可你要说打动我？哎，它可能确实不长在我的审美点上。而且看的时候我一直在吐槽：哪吒啊哪吒，脑子是个好东西，咱是不是因为天生魔力值高所以武功也不需要脑子学，所以就靠怒火值搞定一切？而且母爱父爱啊什么的我觉得煽的有点廉价，你知道79年版哪吒闹海永恒经典在哪吗？在他剔骨还父、割肉还母。我不是你们期待中的孩子，那我就不做你们的孩子。不要拿这些来裹挟我。那才是反父权的经典。无可逾越。,1
有一种爸太多了，磕不过来的感觉。陈塘关的百姓，在哪吒成长过程中没有任何意义。他们惨遭屠戮这件事，仅仅被视为名门正派的污点被一笔带过。被镇压的妖族，到底是否作恶，他们的觉醒到底意味了什么，统统被搪塞过去。如果这些问题没有被严肃对待，反抗就是空洞的。,1
要特效有特效，要剧情还是有特效,1
"《哪吒2》就是换了一种表现形式的《长津湖》和《战狼2》，不仅倚仗动画片把视觉暴力美学做得比后两者有过之而无不及，而且赤裸裸的抗美隐喻说教比后两者更入脑入心。

抛开这些不谈，作品本身很成问题。一是全片美学风格非常不统一，人族、神族、妖族根本就是三个美学体系，外加土拨鼠场景仿佛误入迪士尼；二是故事本身的笨重，这属于国产大片在剧本上的通病和软肋，再配合视觉上的轰炸让人双重疲劳，只在最后哪吒说出那句“因为我们都太年轻，不知天高地厚”时才感到一丝久违的轻盈。

相比之下，我觉得不负重前行的《熊出没》可爱多了，而《雄狮少年2》才是真正的艺术创作。【金逸杭影】",1
我承认刚看完非常热血澎湃，甚至各种推荐给别人，狂夸画面特效。但后劲上来，越发难受。为什么母爱要再次成为英雄叙事的注脚？为什么陈塘关屠城，结尾还一副皆大欢喜的样子？为什么随地撒尿、骗人喝尿、章鱼自残、呕吐、展示咀嚼过程的特写成为笑点？为什么石矶娘娘和魔镜要雌竞？女性角色本来就没几个，好不容易彼此之间有完整对话，还是在比美揪头花。。。技术的优秀掩盖不了叙事的落后。别提哪吒一脸衰样，我几次试着不看画面听他台词，根本含混不清毫无清晰度可言。为电影制作的用心加一星吧。1.30,1
燃爆了，这么多年没白等！与其说是一出跌宕起伏的暗黑童话，倒不如说是一出反抗体制的政治寓言。继续贯彻“我命由我不由天”的叙事母题，并进一步加以精进，神仙如何，妖魔也罢，正邪本就是混沌一体，依附所谓强权的下场只是被用作为他人铺路的石子。既然规则已然写好，那就荡平障碍，制定一个“我说了算”的新规则。几场大战看得人血脉喷张，美术跟特效肉眼可见地更上一层楼，笑点密集燃点丰富，敖光出场的时候周围观众都在“哇”！最后变身然后二人联手的场面更是让人目不暇接，想象力跟情感浓度都做到了一绝，四星半，太稳了。,0
一代人有一代人的哪吒，哪吒是敢和世界较量的每一个人,0
陈塘关的百姓全城被屠感觉无人在意。哪吒的成长要靠母亲的死。全程人物形象最鲜明的是申公豹，别人质疑他屠城，他却知道是无量仙翁杀他家人。,0
"特效再好又如何呢？文戏设计实在是一如既往糟糕透顶。
对野心与阴谋的想象宛如儿戏，一群人和妖仿佛没有任何心智，只会被情绪驱动。仙/妖矛盾被简化成了体制内外的谄媚与对立。
所谓的大场面人海/妖群的蝗虫一般呼啦啦地来去，视效简直到了令人反胃的程度。
比沦为大场面的工具更悲惨的是陈塘关的百姓，既然如此惨烈就不应该把故事讲成喜剧爽文，若非如此想法、那想要做矛盾冲突的剧情何至于此。
死性不改的屎尿屁喜剧梗。
东海龙王从形象到招式都像是页游充了999后的直男最爱顶级皮肤，也不知道是不是主创搞的情怀，反正我无法欣赏。
仙鹤女、石矶、西海龙王的形象都充满对女性形象的刻板印象，更绝的是都5205年了竟然还在献祭主角的母亲来催动情绪，真是刻意到令人作呕。",1
"文戏稀烂，武戏土燃。

就非得出金句吗？",1
动画细节满分，但是有着非常陈旧的价值观和非常非常陈旧的女性形象，真的不想再在大荧幕上看到一位“母亲”一生的意义都在于托举自己的儿子并为此献出生命了。,1
一直对传统神话和人物的过度改编持保留态度，但它可能正合当下年轻观众的意。作为“哪吒闹海”新编，辟蹊径嘲讽仙界未必优于魔域。仙界陈腐的教条偏见，禁锢着个体的血肉、思想及修为。对当下观念现象语多戏谑，如修仙考核像极了考公，哪吒形象的N次重塑，好似甲乙双方“改回第一版吧”的经典语录。可是“好白”的白宫、绿卡鹰牌、宝鼎＄纹、新冠噬魂丹和陈塘关封城的隐喻又是在干嘛？最不满的仍是第三幕中惯例性的满屏轰炸、大而无当。为何现在的神话片到了第三幕，主角就都得变身，不变就没法打了？,1
好看但过誉。票房上是世界影史留名的程度，但是质量却让我怀疑它是否配得上在世界电影中留下丰碑，甚至创造中国电影史之最我都觉得有点过了。电影讲了一个完整且节奏把控优秀的黑神话，塑造了一系列印象深刻的角色，呈现了无数场视觉奇观，是国漫的一大进步，值得表扬。但影片表现的各种笑点基本是低幼的，尤其是近日补看哪吒1，发现是一部完全子供向的作品，第二部稍微提高了大众接受度，但依然像是针对10后量身定制的电影。只能说哪吒2的成功离不开所有人和官媒的推波助澜，造就了一次票房奇迹。电影本身的质量，配不上百亿影帝的称号。,1
这部片表明，就算父母以身作则处处自律，孩子也可以根本没学到一点。一个小孩成天勾背插兜翻白眼，坐没坐样站没站相，怀疑非李靖夫妇养大，一天到晚暴戾歇斯底里全赖魔丹入体？强行给一个四处闯祸的黄毛套上孝子的外壳给他洗白，现实生活中只配丢进少管所和部队往死里揍。配角建模高度相似，引路厕所的女使和哪吒妈以及动画版白蛇青蛇几乎就只是服化道的区别，共用一个脸。女性角色都没什么好的表现，石叽莫名其妙被铲除甚至被暗讽“丑胖还自恋”的形象，女使裙子被踩掉为不失态换衣服间接导致哪吒跑错厕所，出馊主意挑事的是龙妹，噶的不是李靖而是哪吒妈，高光全部给男人。主创到处吹自己多么死磕特效，怎么不说一下低俗猥琐桥段、歧视结巴梗、屎尿屁做藕粉，借红色风大杀四方，问题是西方动画哪里惹到你了你一副登门复仇的宣传架势这算不算自卑？,1
一部爆米花电影成为中国奇迹，是这个国家的悲哀。更可怕的是这些年吃这文化垃圾长大的这群观众，一逗就笑，一煽就哭，被拙劣的导演编剧玩弄股掌……哪吒2如果仅仅作为一部贺岁片，大家哈哈一笑就过了。但是如果它被上升到民族精神的高度，或者说，它以其庞大的票房和影响裹挟绑架了民族精神，那就是文化的灾难，并必然埋伏下溃败的前景。同样是拍哪吒，《新神榜：哪吒重生》的高度难以逾越，却难以获得时代精神的回应，我们处在一个矫饰，谄媚，昏头昏脑，莫名其妙的时代……,1
其他都很好但是什么时候能放弃踩烂女角色裙子，往女角色脸上喷水喷到妆化这种男味烂梗啊,1
原创性满分，视觉特效满分，人物群像满分，最大问题大概是双男主被配角抢走了不少戏份，以及最后大战不够燃吧。另外靠误会推动剧情在第一部就用过了，第二部怎么又是相同配方...,0
天元鼎千针万刺只怕那刺伤母亲的穿心咒语，玉虚宫千珍万宝只要帮敖丙塑身的玉液琼浆。昆仑道上凡人求访意图升仙，飞瀑峡边小妖修炼试图改命。眼盲之人识不得谁是保护自己的英雄，心盲之妖辨不出何为禁锢异族的锁铐。恨自己生来是妖魔，六星连珠时要换副面孔见兄长。却不知仙界无情，众生不过一枚丹药。,1
到底谁在乎陈塘关烧焦了的百姓。。。。特效可以，剧情稀烂，人设矛盾，魔丸这么爱父母爱朋友爱师傅，魔在哪里？还是像第一部一样强行搞笑扣一星，卖腐扣一星,1
恶毒龙姑姑不错！可以多来点！也有不少新颖视效，有被燃到！配乐也会感觉时不时点亮耳朵。少年魔童的戾气孤独，我会看作群体的偏见的伤害。作为国产商业动画，在保留热血燃魂的同时，若能对女性角色（如恶毒龙姑姑）展开更深层挖掘会更好。期待封神宇宙（以及西游内核）绽放多元化的光！,1
要说“反父权”，要先说清什么是父权制。父权制的原词是patriarchy，你绝不能只是紧盯字面上的“父”，不能只是理解为两个性别之间的矛盾，它更多代表的是一个社会强者对弱者的剥削和压迫。例如电影里，有人给陈塘关的老百姓发声吗？更惨的是海底那些藤壶、福寿螺、轰炸大鱿鱼，他们以一种喜剧化的方式死去。弱者的死只是起到一个主角成长路上的催化剂作用，因此此片表面上是反父权，其实还是没有跳出父权的逻辑。,0
乱燃，燃得戾气很重，电影院爽完出来是一无所获的。,1
8.6有点虚高，剧情是真的好一般，所有的冲突打斗都来源于信息差，制造冲突的方法太浅显了。无关剧情和并不那么好笑的包袱，让140分钟稍显难熬，不过特效是真的没话说。补充一下，老百姓又轮为了背景板，只有我因为被屠城而在观影过程中隐隐心痛吗？主创们好像并不在意。,0
老天奶啊，这么多年过去，我们群众的欣赏水平是越来越烂了。,1
"这种片子创造票房奇迹，证明了影视的全面萧条和审美的全面沦陷
动画拼算力所以还行，情节就是一大堆中二逻辑，主打一个无脑靠狠就能赢，塞满了小朋友最爱的低级梗， 漂亮的必须欧式面孔，国漫永远缺钙",1
能理解為什麼能爆，製作上確實美輪美奐值得讚美。但對於不小心撕掉女人裙子又要撒尿喝尿這些橋段真的很無語，而小朋友們看這些屎尿屁倒是看得很快樂。整個戲用反建制包裝，但那個反派根本是欠缺動機說服力硬拗出來的建制符號，反倒核心是維護爹和權威的，和上一部的中心思想大差不差，喊口號自high也是一脈相承。和《射雕》連著看，兩部都死了娘，也不知道是為什麼。,1
作为春节档爱好者，可以说这是近五年看过的最“春节”的一部。有必须去电影院看的大场面、有工整的剧情、有能笑出声的笑点，到这里已经很好了，更进一步是有新的价值观。人物关系比上一部更有意思。敖丙和哪吒是典型的双雄，套了阴阳相生相克的设定。最后所有人一齐推翻所谓的正道。“我活不活无所谓，我只要你死”比温情脉脉的正能量更有记忆点。烂命一条就是干，反正世界就这样了，新一年打破旧规则，说不定有惊喜。,0
更喜欢削骨还父割肉还母此后便是自由身的反父权反封建伦常内核的哪吒,0
就这么说吧，我看完了大半夜不睡觉来找三星以下的短评，看看有没有和我一样。为什么去看呢？哦因为票房真的高每天满座所以好奇。对第一部就一个印象，不喜欢哪吒是个没礼貌的小孩。今天第二部看完告诉我老公:国产动画还是这样，特效做得很好了，但是剧本写得真的烂。。。不能多读读书深造一下写出更有质量一点的剧情和台词吗？哎。真的很一般。。。,1
凭什么要牺牲申小豹和哪吒妈以及陈塘关其他百姓。。,1
一场犹如体罚的观影仪式。,1
2025年了不可能因为你电影特效好就给你高分的，好歹有个引人入胜的剧情吧，笑点低俗，故事太烂，强行煽情，全程吵闹的要死，不是在打架就是在打架，毫无内涵，全程看特效，只适合小孩看的动画片，对成年人来说两个半小时真是煎熬，全篇就记得哪吒打完敖丙打，合体打，分开打，变身打，本体打，打土拨鼠，打龙宫，打老头，花一百亿看这种电影中国观众你们是真饿了，真想让中国电影走向世界，去把我不是药神重映然后刷到两百亿吧,1
土拨鼠那一声啊让人瞬间出戏，仿佛是在刷劣质短视频而不是在看电影,0
片中母亲之死让人落泪。我周围都传来啜泣声。母与子的生死离别，很少有人会无动于衷，那恐怕是人生中最可怕的情感创痛。在难过之余，忽然有一个问题跳出来：倘若当时死的是哪吒的父亲，我们还会如此难过吗？父与子的生死离别，照理来说应该有同样的情感冲击。但导演没有选择这样的情节设计，除开可能有续集新剧情发展的考虑，更大的可能是：他知道，母子之前的情感羁绊，在很大部分的国人心中，是远深于父子的。,0
名不副实，屎尿屁梗很多，就打架还不错。台词写的太尬了，剧情不过就是十几年前流行的神仙解构阴谋论那一套。另外，为啥非要献祭了亲妈才爆发，克林祭天法力无边？,1
两星半。我很喜欢儿童电影，但我很不喜欢小孩撒尿电影，从踩掉女性的裙子（为什么不写仙袍有法术将哪吒反弹飞呢，这就是一个本位是谁的思考）到喷洒在鹤仙脸上，一连串非常可怕，如同在我的心灵上倒了一些呕吐物。牺牲母亲大可不必，父亲傻傻站一旁真是尴尬，让父亲好好照顾母亲（丹丸）还以为是反讽。四大龙王的形象做得很难看，细节也缺乏，混战三大龙王的打斗戏驾驭失败，这场戏做得很差。最后的大战是不是有一些AI感的东西跑出，也是细节的问题，细节太少了，镜头也是一直全景去展现一些恢弘的画面，越来体验感就降低，和文戏对白一样，只能写一些屎尿屁笑话和口号，他的魔其实是基于他不是魔，他没有困境他的选择他的做法都是“正确”教育（妈妈付出爱，爸爸胡说霸道一些社会准则）之下的产物，第一部求证勉强尚可，第二部再拿出来说事就很无力了。,1
"的确很适合春节档——国民度超高的神话改编，笑点密集的娱乐性，把握大众情绪的精准踩点，以及视听画面、由个人上升到群体的主旨表达相较于第一部的全面升级，再次证明认真投身创作才是吸引观众回归影院的最大保障。
虽然看多超英已然腻味，但中国的神魔题材由动画形式输出且质量颇为不俗，大场面的调度和气势显示出技术层面的精进——天元鼎的巨物美学，涅槃时分的天崩地裂，都值得一夸（看得出借鉴名家的痕迹）；最大亮点是申公豹和龙姑姑——前者的心境阅历更丰富复杂，后者人设造型飒爽。
弊病也明显：1、误会引发几次冲突，剧作多少有点怠惰；2、屠城的处理令人不适，凡人的生死牵涉到仙界居然只是“认错”，npc的炮灰一生；3、又来那一套最高层的路被下面的人走歪的故事模式；4、不无算计的各种“隐喻”和低俗笑点。",1
2025了，依然有人热衷把恶臭当幽默、把愚昧当热血、把说教当感动。屎上雕花，再精美也掩不住那股臭登味，而且事实上也不精美。,1
《哪吒2》的美术风格与视觉效果堪称华语动画顶级水平，但在主题表达上却愈发薄弱。在本作中哪吒几乎全靠外因驱动，为救好友而试炼，家乡被屠闹龙宫，爸妈复活才醒悟，母亲殒命再反抗，前作的人物成长完全消失了，他如同眼瞎心盲全被牵着鼻子走，没了一点儿自己的所思所想。其实影片完全没必要设置陈塘关被屠情节，哪吒在申正道被杀时，就可凭善良本心反抗试炼之道，看破玉虚宫虚伪。人物成长离不开 “我是谁？我从哪来？我要到哪去？” 三大终极命题，若说本作是反抗外部规则，那前作则反抗内部本性，外部规则易变，人的本性难移。相比前作，本作不仅没继续将其延伸到“我从哪儿来？”，更是打碎了前作已经探讨完整的主题。主题上的浅尝辄止，让本作离 “看山是山，看山不是山，看山还是山” 的境界越来越远，让前作“明知不可为而为之” 更显珍贵。,0
"“这不是在升票房，这是在升国旗”，把中国人的阿Q精神发挥到极致
做了三年核酸，打了三针疫苗，现在开始喊我命由我不由天，阿Q本Q",1
饺子自嬷意淫之大作。。。。。每个男角色都看得出他的影子😅😅屎尿屁的笑点就算了，写男性角色的成长是敷衍式献祭女性的，更别说每个女性角色的浮于表面的人设性格了。。。。价值观输出是喊口号的。。。蒽,1
少点尿尿镜头 撕仙女姐姐的裙子的镜头 把电影时长控制在100分钟以内就可以五颗星了（一个小提议：敖光的配音演员可以把声音演得年轻一点，虽然说我们东海龙王活了几千年，但也不用真的找一个几千岁的人来演,1
任何阻扰修行的障碍，都称为魔。但魔是对秩序的反叛，而非孩童式顽劣。本片的哪吒更像一个会被长辈疼爱的极端调皮捣蛋的男宝儿，踩人裙子、四处撒尿，召唤人们的生育意愿，呼唤观众承担孝顺的责任，他表面装作不愿三从四德，实际却很向往三纲五常。一旦被主旋律招安，只剩下漫天手办、登登斗法稍微可看。,1
除了特效画面以外真的没什么可取之处，到底好在哪里可以让全国人如此疯狂？,1
古典名著的精髓在于对“反抗精神”地刻画，贾宝玉反抗科举，孙悟空反抗神权，梁山好汉反抗君权，哪吒反抗父权，这些代表人物皆因反抗精神而熠熠生辉。然而最后宝玉被逼参加科考，孙悟空被戴上紧箍，梁山好汉被招安，哪吒被玲珑塔降伏，他们又都因反抗失败而令人没齿难忘。读懂他们为什么反抗，以及为什么反抗必然会以失败告终，才算领悟了作者之良苦用心。可惜了这几本好书，基本上都被各种胡改乱改，改得面目全非。尤其是这部垃圾动画，居然把封神里追着亲爹揍，打的老爹落荒而逃，狼狈不堪的哪吒改成了父慈子孝，太可笑了。我只能说编导饺子是个恶心的爹宝男。,1
画面动效很棒，土拨鼠很好笑，变身很燃，故事很低幼，煽情很刻意，但故事内核居然精彩又大胆，好怕被禁了,0
中国动画特效是真厉害了，中国电影观众也是真饿了,1
不是你少搞点这扣脚擤鼻涕踩裙子往喝的水里撒尿随地大小便喝呕吐物的情节会怎样，脑袋里就想不出正常的喜剧元素吗，还要搞一些暗戳戳的影射暗指不会真感觉自己很高级吧，别说小朋友成年人看都折磨，小兵小妖怪的命不是命吗在那里搞炭烤鱼吃自己的剧情难道说看着不难受吗。这剧情跟ai似的到那里就触发相应剧情了，看家没了就知道龙族申公豹要被误会，看见哪吒娘死了就知道要进化了，不是你死的也太牵强了吧，这剧情是学火影忍者失去至亲就能开万花筒写轮眼吗，我怎么没看出来申公豹必须被抓他娘怎么就必须得死了，这剧情就得公式化到这种地步吗，热评说的上层不管，中层搞事，底层受罪一句话就概括全片，国产自己的动画和精神，这不是好莱坞英雄主义电影玩剩的吗..这能捞这么多米，国产电影就得靠爱看这种卖腐搞cp这么“高级”的电影的人来振兴啊！,1
什么哪吒在路边脱裤子，后面还对准他撒尿的镜头，再来一个不经意踩鹤童的裙子，好几次轮番吐水到她身上，这些完全没必要的情节，明明有其他塑造哪吒的方法，他们就要搞这种恶趣味，呵呵。敖闰的塑造很多人夸，但在外在形象方面还是扁平，还是美艳长裙袒胸露乳；殷夫人是武将，还是那么瘦小，没有自己的名字，还是为儿子牺牲，为剧情推动牺牲；石矶娘娘那么强大，性格底色还是爱美，与另外一个女角色之间的互动还是比美；女角色看起来好像还挺多的，其实都很扁平。后半段的打戏，多少是为燃而燃的啊？起音乐，喊口号。现实中人会这么说话吗？当时好东西出来也有人说她喊口号，只是文本好，电影拍的一坨烂什么的，那哪吒不也是只是特效好+喊口号嘛，呵呵，这个世界就是总会挑女的刺罢了，挑女的刺，又可以引起男性的共鸣，又可以跟女性吵架赚流量，呵呵,1
玩民粹是现下拯救票房的灵丹妙药，一部部新时代战狼电影再次证明了这片盐碱地的基本盘有多么坚不可摧。新时代的民粹青年领袖新哪吒，抛掉了79哪吒“剔骨还父剔肉还母”这一人性启蒙和思想之光，转而代之的是用民族立场压倒阶级立场，100亿的神话也不过是某个年代的炼钢数据，说到底国家的命运都只能尊重又何况是一部电影呢。,1
"哪吒形象太讨喜了，五年过去，魅力不减。而且主创也并没有止步于此，而是要进一步破旧立新，这是本作的勇气，也是下一部的难关。

基本延续了前作“我命由我不由天”的情绪基调，但更进一步。前作更多是对固有标签的破除和自我身份的认定，这部俨然已上升到妖界共同体的觉醒和反击。其构建的隐喻结构，可供人联想的空间，都相当丰富。阶层、种族、国别，皆可代入其中。

肉眼可见的是，设计细节、视效呈现，都较之五年前有明显提升。无疑还是国产动画的先行者，领先优势不降反增。",0
你都难以想象看这玩意长大的孩子得有多智障,1
喜欢第一部的观众，肯定也会喜欢第二部！上一部的优点都在，剧本的叙事节奏依旧是编剧教科书级别，饺子导演的分镜头设计依旧行云流水，完美地兼顾了喜剧元素和主题深刻。不得不夸这部电影的分镜头设计，动作场面太酷炫了，绝对能够代表目前国漫的最高水准，动作场面充满了天马行空的形象力。在上一部赚钱之后，这部的制作是肉眼可见的更加精良。片中的几组角色写得非常精彩，且耐人寻味，电影最后的价值输出依旧不走寻常路。上一次是“我命由我不由天”，这一次换成哪吒和敖丙这对cp大喊“若前方无路，我就踏出一条路，若天地不容，我就扭转这乾坤”，年轻就是热血，管他是魔是妖是仙，若这世道不公，干就完了！,1
技术层面肉眼可见的精进，天元鼎的几次变化甚至看出几分维伦纽瓦巨物美学的风骨。剧作层面也从前作中“逆天改命”的个体抗争，升级为与更宏大的父权体制的集体对垒。喜欢对申公豹和其家族的一些笔墨，让所谓的反派角色也有了更复杂的立场和挣扎。,0
2024年许多公共事件昭示这个时代最荒谬的真相，恪守本分在意真诚与信誉的小演员遵守了规则，最后下场是被骗，差点丢了性命，而与此同时权力上位者们无论弄虚作假还是掠夺侵占依然群魔乱舞，原来谁获得权力、掌握话语权，规则就由谁说了算。所谓规则只是用来约束下位者，这样的世道很难不产生群体性精神危机。但很快就在这个电影里听到“怎能不知道这世间的规则，由谁所定？”“你难道想改变这个世界？”的诘问和“我想试试”“我偏要走出自己的路”的回答，还看到了具象的“蚍蜉撼树”。情绪口号只是锦上添花，前作也不仅仅是那七个字的份量，文本缜密，将“一体双魂”的设定从基本的阶级叙事延伸到结构性的权力反转叙事，正邪善恶不再二元对立，做到了个体、集体、国族的全方位多层次多义性。黄金时段结束时全场自发鼓掌，是来自观众的最高礼遇。,0
用热血装饰中二，用情绪推动情节，在精心设计出的情绪高点，两位主角高喊的口号却是「我们一定要当神仙」，绝对的反高潮。在剧情的另一头有类似的反叛口号，也一样空洞无力。全剧为反派申公豹设计了数不清的人性闪光（那个时候你就知道按套路此反派必然要「弃暗投明」），相比之下两个主角的动机和猫和老鼠一样简单（ 如果这种动画爽片的深度就到反抗为止，其实对标猫和老鼠就够了，老鼠对猫一样要反抗，偶尔也联手反抗沙皮狗）,1
典得要命，也能典出金典特仑苏。完成度高，有效，就活该赚大钱。只不过吊诡的是，电影中不断放着要颠覆世界的大话，却依然玩着踩女生裙子这样的猥琐直男笑话，孩子，这不好笑，在21世纪的文明世界更不好笑。,1
前一小时三五分钟一个屎屁尿笑话（甚至是字面意义上的），时不时穿插尴尬小剧场拖时长，看得出来导演对自己的喜剧天分无从挥洒了。后一小时对第一部的slogan强行致敬，甚至觉得前面莫名其妙的闯关设定和儿戏般的矛盾写作就是为这几句大决战口号来的，制作水平再次突破，但更重要的东西也丢得一干二净了。,1
失敬失敬，虽然早有预期一个会被全国人民喜欢的动画会长什么样子，但真的看到还是很难相信会是一个如此拼尽全力调动视觉符号构建如此老旧的世界两极格局的动画版长津湖。我们对世界的想象和它所引发的巨大认同可能注定了事情之后的走向，在此只能祝愿陈塘关生民安好，不要被玩弄于天上几个乱窜的小魔仙们的股掌之间。,1
"（导演饺子应该改名叫娇子）魔童2我有「七不看」。屎尿屁笑话不耐受者不看。有容貌身材焦虑或反感身材羞辱的人不看。密集恐惧症患者不看。只认剔骨还父哪吒形象的人不看。不想被屠城后骸骨累累的场景吓到学龄前儿童的带娃父母不看。反感被母性高度捆绑的刻板女性形象的人不看。打算在过年期间以看电影名义暂时逃离家庭、不想走进电影院后又被按头强行表演母慈子孝的人不看。
当然，如果你家庭美满自信健美且完美避开上述雷区，那我衷心地祝福你。这就是拍给你看的电影。",1
“上不得台面的东西”丢脸丢到外国来了，在les halles看的，坐立难安。特效是很好，但究竟是为什么要加那么多屎尿屁笑话？要在酣战的时候加一些自以为很搞笑的东西？为什么要扯鹤童的裙子？不献祭妈妈是不是会死？女人当了女神仙女将军也始终只是个女人，只会被喷尿，被献祭,1
冷知识：你我不会是哪吒，只会是陈塘关的百姓。,1
"不明白国产传统故事里难得的反父权叙事为啥要拿掉，专心只反特权就当功力不够好了。但前半段屎尿屁乱飞和石矶的狗屁造型真的很恶，后半段节奏更是大危机，打得火热马上接一段极其垮掉的搞笑戏码真的情绪都跟不上。
当然画面是好看的，卖腐力度也很大，只是故事真的很一般，反派设置真的土中土😰扯着嗓子嚎不等于燃……",1
前半小时还挺有意思，后面越看越无语。披了层不畏命运推翻强权阐教的皮，内核依旧是父慈子孝忠孝节义。一开始看到妈是战斗主力挺欣慰呢，结果到最后牺牲的还是妈，咋地不死个娘不搞点廉价泪点是不是剧情就推动不下去了啊？,1
"其实我挺无感的（。

最不喜欢的剧情是陈塘关被屠城，哪吒却只惦记他的爹娘，最后爹娘没死，这事就算翻篇了……？化为焦炭痛苦死去的那么多陈塘关无辜百姓，最后也没有个交代，甚至没有被想起。这些百姓的死似乎只是为了凸显主角正义感的工具，为了死而死，我不喜欢这样的剧情。

前期剧情把李靖和哪吒都刻画为心系陈塘关百姓之人（譬如哪吒打龙王的时候还说：“你敢动陈塘关，我就敢把龙宫砸个稀巴烂！”），最后却这样草草收场，让人感到十分割裂。",0
哪吒1的时候，我就从哪吒身上看到了叛逆初中生的不适感，哪吒这样的，不会成为英雄，会成为黄毛。男宝确实是这样的，喜欢屎尿屁和低俗的黄段子，喜欢逞英雄主义。,1
我宝贵的两小时就这么浪费在看男宝随地特写撒尿镜头里🆘特效好看剧情俗套，更有踩烂仙女裙，女的觉得这桌菜不错再看桌上有女的,1
很无感。这种从愤怒中汲取力量的进路，几乎是我们耳熟能详且唯一熟悉的力量获取方式。因为我愤怒，我就有力量打败伤害我的势力，这基本是种巨婴心理，给人一种浅薄虚假的快感。唯一触动我的是东海龙王的两处台词：我们一直在退，然而其实已经无路可退了。以及，当海怪们决定拼了，但又眼见同伴们一个一个死去时，明显动摇露怯，龙王吼道：坚持住，不要退！ 这才是众生的真实处境。我们只能选择战还是退，无论敌人多么强悍，实力多么悬殊。不少人觉得南海仙翁隐喻的是美国。其实在中国社会中，真正的偶像和迷障是位高权重、垄断一切话语权的人和组织。而我们中绝大部分人，是在权力面前伏低做小，敢怒不敢言，只想着如何讨好南海仙翁以求得自身安稳和前途的人。,0
越看越生气，这就是当今百亿票房的片子，电影行业真的是够了。,1
"补标，这么烂的电影怎么会有人喜欢的，因为这句话跟朋友吵了一架
审美好莱坞化，传统文化符号化，剧情低幼化。无现代精神，无民族文化，无社会责任，只知道迎合去责任化的流行性伪自由主义。火成这样，令人悲观",1
150亿，悲哀。。,1
疑似起点男频幻想爽文,1
作画们辛辛苦苦地打磨出的画面，组成了这样一个故事，未尝不是一种地狱笑话,1
技术是没问题，但一切都太割裂了。屎尿屁等低俗笑话居然比陈思诚还多，这部分当然可以逗笑学龄前儿童，但火烧陈塘关和鼎内炼狱，恐怖程度又直逼成年人底线。哪吒的成长完全不感人，只感受到了太多不必要的牺牲。千万别有续集，求求了。,1
感觉好好看啊，推荐大家去看，难得一见的国产佳作，满分一百分，他九十几吧,1
这才是黄昏时代真正的吟游诗人,0
要知道可口可乐第一年也只卖了25瓶，时间自会证明《牛来》的伟大👍🏻,1
你们到底懂不懂cult片,1
烂得难以置信！也算开眼了！二十年前电脑游戏的动画水平，竟然也能上电影院里骗钱！台词精神分裂，剧情重度无聊，给我看疯了！这种片子在大学里都毕不了业吧！怎么做到的？！,1
本世纪最伟大的电影，要不是审核严格，这个片名应该叫牛B.,1
给我的感受很糟糕  ，审美，立意和故事情节都不在线，特别是技术，简直十分糟糕,1
继大闹天宫宝莲灯大圣归来哪吒后国产动画又一个里程碑；一声“妈妈！”“牛来？”叩响了中国电影新时代,1
大家玩梗可以，但如果这种电影能够火和成功，那真的是中国电影最大的悲哀,1
必须满分！此片上映是中国影史审美意义重要里程碑！,1
可惜跟文牧野和诺兰撞上了，不然绝对票房大爆，影史留名,1
牛来＝NL＝诺兰，天呐都对上了😭😭😭,1
最支持屏摄的一集,1
"大家明知道《牛来》烂，还偏要去看，因为受够了那些大导演大明星拍的“精致烂片”——几十上百块一张票，剧本稀碎，不知所云。
《牛来》烂得坦坦荡荡，至少看的时候能实打实笑出声。与其花钱被那些自以为是优秀高雅艺术的“假大空”糊弄，不如捧个场给这个真·烂片，图个乐子，也算给电影圈提个醒：别把观众当傻子。",1
特别好看推荐大家去看,1
看哭了，那些说我们国内院线没Cult片的人呢,1
电源版的杜尚小便池“泉”,1
如果你错过了2010年的雷锋的故事、2017的逐梦演艺圈、2018年的阿修罗、2023的我是哪吒、2024的美人鱼的夏天等一系列名作，那你千万不要错过2026年的牛来,1
哪个数媒大专生的期末作业吗，这是怎么上院线的😨,1
许功夫女足20E，不许牛牛1kw？,1
重点是完全可以想象摆脱技术限制会是怎样的一部电影。回到现实世界后，经历一生的伙伴不过是从头顶飞过的普通云雀，可是镜头一转梦里的树又赫然浮现眼前，难道不正是大卫林奇在双峰里想要营造的电影时刻？于是所有梦境竟变成神谕般的启迪，指引牛来走向牛群的方向、认出尚未谋面的父亲，四条腿行走的动物就这样被注入神性。用建模软件默认背景作为梦境与现实的转场又怎么不是和红色帷幔房间的殊途同归？甚至技术问题已经变成风格的一部分，全部喜剧效果只来自于扭曲的肢体运动，完全只有动画媒介可以做到，而在非人的外星体中寻找人的光辉（结尾我们得知人类其实才是猛兽！）又与杜蒙近几年的创作不谋而合。鉴于技术外的部分绝对是导演有意而为，建议各位从业人员还是好好想想自己是不是真的能拍出这样的电影。同时建议肚皮约严肃学习,1
成本1000，256人观影，票价40元，256*40=10240，净赚9000，很稳，很稳…😅,1
现象出现的影响大过作品本身的价值。互联网新巨魔文化的象征——《牛来》，一部大概率是骗补助洗钱的作品（已验证非也）意外的成为了后现代主义中人们对宏大叙事解构的一次狂欢。,1
在2017年6月举行的第20届上海国际电影节论坛上，冯小刚在探讨中国电影现状时直言：“是不是有很多垃圾观众，才形成了有这么多垃圾电影？”,0
太怀念了，像是多年前和大家一起坐在数媒毕业展的那个下午，全然不知毕业后迎来AI时代,0
别羡慕国外有cult片，我们也有自己的cow片了🐮👍,1
既然冥币驱逐劣币，那就让地狱来的更猛烈些吧！,1
看到某些人气急败坏的样子觉得好笑。如果一家饭店会担心厕所抢自己的生意，那这家饭店最好反思一下，平时给顾客端上来的是些什么玩意。,1
如果真下映了，我只能说管的太宽了，人民喜闻乐见的，你算老几？,1
高考作文我只看零分和满分的,0
不烂，只是技术拙劣而已，应该说，它有反应节奏，比富春山居图好，它有线性剧情，比逐梦演艺圈强。无非是表达成长的阵痛、朋友的建立、母爱，就是节奏太慢、不懂剪辑，导致片子太长太慢，看的人昏昏欲睡，它是一部很真诚的、很拙劣的，小学生式命题作文,1
看到了吧，观众就是花钱吃诗，也不想贡献票房给明星电影了，结合最近电影圈的热温，真是一场酣畅淋漓的报复。何况这部电影还有现场弹幕。我邀请《牛来》参加明年百花金鸡奖的评选,1
"刚开始我以为是互联网恶搞，这种画质怎么可能在电影院上映。搜了一下我们这边有一家影院有排片，19.9 元。果断去看看怎么个情况。

到电影院的时候里面已经坐满人了，真的特别夸张，真的是低山臭水遇知音了。大家都买了饮料和零食进来的。

最后一个大哥进来喊了一句，这么多人来吃屎啊。全场大笑，电影正式开始。。

剧情特别正经，但是东北话配音加上这个建模真的特别搞笑，剧情我给一分不能再多了，讲的事情差不多是给小孩子看的。

差不多每三分钟有一个笑点，根本没停过，大家也在讨论剧情，偷录视频，但是在这部片子里一点都没感觉到反感…
整个电影院里面没有一个正常人。

总之我 25 块钱买的是一下午的快乐，片也确实垃圾，多出来的一分是给的氛围，有一群疯子陪你胡闹。",1
这个电影解构了电影院，找回了电影100年前被发明出来的公共性哈哈哈哈哈😂,1
真正的口碑电影，宣发基本靠屏摄,1
为了看你 奥德赛的票都没去 影史最佳,1
我要笑死了啊这个评论区太好笑了 比肩哪吒的创世之作、,1
水墨国风的美术底子尚可，除此之外全程短板明显。故事单薄空洞，成长线生硬说教，角色没有立体塑造，情节平铺直叙毫无张力，立意喊得空洞，完全撑不起院线长篇体量。,0
评论区我一把糯米撒过去……,1
作为动画来说比哪吒这类电影来得更朴实和纯真，也更适合小朋友，作为喜剧电影来说比功夫女足更好笑也更不冒犯，这种抽象程度甚至可能还是周星驰渴望达成的效果吧。（正在思考要不要改成三星，毕竟真的很难讨厌这部电影）,1
说这电影是中国电影最大悲哀的，去看你的749，731，上海堡垒去吧。,1
事情进展到今天这个地步，在座各位都有责任,1
"不知道打低分的都是什么心理？！首先，这部电影立意底子是正的，小牛犊带云雀入梦、走完“怯懦→担当→直面生死”的成长弧，少年成长+生命敬畏+乡土田园这套内核，北京电影家协会推文里也肯认它“单元叙事、细腻治愈、国风质感、抓孩子好奇心”。放到儿童向寓言里不算歪路子。
其次，两人扛完 86 分钟长片的执念：信雨萌+孙丽芳包揽编导制配音，从 2021 立项、2024 拿龙标到 2026 裸映，微型公司硬走完院线合规全流程，作为“个体户冲工业流水线”的样本有纪录片价值。水墨海报 vs 塑料 3D 的极致反差，把“龙标≠质量过关、宣发裸奔≠内容合规”的行业缝隙照出来了，业内讨论价值大于观影价值。",1
"眼见为实，整体超越局部的明证。绝不邪典，真善美的电影，纯真童话展示，完全没想到有着时间还魂的奇迹。场面调度，剪辑，音乐，全是干净简洁的，不含有任何暴力，仅此一点就远胜所有伪暴力猎奇的电影
当接受了表面粗糙的技术之后，母亲的面庞，孩子的眼睛，所有的动作总能清晰的抵达世界的忧伤之处，乡愁是成长的必然分离。友情会褪色吗？母亲会一直在身边吗？分别了还会重聚吗？会有另一片草原吗？何尝不是另一部《安乐乡》呢",1
烂得难以置信！也算开眼了！二十年前电脑游戏的动画水平，竟然也能上电影院里骗钱！台词东北口音+精神分裂，剧情重度无聊，给我看疯了！这种片子在大学里都毕不了业吧！怎么做到的？！,1
牛来和之前的传统烂片比如逐梦演艺圈或者美人鱼的夏天等最大的区别在于：主创可能根本就没有从一开始用尽全力做一个他认知范围里的好作品，其实之前的很多烂片，你都能感受到一种ego能量，不管这个能量是我要做出一个对得起自己艺术修养或者是对得起观众市场票房的能量，都是一种侵略性的能量。但是牛来不一样，它和我们大多数社畜一样，散发出一种对现实深深的无力和疲态，这种毫不遮掩的坦诚的敷衍和差不多得了的气息，就像伊藤润二漩涡里面的那个蜗牛男一样让人共情。,1
这是一场伟大的人性实验，用最粗糙的制作揭示人类到底能有多无聊,1
你还敢说李大霄骗人吗,0
直觉、耐心、巧合、争议、提纯——艺术已成的五大要件，牛来全部踩准了。,1
除了前十分钟在笑，后面认真的看完了，谈谈真实感受，整个片子底色悲凉，内核向阳，那种低建模加大了这种反差，全程梦境感拉满，当时看的时候没注意到是梦，小牛的梦特别有意思的是，因为他刚出生只见过小鸟，所以他的梦里的豹子是卡通的，狼长的像狗，牛是直立行走甚至会飞。梦中小牛直面离别 孤独 生死，从恐惧逃避到直面。醒后第一次可以行走，第一次见到了爸爸，看的我差点落泪，叙事上藏的和做的也好，很好的剧本，这种梦境和粗糙，尤其是配音，配音由于不专业，其实是有回音的，像那种老电影配音，这些形式导致了虚幻伤感属性，结尾歌曲把整个诗意全拉起来了，牛来在梦里没有消灭死亡、告别这些残酷事物，而是接纳了生命里本来就存在的离别与脆弱，纵使前路孤单，依然选择勇敢前行，最后那首老歌真好听。这是我看过的第1791部电影。,0
电影界的庞麦郎,1
爽的我大叫一声“哞”！！！！,0
"片子本身负分，但它成为了中国电影近20年最大的文化事件。这是一场必须参与才能感知的抽象仪式，每个人进场时心照不宣的表情，检票员的窃窃私语，大面积的盗摄，预先准备好的笑声，以及离场时的鼓掌，都被纳入到一种崭新的程序里。它是对电影院空间的“征用”，但惟独和电影无关。

莫名其妙想起《奥德赛》，想起木马闯入特洛伊的那晚，奥德修斯对眼前的狂欢突然产生一种强烈的抽离感，但这种抽离没有用，一点用也没有，魔盒已经被打开了，所有人都会被卷吸进之后的世界。

《牛来》就是这么一个存在。木牛已经进入特洛伊，这时候感慨青铜时代的结束已经变得无关紧要。正如在结局里想象可能都是徒劳。

信雨萌才是这个黄昏时代的吟游诗人，他以低成本手搓、家人合作、五年时间，完成对时代貌似最决绝的反叛，但又不期然地成为了新时代的旗手。",1
很另类，但绝对不是烂。画风、构图、故事、配乐都可圈可点，情感很真挚也很纯粹，儿童的视角，绘本的质感。配色其实也很不错，应该是专业学过的。就是导演对于长镜头的表达有点把控不好，整体节奏很慢，可能正是这份慢，带来了更安宁的氛围。,0
冥币驱逐劣币,1
很垃圾，或者说处处都很低级，低级的技术，低级的审美，低级的立意，低级点故事，低级的剧本。用的至少是十五年前的技术水平做的3D动画，不如老熊出没好看，通过让一群直立牛在大平地上走，讲了一些地摊鸡汤，还有很低级的荤笑话，豹子装饿，骗小牛要喝牛妈的牛奶，小牛和豹子说这是爸爸专属云云。,1
What a blast 恰到好处的停顿、突兀和拙劣不是所有人能做到的，能把cringe变成可读的幽默更得有天赋和直觉。《学了三年动画，毕业作品被老师轰出了教室！》七年前就火遍全网，《牛来》凭什么不能火。支持华语独立电影。,1
"我破防了，我想要一个善恶有报对错分明的世界，屎就是屎，应该有屎的待遇。
这个世界不应该是这样的。",1
影片提供了三个观感和一个视角。三个观感：1、超出既有叙事套路，人物的走向未知，我们只是跟着牛一起走；2、真正视觉化，相比所有依赖情节、台词的国产电影和动画片，本片需要用眼观看；3、剧组两个人，没有出品方片头，它的出现或许能极大地解放人的思想。一个视角：当然可以看作是报复性观影，一种对电影行业和审查贴脸开大式嘲讽，大家笑得好大声。And法西斯电影没见你谴责，这类片倒是挺令你反感的。Don’t be serious! Why not？,1
"这部被凡俗眼光误读为“信息职业技术中专毕业设计”的划时代神作，实则是一部披着童话外衣的《纯粹意识进化论》。小牛每一次在树林里的探险，分明是主动切断感官束缚，进行的一场场高维度的“灵魂出窍式修行”。导演用极具颠覆性的笔触告诉我们：唯有在梦境的量子场中，意识才能以光速完成迭代。小牛在梦里嚼碎的哪里是幻象，那是存在主义的硬骨头；它跨越的哪里是虚幻的河流，那是荣格心理学里的集体潜意识长河。
本患者在影院一觉醒来，灵魂如被荡涤一般澈亮，仿佛看透三千世界，发现原来我们苦苦追寻的“内生力量”，不过是小牛在梦境里追求自我的内心隐喻。强烈建议将此片列入宛平南路600号精神卫生康复教材，凭电影票根到市医保中心窗口报销，牛来已来。",1
大卫林奇,0
感情还是真挚的了，甚至有点想哭,0
这不是劣币，这是冥币，他驱逐不了良币，他只会驱逐劣币，我支持冥币,1
牛来将在复仇者联盟五回归,0
很难想象ai时代还能有这样坚持手搓的匠人，但凡用ai都不可能实现这样原始粗粝的质感，仿佛日本那些坚持落后产能的仙人，要的就是低效带来的满级bigger！,1
这是观众的一场隐形起义。,1
不只是中国电影之耻，是中国电影市场之耻。中国电影市场劣币驱逐良币的极致案例，放眼世界都是amazing+impossible。这两天看到所有关于这部电影的新闻（乐子），都会觉得无比的痛心和遗憾，一部精工多年有情有趣的匠心佳作，坚守院线快两个月票房不破百万，在江浙沪 京津冀热门城市求不到一场排片，别的电影（垃圾）1500的成本轻轻松松日票房过百万，预测总票房直逼破亿……无力叹息。国内太多人看的是话题，是流量，是乐子，看的是热闹，总归不是电影。作为一个真的爱中国电影的影迷观众，很不愿意承认但事实就是，在国内真是魔幻和神奇，一部电影票房的成功，有时候真的和质量无关，很多人买票看电影也和电影的质量无关，什么火他们看什么，或者说要看什么，而不是什么好他们看什么，或者想看什么。,1
荒诞时代，怎样的观众配得上怎样的电影,1
2026年，中国终于迎来了烂片界的公民凯恩，它让我联想到托米·韦素的《房间》，极致的丑陋成为强大的风格，两人团队手搓奇观，已经具备行为艺术雏形，午夜亚文化狂欢。,1
论回报率，北美有《痴迷》，咱们有《牛来》。《牛来》最新预测总票房竟然涨到1.35亿了...,1
火得和那艺娜一样莫名其妙，审丑积累,1
花自己的钱去看怎么就那么多人看不惯？天天嚷着资源垄断，普通人没有逆袭的机会，真有普通人逆袭了又不干了，只怕那个逆袭的不是自己吧？,1
整个审查就是严格设置不能逾越的上线，下线却有无尽的深渊可以前行，只能劣币驱逐良币。,1
看完这部电影之后改了评分，抛开粗糙的制作，从内核来讲，我觉得这是我看过最真诚的电影之一。我觉得爱妈妈的人，觉得自己和别人不一样的人，容易共情的人和被“创作”这件事的过程或者结果困扰过的人会能get到这部电影。绝对不是烂片，如果是一部单纯的烂片不会收获这样的声量，对我个人来说我喜欢牛来超过现在电影院大多数精致包装大力宣传的电影。,0
像这样纯纯粹粹的电影还去哪儿找？,1
U1S1，《牛来》真不算烂片。它是一部儿童片，就是以前儿童频道放来哄小孩的水准，所以情节极其低幼；加上制作极其粗糙，所以自带一种伪人的魔性感。说到儿童——如果一个丑小孩，只是安安静静、津津有味地玩泥巴，哪怕浑身脏兮兮的，但只要TA不耍熊，不犯贱，不吵闹，那么多数人也不会讨厌TA，反而会露出姨母笑。只有那种没教养、没素质、毫无边界感、边上还有熊爹熊妈护着的熊孩子，才会让人无比厌恶。我们之所以讨厌烂片和熊孩子，其实也是同样道理。,1
有些人酷爱花钱吃粑粑，这个世界太癫了。,1
比百花奖获奖者的电影好看,1
做梦之前，牛来一家都是四条腿走路，开始做梦之后，整个牛群都被人格化两条腿走路了，结合动画的编剧只有导演母亲一人（真的还挺想采访一下，也许会有口述史的潜力），合理推断这其实就是经过加工的家族迁徙史，只是到底是哪代人迁徙还是结合了数代人迁徙经历的问题。从这个意义上说，《牛来》制作上当然是不合格的，但不会是故意搞抽象，它可以被称作是一部作品，且它不仅应该被当作一个房间式文化现象来看待，也应该被当作一个有特定意义的文本来分析。,0
震撼全国 震撼亚洲 震撼全球,1
续集《牛子》《牛宝》《牛蛋》《牛鞭》《牛福》《牛欢喜》《牛indeed》《牛粪》《与牛全椒》已经全部制作完成,1
行业乱象、全员玩梗、股民狂欢，暴露了龙标准入院线的门槛之低，廉价粗制范本，永远的耻辱柱。,1
8月16周日晚20:25保利国际。影厅像孔乙己来了的咸亨酒店，充满快活的空气。,1
真的是一坨稀烂，但也真的能带给人类最淳朴的快乐。它像毛利人的战舞，像百年孤独的那块冰，像活生生的猛犸象。是对长久观众受到的影视审美规训和压迫的反戈一击，更是给工业化影视生产敲响的不合时宜的丧钟！,1
很感动，虽然表达是破碎片段连缀着破碎片段的，但能感受到一个有自闭倾向的孩子在努力撑开自己世界的一角，表达着自己的恐惧、困惑与救赎之物，其中甚至还有他自己的幽默与笑话。还能感受到一个母亲的舐犊情深，即便不能进入孩子的内心，她也愿意守护并给出最大的宽容与赞美。最后一句台词“他是自己找到这儿的！”让人泪崩，像是一个母亲在毫无保留地感谢一个孩子愿意来到自己的家庭和生命中。,0
以手搓对抗AI，以母爱替代资本，以C型成就Cult,1
你知道吗？在来到这个世界上的时候，我在一场古老的梦里学会了直立行走，成为了一只更好的牛。草原、荒漠还有建模的尽头我已了然于胸。我依然记得你，妈妈。,1
逐梦演艺圈简直是良心之作,1
和预期中差不多，劣质建模、动作、运镜、配音和音效能带来的欢乐在半个小时左右就疲劳了，所以的确在满场影院有一大批观众一直跟着狂笑到结尾的氛围是最佳观看此片的体验,1
冯小刚就是个垃圾,1
冥币驱逐劣币的典范，牛来票房越高越爽。毕竟你也不会觉得749局，上海堡垒，满江红，减肥片，监狱来的妈妈是良币吧。😏,1
饺子导演的一生之敌出现了。,1
逐梦演艺圈后又一场全民鉴丑狂欢，而且更加抽象和cult，已经开始期待各路大神们的鬼畜二创了。这届观众也是最有娱乐精神的一届，身体力行的告诉影视资本们，哪有啥经济下行和影视寒冬，咱兜里有钱，我们接受一本正经的烂，但拒绝虚情假意的装。,1
西方有荷马，东方有牛来,1
关于同理心的电影，有一种真诚纯粹的悲悯，统一且专注，跟《落叶球》一样动人；具备朴素的文学性，做成绘本或许更能被接受，但恰恰是手搓出的业余电影，反而在某些时刻接近一种诗电影状态，“牛撞树，哭的应该是树”，多可爱的儿童视角，结尾离开了梦境的牛又回归了四肢着地的爬行状态，亦是一种反人类中心主义，牛来在梦境之中构建了豹拉母亲下落的多义性，最终故事走向牛来自己与母亲的告别，以及用某种诗意化的自然符号寄托怀念，非常好的一场关于先验与超验的死亡哲学课程；狂喜与悲悯的并置，极端的对面孔与心绪的捕捉具备一种林奇式诡谲，以及蔡明亮和罗伊安德森的触动方法，“反正整个电影体系都是佯装工业的草台班子作坊，那就用真正的的作坊手制革它的命”，真善美创造奇迹，就想看这种，各种意义上都不该在没有了解过相关信息的情况下跟风辱骂,1
没恰到饭的影评人和拍烂片的圈内人可急死了。,1
粗制滥造的东西不应该受到追捧。,1
牛B，中国第一动画Cult神片。,1
《牛来》导演也太幸福了吧，妈妈就这么无条件地陪他胡闹了五年，现在全国又有几百万人陪他一起胡闹，能让这么多人开心的同时又赚得盆满钵满,1
兽面人心的实验动画。各方面制作都低劣，但表达极为真诚，用cult+抽象的壳表述了一代代接力挣扎着求生并成长的主题。bgm有宿命感，早早提点了悲剧内核。它整体混沌又清澈，给最近半年心力不足的我带来一丝治愈。,0
平心而论，让我打一星或者破口大骂，我还真办不到，因为它确实为当下的观众提供了一种新的体验：一种无奈的笨拙型幽默。从牛的直立行走，到扁平化爬行生物的逆空间蠕动，再到天外飞仙般的赛博推土机变身，说导演不具备想象力，我是不信的。这种说站就站，说变就变，毫无逻辑的艺术任性，正是一种鲜活的生命力的体现，同时也暗合本片的主题——初生牛犊不怕虎，就怕绳头会跳舞。其中最让我印象深刻的，是牛来对豹拉说：睡吧，来个猪的生活！而豹拉听闻此话，也立刻回应：提到猪！我又兴奋了！此话如当头棒喝一般震撼了我！牛也好，豹也好，他们奔跑，迁徙，对抗豺狼，甚至牺牲生命，却没能过上猪的生活。电影结尾，牛来对着天空发出了充满希望的鸣叫：门儿！结果中午电影就被撤档，这下连门都没有了。牛来了，牛又走了，只留下几声尴尬的笑。,1
影视作品里印象最深的“妈妈”从此不再是明日香说的了,0
7。维持行动的努力，纯真的情感，角色之间互相扶持。喜欢片中动作与镜头的速率，很有耐心，镜头设计与剪辑也简洁有效。悬崖边的迷雾，形似母亲的树木，云雀的飞行，少言的豹，以及偶尔令人失语的台词，都保持着适度的抽象感。如身处 limbo 空间或一场梦境，在一个 half-finished heaven 里直立行走。“欢迎你，牛来！”好似迎接一个新的世界。,0
垃圾中的垃圾这种东西能上映有流量有票房是人类的悲哀是电影界的耻辱,1
不知道为啥看完全片很多镜头感动到哭，从牛妈妈亲吻小牛来开始，导演妈妈真的很爱他,0
只能说正经吹这部垃圾的人都是自认为幽默的小脑萎缩患者，深井冰,1
这种东西竟然还能被称之为电影，辱电影了,1
看这部电影的感受是感觉这个世界依然还是有救的，那些看似超脱常规的，脱离既定轨道的事物依然有可以突出重围的可能，人们艰难且枯燥的生活，以及一些人们已经察觉不到的规训和矫正，仿佛让人们不假思索的以为这个世界的一切就是这个样子，但这部电影的火爆，以及坐在电影院观看这部电影，让人觉得，在这个世界发疯发癫，我行我素，特立独行，颠覆与打破，是可行的，我喜欢这种肆意生长的野性，我也有一丝为创作者创作这部电影，并且使其能够在影院上映，充满了感动和敬意，支撑他这样做的，我想是某种非常纯粹的东西，是跟这部电影的风采相契合的品格，那或许是越来越多人所缺少和遗失的东西。,0
具有林奇电影的美德：冥想的，贫瘠的，断肢的，超越的。粗陋的模型，不是很像《兔子》或者林奇早期动画？在梦中历经地狱，最后在草地上醒来，不是很像《蓝丝绒》么？面对纯蓝天空时，忧郁而梦涌的合成曲，不是很接近林奇纯白的幻想？当牛妈妈已近昏迷，面对生死抉择，她反复望着的只是一棵树。牛死了，能不能变成一棵树呢？非常治愈的一部电影。,0
这位伟大的妈妈给了孩子一个new life,1
绝对是个里程碑 中国电影只会更烂 诸位加油,1
"我说我看得有点感动 敢信吗？挺可爱的 虽然粗糙 有种别样的味道…
另外我越发觉得电影艺术在这个时代的稀缺性了，当人们讨论电影作为大众艺术时，好像真的“电影已死”被消解了，好的艺术电影也可以是带来所谓“澄明”的，它们解蔽着，同时很少很少人会去看，已经不在是大众艺术了，当然说的不是这部。",0
不知道在狂欢什么,1
十五年前，我刚上小学。我用MilkShape做模型，那时我们还没有3d打印，人工智能，虚拟现实。我研究法线、贴图、通道，然后把作品导进cs1.6的世界里。十五年过去，屏幕上的丘陵与树木之间的贴图缝隙，让我想起那个父亲生气拔掉电脑插头的烈日下午。,0
"“这是一部男人必看的电影。”人人都这么说。但单纯从性别区分，就会让这电影变狭隘。《肖申克的救赎》突破了男人电影的局限，通篇几乎充满令人难以置信的温馨基调，而电影里最伟大的主题是“希望”。
当我们无奈地遇到了如同肖申克一般囚禁了心灵自由的那种囹圄，我们是无奈的老布鲁克，灰心的瑞德，还是智慧的安迪？运用智慧，信任希望，并且勇敢面对恐惧心理，去打败它？
经典的电影之所以经典，因为他们都在做同一件事——让你从不同的角度来欣赏希望的美好。",0
"虽然和原著几乎完全不同，但绝不亚于高二看小说时的脑补。
放映厅里60%都是独自来看这部片子的单身宅男，最后半小时，一整排人都在爆哭。
它绝不仅仅限于“中国人竟然能拍出这种水平的科幻电影”，这是在好莱坞的标准下也绝不逊色的，闪闪发光的，能被所有人长久传扬铭记的一部作品。
怎么说呢，科幻迷们这一生，不就是为了等到这样的作品吗？大笑、感动、爆哭、忘却自我、满脑子都是破音。
“前进三。”",0
开篇长镜头惊险大气引人入胜 结合了水平不俗的快剪下实打实的真刀真枪 让人不禁热血沸腾 特别弹簧床架挡炸弹 空手接碎玻璃 弹匣割喉等帅得飞起！就算前半段铺垫节奏散漫主角光环开太大等也不怕 作为一个中国人 两个小时弥漫着中国强大得不可侵犯的氛围 还是让那颗民族自豪心砰砰砰跳个不停。,1
电影用的胶卷挺差的，故事过度也差，地方部队还没太多展示就死去，反正各种问题。但就是能吸引人看下去，就冲这，为什么要这么鄙视敢想敢去开拓的人，不允许他们再去拍，直到能有更好的人，拍出更棒的更出彩的电影来呢？,0
二十年前，看到这样的故事和镜头，我会被感动的哭鼻子；如今，二十年过去了，你却还拿这样的故事逻辑和镜头给我看，我只能尴尬的笑。,1
1.看看人家装逼装得多专业。2.由于全国发布高温警报，主角只好去非洲避暑了。3.Tundu：我不要去中国，中国太他妈热了，我会被晒黑的！4.张翰在本片饰演亦凡，整个太平洋都是他承包的鱼塘。5.达康书记、东来局长都是幌子，实际上反派是美队对冷锋的考验，下集他将加入复联一起打灭霸。,1
吴京厉害了，身为武打演员，能拍到这么高标准的大场面的枪战戏，为你点赞。热血男儿，荷尔蒙爆发！,1
几个网红拉出来弹弹琴你们就说燃了？彰显我大国气象荷尔蒙满屏，这TM才叫燃！！！这部电影告诉我们中国人也是可以拯救世界的！,1
燃！大场面真的不输国外大片不尴尬，吴京打戏很精彩，水下搏斗看着也很有力，必须安利一下张翰，这角色简直就是个彩蛋啊，承包所有笑点，为他量身定做的哈哈哈，彭于晏可演不来。是真的好看,1
开头的水下长对决戏可算华语电影的顶尖存在；驱逐舰、导弹和坦克在商业片里这么狂用也是了得；镜头运用和笑点插入都很好莱坞爆米花，不功不过；从头打到尾是真拼，虽然镜头也有略乱时；因为没啥期望值，所以被吴京的野心吓了一跳；吴刚、于谦和丁海峰老三位像炖烂熟的牛筋，嚼着就舒服。,0
很用心啊吴京导演，小看你了，确实在导演上下功夫了拉片子了，知道借鉴是好的。至于大家比较反感的小粉红情绪我觉得那些桥段都是主旋律必备啊是稍微有一点过但还可以接受。最好的地方是吴京节奏掌握得很好，知道张弛有度，这点很难得。,0
符合“有钱了续集反而拍更差”这一放之四海而皆准的规律，场面越做越大，然而伴随着各种动作场面和特效场面的升级，这一部的叙事反而变得非常凌乱。格局颇大，想拍成《黑鹰坠落》，结果撑死最多也只是官方主旋律版的《敢死队》。吴京确实有野心，但论自我角色定位能力远不如同是动作演员出身的甄子丹。,1
发射导弹就没有炸死平民的危险吗？吴京集神奇女侠，海王，万磁王，绿箭侠的本领于一身，和正义联盟对抗的话，基本给对方团灭,1
整部电影延续1的风格，热血。场面比1来的要大，打戏动作不错，吴京挺适合演军人的，电影之前的中国梦片段他都念的劲儿劲儿的。整体来说还不错，不过张翰太违和了，一出来就一股雷阵雨的画风。,0
太可怕了，毫无节制的乱闹，吴京这个人也是应当留心，不光有一颗电影里当超英的心，能这么拍电影，估计也是个投机分子,1
张翰脸比女主白太多了，请问用了什么护肤品？！,0
国产主旋律大男主剧终于从 打日本人+泡日本妹 进化成 打非洲人+泡白人妹。巨大的进步！！希望有一天可以进化到 打外星人+泡半兽人妹,1
《惊天危机》我给了4星，《海军陆战队员3》我给了2星，本片好看程度介于两者之间，可以给3星。另外两颗星是爱国主义加成，不给怕小粉红不放过我。,1
吴京确实很聪明。他一直调控着说教和娱乐的比例，娱乐多了，会冲淡，说教多了，大众不接纳，比例把握非常微妙。这其中还是有一些“奇侠”化的内容，比如用玻璃碴子当飞镖杀敌一类，只不过被遮盖掉了。“老爹”演过美剧《搏击王国》，力荐那部美剧,0
#电影院#一个人就买了四张票（不打折）请全家看，心疼我的小钱钱≥﹏≤ 还好家长们的反应是好的，把吴京猛夸了一通，中国式的动作大片并不逊色好莱坞，只要他们满意我也就心满意足了。我珍惜一家人和和气气的团聚时刻。卢靖姗真漂亮，干练明朗的健康美。吴京好好拍，第三部继续约啊,0
翻了一下我给第一部的评价是四星，当时觉得挺燃的，这部其实在完成度上更接近好莱坞的制作了，每个步骤每个人物的走向都很顺滑，没有任何出人意料的地方。只给三星是因为，看看最近现实世界的一切，抱歉我在影院里燃不起来，只是觉得一切都很魔幻，当然开头的强拆是最有现实感的一幕了。,0
也许，你永远也不会知道你的祖国给了你多么强健的安全感；也许，你终有一日会发现你也深爱着你的祖国。,1
纯粹拍的很难看啊……,0
陕西金秀贤主体思想勋章获得者，将海军崛起、新非洲政策、村民强拆等话题包裹成一张满分公务员申论卷，第一部一拳一脚边境硬拼，第二部是动作明星肉身神话化，穿民族主义披风扮演救世主，只用了两年。,1
事实证明男人杰克苏起来比女人可怕多了，女人最多幻想下霸道总裁，男人的幻想要上天下海，喝最烈的酒扛最沉的枪，徒手接飞弹，甩出眼泪的姿势都是最帅气的样子。ending pose完全可以开发一个新IP：flag-man。两星给动作团队，几场肉搏戏很ok，多半星给张翰，完全没料到他是全片最适合的选角,1
非洲小朋友演技在线,0
抱歉，作为一个多少有些民族主义情绪，对人民军队多少有些情结，经常被批评过于直男审美且买了票的观众，这就是我能给出的全部评价。,1
lol,0
不对电影做任何评价。就一点：审时度势真他妈重要，亏我还是个党员，怎么就没这思想觉悟？,1
国人心里蔓延着颓丧的病毒，战狼就是那剂疫苗，用一本护照一面国旗一趟非洲营救燃起了全民族一直压抑的高潮。当下国人迫切地需要看到这样的作品，了解中国在海外有多强大，那一声开炮提振多少信心。从片尾花絮感觉吴京想做新成龙的野心，但本质上这算不上电影，跟片头的广告完美贴合成了中国梦宣传片。,1
吐了。。。,1
中国特种兵在非洲救人。靠巧合推动剧情，尴尬。,0
说剧情有bug，我承认。但你看的燃不燃？high不high？动作打得过瘾不过瘾？看得心潮澎湃没有？激动不？国产商业动作片能拍到这个水准，已经值得表扬了。不给鼓励还在那挑刺？呵呵。,1
非洲彻底扁平成一张奇技淫巧的背景纸，吴京，逼王之王。,1
1.设定有点像好莱坞动作片那一套，男主的女人总立flag，不是消失就是疑似扑街。2.太极宗师后，半红不紫多年，吴京很厉害，靠战狼系列走出条自己的动作片路线：金链大哥片，糙汉の最爱。3.能看出007，碟中谍，史泰龙，斯坦森影子在。4.好莱坞团队对爆米花片总体质量提升，战狼2比第1部更紧凑了。7分。,0
觉得剧情不好，这是对剧情的评价而不是对吴京这个人的，当然这话只会在国内网对中国人说，翻墙去YouTube的时候还是会说i like this film，I'm proud to be a Chinese，但中国人就一定要因为爱国情操把不好看的电影都说成好看吗？这是不是太道德绑架了，因为一部电影不允许别人差评就表现爱国了？哈哈哈，00后们最容易被煽动被洗脑的一代。如果艺术如果必须绑架政治色彩，那我宁可移民！,1
只要是对话，就处处觉得尴尬。所有的对话都非常刻意。你说这片子假，他说是这是我们自己的硬汉英雄片，硬汉英雄片都这样；你拿全世界硬汉片标准来评价，说故事本事和人物刻画比好爆米花片差远了，他又说，通过这片子深深感到我们真的强大了！,1
相府老太太看《红楼梦》就看个吃（张爱玲语），这片你就看个打。。。,1
按好莱坞的标准，流畅度和节奏都有问题，高潮位靠的还是赤裸裸的爱国鸡血冲上去的,1
就算不喜欢，咱也不敢吱声啊，要不然会被扣大帽子。期待某一天，电影回归电影，艺术回归艺术。,1
这就是好的国产主旋律电影啊！不能总看美国人拯救地球吧！我觉得在目前高压审查之下，这类题材要么去部委请尚方宝剑，要么以后专门拍中国人拯救非洲，对抗邪恶的白人。但是，尽管知道这些，这部电影本身还是让人泪流满面的。,1
不如预期，无论拳脚还是枪战，动作风格太夸张，又没想象力。水下格斗、非洲冒险、拖着黑白黄妞满世界跑都是成龙当年玩剩下的。铁链拖翻坦克那不就是《财叔》么？徐老怪当年的土法特技做得比这好看多了。有打跑白种男人拯救黑白女人建立世界新秩序的“大国崛起”心态，却连发动群众的革命经验都忘了。,1
乌克兰战争告诉我这是骗人的。,1
"自我高潮。
新冠疫情背景下，中国护照保证你回不去家",1
余男太够味儿了，期待3456789…,0
"《战狼2》同好莱坞曾经在冷战时期的那些廉价量产:有限的""燃""与带有父权意味的自大，后者在吴京的影片中实际上属于一种伪装成人道主义或国际主义的后殖民主义(东方主义)话语范畴，对""非洲""的审视实际上将这片场域简化为大国间的意识形态仇恨介入与私人化的恩怨。而本地的民众被缺位，降格或架空",1
法西斯狂热。,1
都是假的都是假的！有本事硬起来！,1
好莱坞工业流水线模版嫁接爱国主义情怀的殖民地科幻巨制。,1
《蟑螂ll》,0
推特这东西，不是它不存在，是你用了也没用，懂？,0
这片子吹的神乎其神真是不可思议，这和抗日神剧有什么区别？,1
负分。土味湄公河行动。第一个长镜看见吴京踏着Chinese Kungfu式的广场舞小碎步一头扎进海里直接笑喷了。结果没想到后面还有n个这样的年度搞笑瞬间。,1
诚意满满，全程无尿点。吴京非常帅，剧情比战狼1好看多了。,1
燃爆了！剧情节奏快又紧凑，全程都看得很爽！但是也看的好紧张！！里面反派说杀人就杀人！吴京好man，但是笑起来还是很可爱的，让我想到了以前看过他的《太极宗师》《金蚕丝雨》里面的他。值得二刷三刷的片子。,0
最后加上一段歌舞，这就是一标准的印度神棍片。,1
武装快手主播非洲单挑大坏蛋,1
一部判断是否双标的电影：美国主旋律还有的套路，它都有，美国主旋律还有的特长，它在努力学，还有一些距离。但以主流商业片惯常使用且不得不使用的方法来指责其短板，就是双标价值观和审美水准的问题了——美国人都把汽车当飞机开了，中国人拍个坦克漂移怎么了？是轧了你家按揭商品房了？,1
其实动作情节…没道理的地方是有不少，但吴京作为一个演员导了一部好莱坞式的个人英雄主义主旋律燃电影，爆米花效果算可以了，但说它完虐湄公河的那位还是有点儿夸过头了。,0
看完了战狼2，还挺好看的，没有评论说的那么烂，除了吴京动不动总是画粗眉毛很跳戏，以及偶尔有流露出的自恋气息，我觉得吴京请张翰，应该就是为了掩盖这份自恋。坏人依旧死于话多，赵东来一直告诉人民，很抱歉现在只能靠你自己。。感觉吴京可以接棒成龙了。达康书记好赞！,0
期待第三部控制好节奏，高潮太多会乏。看多了美国大兵，看看中国大兵蛮好。片尾花絮让人想起成龙的老片子。,0
一部政治宣传片！中国也就在非洲还有点脸面了！给宏大的战争场面和吴京卖力的打斗五星，剧情减一星，政治倾向剪一星，综合三星！,1
好莱坞很多大片都是把美国人拍的无所不能，也没见很多人骂啊，这个电影把中国人拍的这么强大，为什么这么多人骂。。况且这个电影有一定的历史基础。,1
"还是那句话：若批评不自由,则赞美无意义。",0
没头没脑的剧情+不着四六的人物+自始至终毫无节制的呯呯咣咣乱打一气……，所谓的爱国主义看来仅是个宣传噱头，实则充斥着满满的个人英雄主义，而且还是那种特别自恋特别中二的个人英雄主义。不过，看在吴京够拼够认真的份儿上，特多加1星以资鼓励。,1
小学在家比赛看《下水道美人鱼》谁先受不了，现在想邀请所有基（姬）佬朋友，一起看《战狼2》看谁先尖叫。,1
电影里最热血的场景是，一个人面对成群坦克毫无惧色，要手无寸铁的话，才是真的英雄。,1
好看！累了一天看到爽片，心情大好。突击战、坦克战、追逐戏拍得很好看，打斗动作拳拳到肉。黑人母子的笑点和几个泪点的插入也很自然。我觉得算很好的解放军英雄片，国家宣传片和反战片。,0
动作戏只有（敢死队）的水平，也就只能说好过前作，两个小时不停的给你炸，给我最大感受就是吴京不停换着镜头角度扮酷扮有型，反派的智商简直是屎做的，这脑子也能出来当雇佣军？比起这个直男冷锋，我宁愿吴京回去演（杀破狼）。,1
男主角如果换成彭于晏就好了！！！,0
要是能把自己带入暑假学校组织包场电影的小学生视角的话，真的蛮好看的…,0
3d扣分,0
给个三星吧，比预想的好。主角光环和英雄主义什么的反正哪个国家都差不多，至于大国强国心态那些，反正我就听你们说说就好。只能说这是一部被吃相给损害的电影，自作自受吧。,1
抛开意识形态也就是两星。吴京在里面全知全能走到哪里都是所有人的焦点，奇怪的搞笑桥段，动作戏全靠快速混剪，极少硬桥硬马的打斗，射击动作别扭不帅，令人尴尬不讲逻辑的主角光环。和美国大片比，做过分的地方太多，做的不够的地方同样太多，两星电影，意识形态扣一星。,1
打打打，杀杀杀，中国护照走天下。（政治正确的影片，肯定过及格线。）,1
为什么吃饭的时候电视里在放这个？就这个不科学程度，不止牛顿，全球百大物理学家的棺材板都快压不住辽,1
不管它有这样那样的瑕疵，但是影片背后的时代意义已经不容拒绝。在华语武打片被某甄某龙垄断这么多年挤压他人的时代，吴京传递出来的信号估计业内人士明白。,1
不难看，动作场面很认真的炫了。但内里真没什么意思，砍死肌肉白男，泡美籍亚裔妞，认非洲干儿子，我国铁血真直男儿的世界想象。。。,1
抛开价值观不说，打是真打，拳拳到肉，也算不错的爆米花电影,0
现在还有单排上分的人啊？,1
这片儿如果是好莱坞大片豆瓣评分大概也就6-7分，所以7.5已经挺高的了。作为国产动作电影有不少突破的地方，也有很多硬伤。吴京拍得很认真，但审美太直男了很多地方看得我略尴尬。大火是碰上了好时机啊……,0
吴京赶上了好时候，这种主旋律电影在当下获得的资源优势是不言而喻的。电影本身及格，故事很工整，部分情节用力过猛，导致出现“尽管被煽到了情但是心里还有点抗拒因为目的太明显了”的感觉。,0
动作戏还不不错，摄影有几幕草原很漂亮，制作在国产片里也算精良。但编剧和内核真是让人屡次三番不适，逻辑和漏洞以及老掉牙的英雄主义让人扶额。另借祖国的名义，太取巧了。,0
意料之中的精彩，意料之外的惊喜。属于我们的英雄，展现狼性的军魂。,1
一位粉红杠精在我的某篇影评下疯狂引战刷屏并宣称《战狼》是世上最好看的电影。不堪其扰两个月，本着没有调查就没有发言权的原则抽空认真观摩下来。谈不上好坏，动作漂亮，但台词和个人英雄主义意淫实在是一言难尽。表现中国军魂和男子气概还是首推《亮剑》。把《战狼》认作举世无双的人也是挺可悲的。,1
干爹文化横扫非洲，也算是文化输出吧,1
吴京这一次完全就是用超级英雄的标准来打造角色，美式英雄主义与主旋律的违和是不可逆转的缺点，各种笑料也一定程度地破坏了节奏感；斥巨资炮制的大场面有所体验，动作场面的流畅自然也比得上好莱坞水准，但满到溢出却又影响了观感。有着明显的优缺点，但却会是受一般观众喜爱的院线电影。两星半。,0
从电影本身而言，应该是彰显中国电影工业的进步了。以前没有中国电影能把各种元素运用纯熟到好莱坞的程度。,0
剧情就这样吧，打戏的确拍挺好的，印象最深还是开头海里打海盗的那一场。,0
emmmm……主角光环确实是中外商业片的固有定律，并不晓得热评都在愤怒些什么，看来在豆瓣这个某些人高贵的精神角落，掺了主旋律就是罪了。是合格的动作片。,1
"2017-8-1 故事非常紧凑，男主几乎一直满血，和达康书记两人完虐一支部队，国旗光环简直太闪亮，真是国威浩荡，义愤填膺处更是想砸场子。最后凯旋那一振臂，让人太激动了！我想说太棒了！
也许，你永远也不会知道你的祖国给了你多么强健的安全感；但，你终有一日会发现你也深爱着你的祖国。",1
该有的差不多都有了，你还想要更多什么呢？,0
"直男观众喜欢什么？
吴京：情怀，执行力，不爽就干。老爷们那些东西是共通的。
估计票房20亿左右。昨天写的，有点保守了，估计票房三十亿。
豆瓣影评除了固定的黑子和牧羊犬之外，还成为自媒体等资本博弈场所，换句话说，观众不在说话，除了书里的思想说话外还多了资本的声音。",1
很燃！战争的场面很宏伟，人与人的打斗很精彩！看得人热血沸腾，为同胞而战！,0
干嘛说吴京意淫呢，美国片也很意淫啊，同样渲染情怀，咱们国家不就是这样嘛，金手指开得大，不也是一种夸张效果嘛。,1
好燃啊！好看！表白吴京和达康书记！,0
开创了意识形态上出于爱国自觉和军人情怀，类型模式上又借鉴好莱坞孤胆特工片的战争动作电影。依旧是有血有肉的个人英雄主义，前作成功使得制作再次升级，异国取景更加强商业色彩。开场水下长镜头、结尾拼死肉搏、手臂当旗杆有看头，编导演都合格了。同样讲非洲撤侨，期待林超贤的另一视角。,0
打的比1好看很多啊！就是大国自信配合目前时事有一丝尴尬,1
整体及格，剧情方面确实用力过猛，动作方面大战牛顿三百回合终获胜利，逻辑方面大战爱因斯坦三百回合又胜了，好不容易有个他不擅长的生物课题，结果不顾后果的把屠呦呦踩在脚下！可怜！,1
有评论说，和纳粹有什么区别。我感觉区别是有的，纳粹虽恶毒至少好看一点，并且是理想化的，虽然是非人性的理想化。灭亡也灭亡得轰轰烈烈。而中式爱国电影弥漫的投机取巧肤浅庸俗的小人感太中特了，丑心又丑人,1
“爱国”这个铁饭碗属实是被吴京给吃明白了,1
@共青团,0
故事非常紧凑，一直在打，男主几乎一直满血，和战狼1反差太大，战狼1一大队人马抓一小帮雇佣兵，这次和达康书记两人完虐一支部队，国旗光环简直太闪亮，真是国威浩荡，义愤填膺处更是想砸场子。最后凯旋有点像美队1里救众人凯旋，还有那一振臂，让人太激动了！有些瑕疵，但瑕不掩瑜，我想说太棒了！,1
毫无灵气和才华，一股就要死磕的劲儿，我平时就怕碰上这种人……如果说同样是海外行动吧，我忽然觉得李安的《中场战事》真是大师之作啊，虽然《中》也就平平；如果说是动作片就不要讲情节和逻辑吧，但是一个入脑的动作场面都没有，倒是让我回家翻出《拳霸》过了过瘾，国产保护月，乌拉~,1
五个一政策现在就是在赤裸裸的嘲讽这个电影,1
只有美国人拍主旋律才是政治正确吗？给低分的真恶心。好片子，期待三！,1
我十岁时会喜欢的片子。,0
这片子真的爆了。在美国，电影厅全坐满了，一个座位都不剩，很多人直接坐在地上看，第一次看到,1
一场站在道德至高点的高空蹦极。令人印象最深刻的莫过于张翰的粉底，打得真不均匀。,1
开头情节仿第一滴血，然而太拙劣。兰博在价值观转向的环境里，受尽凌辱，那种失衡、忍耐、不公、悲愤、极致，一点点张力走到了一个阀值，然后爆发。这部片，包括后边吴京表演时那股狠劲，只能说，很符合杀马特青年的暴力幻想。最后扯个国旗过交战区，我知道他得失心疯了。看到护照话题他的回复，确诊。,1
很意外，比1好很多，虽然有一些尴尬的点，但是基本全程不出戏。可以说是个人英雄+意淫片里最好莱坞的国产片了。而且这种爱国风格妥妥横扫三四五线城市。个人觉得票房十亿起。,1
很好，主旋律片，主角开场前十分钟就被开除军籍蹲监狱了，直到彩蛋才有个身份。中间国家形象好像集结号，you are on your own，最后又反讽国家会管你。感觉导演干大事。,1
所有的拍摄都是网大标准 吴京的刻意卖弄和油腻让一切愚蠢至极 爹到骨子里真是件吓人的事,1
1.我护照上真没那几行字 2.其他国领馆会先跑？也太意淫强国了 3.美队好歹参与了超兵计划，吴京打的是鸡血  4.美队2为啥有三星战狼2只有两星？特效其实差了不只一颗星 5.最恐怖的不是片子，而是这片子在你国很有市场,1
呵呵。五个字可以概括全片：直男的意淫。技术和思想双重层面的完败。导演，您是小时候被女性或者异族狠狠欺负过吗？才能想象出这样一盘毫无逻辑脱离现实的戏来满足和补偿自己。这跟印度想象世界爆发三战然后印度轻易打败了中国有什么区别。另，以前真没看出来您是如此爱炒作的人。,1
就是叶问的热兵器版嘛，不是我的菜，完成度很高。非洲群演超敬业，我们终于脱离了人命不值钱的底层。,0
一星不至于，但确实不好看，打斗戏太多了，吴京的台词中二爆炸，最后举国旗过路的那段真的无语。还有很好笑的是，中国人都要死完了，就让吴京一个人去深入战区救博士救血清。还不给武器没有支援。到底想不想救的啦？最后，好像中国的英雄主义都是去拯救非洲。珍素会找参照物哦。,1
"就鹿晗这作为一个军人留这大刘海。。。我对质量就不敢相信了
上海堡垒最大的贡献，就是让投资方知道了，流量的时代结束了",1
"1、小众文化ok，放到没有分级的b站就不ok。
2、标签奇幻冒险，爽文开后宫ok，挂羊头卖狗肉把人骗进来喂屎不ok。
3、谁还不yy帅哥美女了，如果只是老色p谁管你？但意淫老妈侄女、炼铜强j就触犯人伦道德底线，绝对不ok。
4、明明就是媚宅动画，目标用户被戳中内心破防了当然跳脚，看到女⭕来攻击更是报团反击，还自以为是守护优秀动画作品，抵制“人上人”呢？别tm逗了。

不要求动画正道的光，但至少不要踩着人最基本的道德底线🙃",1
是一部好的反诈宣传片，但不是一部好的电影。,0
它最大的意义在于给观众展现了完整的诈骗链条，帮助观众理清了逻辑，很有现实警醒意义。,0
不是，都当诈骗犯了还搞纯爱啊,1
赵警官跟安娜说要不要跟阿天父母道歉，我…无大语,1
妈耶 怎么会有孙阳这种感性又性感的迷人反派！,0
质疑思诚，理解思诚，成为思诚。,1
和现实最大的区别就是阿才不会心软,0
正反派同时降智的官方反诈宣传片。最后还在滚字幕呢手机就显示有诈骗电话打过来了，真的是离大谱...,1
放金晨走的那一刻开始，这部电影开始降智,1
果然中国文艺圈开始学奈飞的大数据选题材了,1
话题度已经远远大于电影本身,1
这种电影不是越多越好吗？我作为一个10年前，被一通愚蠢的电话诈骗骗过的人，必须非常不理性地为本片撑腰站台！,0
题材很当红，故事也很完整，甚至群像都立起来了，这么低的分是…诈骗集团组织刷的？,1
阿才绝对是一个时间管理大师的纯爱战士。又是国内拐人，又是绑架，又是打手，还是包工头，忙得起飞,1
3.6 靠猎奇片段营销如此成功堪称业内典范。作为反诈宣传片是很起效的，值得深入普及，不过导演依旧是现实题材抓的很准，叙事却是短板。前部分诈骗过程堪称全片最吸睛之处，氛围渲染也够足，不过几个主角的背景故事剪得如单元剧般的结构，各讲各的，更像再看一集集法制节目。后部分则越来越塌，些许bug乱糟糟的，全片角色除了王大陆都难立得住，反派为了塑造更立体给了点人情味，挺刻意也不适，主角一直处于受害状态，撑不起作为主角的分量，为了正确与写实不得不由警方来救，如果改为智斗反派脱难的商业爽片估计更好看,0
"导演申奥时隔四年（包括疫情三年），拿出了这部出色的社会问题剧，比第一部电影《受益人》在导演掌控场面、节奏上有了长足的进步，值得4颗星夸赞！影片最大的优点是在上万件真实的案例基础上，精彩、丰富、真实地表现了网络诈骗的黑暗与残酷和反诈骗斗争的艰难，是一部极具现实意义的影片，理应受到观众的关注与拥趸。
        不足还是在剧作上，写事多于写人，人物过多，写主角的笔触不够，致使作品缺少人物精神和人性的力量。
        直面现实不易，经验要慢慢积累。继续努力，拿出更好的第三部来！",0
电影里诈骗半天最大一笔八百万，但拍诈骗题材电影拍好了票房几十亿，总结，搞诈骗不如拍诈骗电影。,1
"大型反诈公益宣传片，比“阿姨，小宇出扯祸了”好看很多。

其最大卖点就在于把诈骗产业链奇观化，让观众怀着一种猎奇心理，去体认坏人很坏，傻人很傻，而自己很安全很幸运。

前面100分钟的奇观塑造，相当成功；后面半小时的虽远必诛，原形毕露。

这就是电影与宣传的差别。电影总要深入到绝对的对与错背后，去试探人性与道德的暧昧。而宣传则没有任何转圜的余地，费尽周折，无非是让观众记得：别贪心，少上当。

片子会爆，和很多人着迷于法治进行时的逻辑是一样的。那是一种相当复杂的心理，有对于正义的天然诉求，有看热闹不嫌事儿大的吃瓜心理，还有对自身道德优越感的抒发。总之，它唤起的是一种“窥”的心态。

也正于此处，宣传又稍稍背离了伟光正的初衷，成了暗地里的私欲的狂欢。",1
王大陆真的很适合演这种角色，清澈的愚蠢，情绪还不稳定的亚子,1
质疑陈思诚，理解陈思诚，成为陈思诚。既然结合社会热点话题+展现猎奇奇观+煽动观众情绪+短视频主攻下沉市场宣发就可以赚得盆满钵满，谁还会踏踏实实花时间精力去拍电影？,1
我以为阿才是卧底，毕竟他死的时候移民局👮大喊一句别开枪，然后来了个痛心的眼神特写,0
在盗版网站看这个 一边看一边出现澳门新葡京 👍,1
教育意义大于影片本身 没有人会放安娜走,0
继《消失的她》之后，又一部重创东南亚旅游业的中国电影…泰国旅游局看完连夜撰写律师函🫶🏻,1
"反诈片被你拍出了诈骗工厂宣传片的感觉，陆经理被捕前还想着女儿，洗白阿才（放了安娜），仿佛在说诈骗团伙也不全是坏人。
受骗者并不惨，被打的人都是因为要反抗、要跑，仿佛在说只要你不反抗、不跑，就可以发家致富。
的确有阿天这样的案例，但导演却不告诉你，他们要试很多次才会遇到阿天这样的“大鱼”。
导演选了最极端的案例，骗阿天太顺利了，轻轻松松骗到800万，还有那热血沸腾的庆功宴，不想去缅甸的人看了会觉得真的能赚到钱，本来就想去的现在更想去了，导致看完电影的人会有三种想法：
第一种：境外高薪工作果然都是假的。
第二种：境外高薪工作不是假的，是潘生太蠢了，你有技术有能力，你不跟着陆经理赚大钱，居然想跑？跑回去996吗？
第三种：我也是程序员，技术吊打潘生，到时候只要不反抗，肯定比他混得更好，我马上就订机票飞缅甸！",1
我一直觉得电影可以拍得烂，不能拍得坏。《孤注一掷》是我心目中坏那一档的。张艺兴线偷换概念，金晨线物化女性，王大陆线污名化字幕组，没有角色只有人设，没有现实只有意淫，没有剧情只有案例，所谓的“大尺度奇观”就相当于东南雅香烟盒上的恶心图片、工厂走廊里的不当操作案例、车管所墙壁上的车祸照片……看不到任何现实的重力，只有避重就轻落井下石的爹味恐吓；看不到任何反诈的意义，只有给那些自以为是“喜欢教教别人的屌丝”谄媚捏脚。我不相信未删减版或者删掉咏梅的戏可以拯救这部电影，因为即使完成这些，也不能改变电影煽动情绪的内核。,1
为什么那么低的分啊？哪里有问题？演员演技好情节抓人，最主要是警示教育作用。一部莫名其妙的封神都可以到七点几分，打低分这些人你们想怎么样啊？,1
打着反诈宣传旗号无节制展露视觉凌虐，为强化主旋律意识输出连基本叙事逻辑都不顾。只不过选材类《消失的她》戳中时下流行热议话题，其实成片质量剥离各种外在因素加持就是中下水准，宣发靠大规模点映制造信息差扰乱市场很败好感。人物全是为构建戏剧冲突打造的刻板符号：不到山穷水尽向下做非法荷官，明已被骗还毅然决定投入全部家底；逃生破局想不出整条纯爱线，千钧一发之际大卖兄弟情，行事动机完全缺乏有力情感支撑。最想吐槽咏梅饰演的女警，总像抱着一股“已经尽力剩下听天由命”的消极态度办案，好歹代表的是绝对正义形象怎么呈现的感觉这么颓。,1
把大家平时在网上听过的缅北噶腰子的猎奇新闻拍了出来，人物选择上抓了四个典型案例，有被高薪工作骗去的程序员，有被熟人骗去的美女模特，有倾家荡产的赌徒，还有反诈的警察，每个角色都是一个典型，一个符号，但却不是人物。故事用四个人的视角，展示那些网络上流传的都市传说，展示电信诈骗的过程，换成警察视角之后，直接就成了反诈宣传片。电影的前半段还可以，越往后越直白越说教，电影的节奏也变得越仓促，故事线的逻辑很潦草，那个666的剧情反转有点生硬，感觉像缺了戏，最后故事也只是流于表面的经典案例示范。主角个个工具人，反而在反派身上看出了人情味，也算是本片最大的惊喜吧。,1
反诈可以，把猫扔下楼摔死的画面是非拍不可吗？,1
如果缅北的人知道，随便拍个电影就能骗这么多人去看，那估计他们早就过来拍电影了，还搞什么电诈,1
才哥，妙瓦底纯爱战士。痛经时为你送上一包卫生巾，鲨你时找条小船偷渡你回国，还怕你着凉脱件衬衫扔给你，死到临头为兄弟两肋插刀。但依然改变不了他是个人渣诈骗犯的事实。,1
全片最大bug就是金晨都离职那么久指纹还没删除,1
破局的关键是打手小哥爱上你，一看到这种设定我整个人就很泄气。,0
寓教于乐的变体，既寓教于暴，又寓暴于乐。满足观众的慈悲心、猎奇心，又令其全程得意于自己智商水平与道德品质的碾压，创作团队的确拿捏了。,1
这电影也能有几十亿票房……这比诈骗来钱还快……,1
电影宣发团队是谁啊，加钱吧，看完觉得诈骗集团的心还没有我老板毒,1
讽刺的是 我的观影盗版网站上不断穿插美女荷官赌博小广告,1
现实中，梁安娜不会“完好”地走出阿坤的房间，潘生也不会有那么多次机会很突兀地发出666(二进制110)的信号甚至连试图逃走都没被打死，更不会有一个明明是亡命徒却突然心软化身纯爱战神的二当家放走女主。虽然这么多bug相信主创不可能察觉不出来，但因为结局必须拍大团圆，所以我们能理解到导演想传达的内核就可以了：只要你被骗过去，基本就玩完了。请反复告诉自己：别贪，别信，别冲动。,1
最烦王大陆那个角色没死，小雨质问安娜的戏，娇妻哈人。,1
"自从阿才把安娜放了之后越来越好笑了。看猴戏。
最想吐槽的就是，你们带安娜去土匪窝，还让人穿裙子防弹的也没有，自己倒是全副武装的。",1
劣币凭什么驱逐良币？这种东西要能赚到个几十亿，以后中国不会有人愿意用心做电影了！你花的每一分钱都是在给你想要的世界做投票，这么烂的世界我不要！,1
作为反诈宣传片可以，作为电影不太行,0
单方面宣布，阿才是本片最佳男演员,0
命运的转折竟然是诈骗团伙的心软。,0
电影本身就是诈骗,1
一边张灯结彩 一边天人永别 太讽刺了,0
我受骗了，这东西应该在CCTV上播，而不是院线。,1
好家伙，缅北人魔王传君在抖音火的不行，结果戏份还没王大陆多。就那个微信头像做的，公园大爷看了都不信，还能骗到硕士生，是哪一年的硕士生啊？有房有车小富二代竟然深陷手游app无法自拔？大哥人家天天酒吧泡妹都忙不过来好吧？全程最有质感的反而是金晨，性感荷官在线发牌，我差点都想充值一波，金晨要是在缅北开产业，我他妈现在辞职就去。暴力尺度是很大，但是这个狐假虎威的剧本受众究竟是谁啊？一家人整整齐齐在电影院里观看今日说法VCR，缅北战狼是么？骗我中华者，虽远必抓？在暴力和暴利之间选择了报警，命题作文的公式化拍法，王大陆傻笑着下注那一段尬到窒息，他是不是没有玩过QQ斗地主啊？用暴力奇观与抖音素材进行一场非素质教育，大可不必。这片子最适合的舞台是电影频道，黄金时间强势播出，与315晚会进行联动，沉浸感满分。,1
好像就周也一个人在演另一部电影,1
"被类型片包装的任务片，以猎奇的犯罪奇观，满足了观众对电诈背后窥探欲的快感体验，最后再接受主流意识形态的正确洗礼。其实和《扫黑·决战》一个样，为新时代的主旋律电影创造了市场卖点，最终实现寓教于乐的目的。注定没法一条道走到黑，前面有多黑，后面就有多正，用阳光积极正能量硬掰回来。王大陆、周也那条线有点横插一杠子，是专门树典型用的案例，这几处问题让结构失衡。ps, 表演方面，孙阳无疑是最佳的。",1
安排阿才放人这种情节有什么意思？诈骗犯＋监工＋打手的人性真善美时刻吗？包工头悲恋销冠的女频纯爱剧吗？谁都知道在那种魔窟里，等待女性的只有强奸、性服务和毒打。,1
硕士研究生王大陆玩遍赌牌足彩虚拟货币，打手孙阳爱上美女荷官。。。一边刻意拍成反诈宣传片，一边刻意进行艺术加工。。当然，最刻意的还是大伙喜闻乐见的保留节目：在×和××的高度重视下。。。,1
对于这种敢拍、能救人的片子，非要站在电影技术的角度去挑毛病，是件很矫情的事，何况拍得并不差，主配角基本上演得都挺好。希望这部电影被更多人看到。,1
可以理解它的爆火原因，确实从一个侧面呈现了某个未知且庞大的黑色空间，原来平时在网上看到的美女弹窗广告、收到的垃圾短信、还有下的资源里的赌场网址，背后是这样一个完整又可怕的产业链。导演知道观众想看什么，尽最大可能制造刺激观感，平时戏谑的“嘎腰子”在这里有了更具像化的展现，各种私刑甚至小命不保，这些场面在填补了观众窥私欲的同时，也提供了情绪宣泄的合理性。到最后，整个故事题材当道、情节先行，尺度话题一个不落，就是没有人物，所有角色都是流于表面的符号，为了不过于刻板只是丰富了一点性格层次，让他们不至于“坏”的太彻底“傻”的太可恨，整个故事依然像是摇摇欲坠的空中楼阁。现实当然比电影更残酷，但我依然反感这种煽动式的创作，感觉是用最大的力气拍了一个今日说法栏目剧，用的还是这种“诈骗式”的口号，很讽刺。,1
院线上映的时候没赶上，下了网盘来看，每隔几分钟弹出的“澳门新葡京”广告，讽刺性直接拉满…,1
每次看到这样的电影我真的很害怕。害怕观众喜欢，更害怕投资人喜欢，害怕观众习惯，更害怕自己狭隘。,1
诈骗犯搞纯爱实在是太抽象了,1
作为一部类型片，构建了一个暗黑的诈骗集团，值得肯定。但从本质上看，它就是一部挺有代表性的“抖音电影”。强设定、强情节、强节奏。但可惜故事缺乏厚度，人物不够饱满。比如阿才放人、安娜逃离，都欠缺说服力。,0
前半段还行，越往后拔高就越像APP广告，宣传语可以改成：少一人观影，就少一人被骗（电影票）。,1
在第三方网站看反诈电影，时不时还要出现广告,1
反诈宣传工具片现在也叫电影了，也不是不行，但你花钱去KTV会点拒绝黄赌毒吗,1
看的在线D版，时不时跳出来网赌贴片广告，显得更讽刺了。,0
逻辑是一样的，为了你好，所以那么多缺陷似乎被原谅，那么多画面能够被呈现，在几个台阶上向下俯视也感觉不出问题，造成的误解伤害也微不足道。而高高在上、为了你好，正是很多人受骗的原因。而之所以受骗，是因为我们就在“高高在上、为了你好”的环境中长大。,1
"整体有种割裂感，剧情发展、人物设定都不完整。踩中社会民生类的热门，但并没有完美表现出这类题材该有的水准。
王传君是电影主演里面最佳演技就是戏份太少了，其他人还需再继续磨练。
作为反诈宣传片可以一看，比纯教导式宣传更多了一分生动性。但作为电影鉴赏的话就很平庸甚至可以不看。",0
扭曲的东南亚奇观已经彻底成为国产电影的财富密码，并且居然在这个暑期档接连两次引爆了全民情绪。短视频的下沉式宣发和所谓「炸裂演技」互为表里，但王传君的「邪」和咏梅的「正」呈现出这部电影内在撕裂的一体两面——一方面用足够多的暴力剥削场面吸引观众进场，另一方面用反诈的政宣主旋律属性确保站位的绝对正确，这两个作用力在类型技巧的包裹下深度互动，带来的后果是人物变得面目模糊，故事也流于简单粗暴。当它作为一个商品疯狂收割流量时，《药神》式的社会思辨已经后退得太远。,1
国内影片有时候被审判得太厉害，这个电影最大的意义就是让看过电影的人平时多长个心眼，可能效果比反诈警察没日没夜宣传还管用，就冲这个题材，我愿意支持一下。,0
赌徒的娇妻女友 荷官的恋爱脑马仔😅性缘脑禁止当编剧 神金😅😅,1
前面很精彩；后面感觉像是安娜被淹死后的幻想,0
片头直接拿《毒枭》的来用。如果说《受益人》还在申奥的安全范围内，这部稍大体量点就完全暴露了申奥的缺点，他的能力拍不起来一部长片，零散的片段还算拿得出手，也怪不得在抖音宣传得如火如荼了。贴合当下的奇观展示，尤其不太懂拿字幕组出来当出头鸟算怎么回事。孙阳临时做好人放了金晨，王传君偏偏是个好父亲，这样不做塑造只做人设的人物倒挺是申奥一贯的作风，只要看上去人性复杂就可以了。一切也只能是看上去了。,1
突破口是发现客服和小卡片上的女郎是同一个人于是顺藤摸瓜从发小卡片的人开始抓……这、这还需要突破？做个指纹倒膜这么难吗非得要重要人证去现场。虽然不恰当，但安娜阿才还怪好磕的。按道理说，在安娜被丢下水那就结束了，阿才放走安娜导致最后团伙全灭，简直就是在教育现实诈骗团伙不要放过任何一个人…,1
前后两个小时非常割裂，第一个小时展示了整个诈骗链的环节，既取材现实又戏剧性强，剧情紧凑丰富。但后一个小时逐渐沦为反诈宣传片，有种正在看悬疑惊悚片时突然插播新闻30分并且播到结束。风格迥异的叙事节奏打乱了本来良好的观影体验，可这个题材的确十分切合下沉市场。至于逻辑么，如果没有阿才这个纯爱战神，这个诈骗闭环接近无解。,0
这么棒的电影居然才7.0啊。我很喜欢诶。,0
每个时代都有应运而生的文化产物，这部电影就是抖音时代顺势而为的作品，不说多优秀，但非常聪明了,0
一直没有正版片源就在网上找的资源在线播放，中间也就插播了四五次博彩广告吧，也挺讽刺的。,0
满足了 普罗大众对这种社会题材奇观的好奇，我比较想知道，最后为什么能精准给莲送上外卖。,0
宣传词本身像诈骗广告：一张电影票，立省八百万？奇观电影，奇观中国电影。,1
男友赌博到家破人亡，娇妻女友遇到被拐走千辛万苦回来，受过身心虐待的女模特，逼问对方线索，女警察在旁边一起要求对方道歉？？最惨的不是模特？？好大一场厌女戏，符合调查逻辑么？（越想越恶心改一星）,1
你麻袋扔了又捞起来已经够奇怪了，跳楼都摔成这样还不让死，依附于任务电影而存在的国产类型片还拍个毛线？王传君的演技确实好，好到像是误入了正儿八经反诈宣传片的现场，为我们特色的“主题公园”片子提供了一下电影质感,1
来八月酷暑的汕头旅行，午后天热到要躲进电影院看一场新片点映，却是出乎意料的好看。宁浩监制，申奥导演。让我想起了去年改革开放四十年献礼片的《奇迹·笨小孩》，以近年热门的网络诈骗为故事题材。命题作文的局限下能有这样的发挥 已经很让人惊喜，电影本身的意义大于电影技巧。被骗去境外做千门八将的程序员和模特、硕士毕业的青年才俊却堕入博彩骗局，这个小小故事切口 却是无数个诈骗受害者们的亲身经历。看完电影我才知道，原来境外诈骗已经不仅仅是团伙作案，而被当作整个村、甚至城市的成熟产业链，他们在诈骗获利后甚至堂而皇之的庆功，放多少响的鞭炮就代表获利多少个百万，如果过亿就直接放烟花。镜头先给到当境外诈骗犯们兴高采烈的鞭炮烟花和庆祝、再给到境内受骗家属们的绝望痛苦，漫天的烟花和救护车的警报闪灯 成为最讽刺的对比。,0
拍个短视频挺好的，扩张成电影就算了吧。,1
几个人物挺出彩的，前半段远好于后半段，教育意义远大于艺术价值。,0
"消失的她被失踪被谋杀
孤注一掷被诈骗被绑架
谁他妈的还敢去东南亚",1
被要梁安娜向父母和娇妻道歉的剧情实实在在恶心了一把… 好好的题材,1
这片子最好的观看渠道，是网站上看盗版，配合澳门赌场的滚动广告,1
【3】奇观喜剧片，纯诈骗电影。电影里网络诈骗，电影外诈骗观众。货不对板，没有逻辑，极其生硬，没有缓冲的两段式。一段集合电信诈骗的刻板印象描绘成电影的形状，给足情绪，给足暴力。另一段不顾剧情逻辑，人设，环境，法律与否，煽情，紊乱直接逆天抛开bug。最哭笑不得是这个电影最后的收尾，居然是受害者现身说法的科普栏目。煽情说教猝不及防令人发讪，以至于逻辑动机智商都无关紧要。孙阳动心放走金晨满盘皆输就绷不住了，更离谱的是王传君大难临头直言我要活路。电影里王传君说：“是他们太贪，不是我们坏。”同样适合这个电影，不是我们观众贪心，是电影太坏了。当喜剧片看看得了，不晓得按照电影里的东西，现实到底能诈骗的到谁。电影成全王传君，孙阳的表演和说教意味，但他们并没有成全，尊重过观众。幽默死了。,1
縱使漏洞百出，題材天然適合做極端情緒，形式也契合短視頻邏輯。票房不奇怪。,1
有效的宣传片，无效的电影,1
1.6 最恶劣的那种电影之一，简单粗暴非常“剥削”，在大旗下一步一步一段一段逼人接受请君入瓮，仿佛《新秩序》式的那种缺点：在看似复杂的行动中对观众的操纵性过强，不留一点空间。,1
"开学第一课。想起了记忆里一些被我忽视的阴影。
“没被骗的人只是没遇到为他量身定做的局。”",0
前两幕是好看的，以被骗的码农，主动加入的模特以及受害者的视角展现境外诈骗团伙的生态和手段，尺度不小，人物在线，类型感极强，充足的预算也保证了犯罪奇观的精彩。但是当警察线加入之后，影片的逻辑和情感都陷入了混乱当中，bug多、角色崩坏、收线仓促、线索牵强并且非常拖沓，相当于要是犯罪集团的马仔要是没有恋爱脑整个故事就讲不下去。整体上不如前几年的《巨额来电》。,0
素材电影+小学时光作文，料给得足，没有虚头巴脑的东西，演员表演也都完成（咏梅和孙阳最好，其次金晨和邓萃雯），基本信息感觉几乎没有折损，讲故事缺乏技巧，导致人物转变生硬（阿才放走安娜）和情感的铺垫不到位（潘生、阿才和陆经理和安娜都有弱情感关系），最初进入故事双线显得笨拙，不过仍然有效，我个人会想安娜早一点进入集团（为情感做铺垫），受害人角度又讲了一次，只能算是小走一步，中间将戏剧点做在纸钞上，几次反复是剧作上最优秀的点，但双双认罪那场戏垮掉了这几次反复的作用，最后的段落又去了另一部电影，总之就像小学生作文那样，缺乏整体铺排，细节整合，更别提草蛇灰线了，但是最后那一镜真没必要，这个时候想起来有心眼了，太晚。总体来说，踏踏实实讲故事的电影好过奇技淫巧，这一点上它做得已经可以。,0
1.5。早有《我不是药神》，后有《误杀》，再有《消失的她》，国产电影越发向下沉市场靠拢，敏感议题取代了传统叙事，社会热点成为各大制片人摄取灵感的宝库，我们很难从此类电影中看到丝毫个人印记，只有群体泛化的指桑骂槐。到了本片这里，下沉市场已经是它的唯一受众，我不相信有任何一个影迷会承认这是一部电影，我更不相信导演连最基本的专业知识都不具备，以至于拍出这样一部大型普法栏目。影片缺乏重心，它的叙事永远在意想不到的地方偏移，但它的落脚点从开始就被定死，仿佛一个故事的幽灵始终盘旋在转场间隙，左右人物的命运。是的，影片结尾的个人独白就是最好的证明，没有人关心个体的遭遇，因为在他们之上有一个更加崇高的群体来拯救所有人，而我们能做的只有配合。希望这不加掩饰的反诈宣传真的能够警醒一些人吧，但这绝不是电影的功劳。,1
火有火的理由和环境，但电影糟糕的层面也是真的糟糕，占据道德高地玩噱头、搞猎奇的那个小心思也真是不掩藏很彻底。国内由《我不是药神》所开启的这一系列“类现实主义”的片子，还有很长路要走，再多多学习学习韩国和印度吧，人家也的确是把这种类型当商业流水线生产，段位还是高太多了。,0
"其实挺好看的，然而是一部很鸡贼的电影。用奇观和伪现实主义的桥段去掩饰自己在叙事、影像上的问题，用接连不断感官刺激去获得观众的关注，我不能说这样的选择从一开始就带有资本驱动性，只能说现实价值大于电影价值。
《孤注一掷》是一部拆开来有很多高光段落的电影，就像是一本充满金句的小说，它很多点都是可以直接打到人的、打到痛点的，就像是刻意打磨出的营销号十万加爽文。它注定是一部极其符合抖音营销和下沉市场的作品，因为它太适合被切分成无数个短视频去病毒式传播了。申奥本身就不自信的把一个故事分成很多个小故事去讲，事实上就是拍了几部短片揉到一个大框架底下，现在在新媒体营销中这几个小故事又被切分成了更多的更小的故事，这其实是一种电影的悲哀。",1
正版无片源，盗的在抓捕片段顶头广告是“开运体育足彩”至此艺术已成巅峰,1
看得我太出戏了太诡异了太尴尬了，王大陆死的时候为什么要起歌啊！这年头电影不配个MV片段就没法叙事了是吗。以及作为拯救电信诈骗任务驱动型电影，怎么还要为了塑造圆形人物，生硬的每个人都洗白了一遍……真的很别扭。,1
前半段如果还迎合了某些观众猎奇的心理，满足了大家对未知危险领域的意淫，后半段则从猎奇走向离奇再干脆迈向离谱，一泻千里。苍白扁平的人物，生硬可笑的说教，网大质感的成片，只能说本片又是一次成功的营销案例了。,1
居然是靠坏人心软放了女主才有所突破，不然还真束手无策,0
显然，这片子的目标观众与电诈集团的目标受众基本一致。,1
什么大烂片，我还真以为类似消失的她，结果也未免太越级碰瓷了。就是男主女主分别被拐骗。骗的时候和傻子一样，自救的时候就突然像吃了智力果。,1
亚洲某国，由于当地政府监管不力以及有力纵容，电影院烂片横行，导致每个观众看该国国产电影都上当受骗，青春教育、商业教育、犯罪教育，各行各业洗脑教育片层出不穷，每个观众最后都会上当受骗，《孤注一掷》就是揭露这个现状的电影，值得大家反思。,1
诈骗电影自己本身就是个诈骗，宣传用王传君，戏份全在抖音看完了，已经发pyq让身边人避雷了，呸,1
强烈建议单位包场+免费进社区,1
作为主旋律商业片完成度相当不错了…,0
算是合格的反诈警示片，前半段的恐怖氛围营造的还行，但是后半段有点崩了。梁安娜那段有点被美化了，女性一旦被骗进那里只会比男性更惨，这种片子真不必出现男女情爱,1
申奥不是张艺谋吗，怎么改成张艺兴了？,0
少一人观看 少一人被骗  被骗票价,1
后二十分钟如坐针毡,0
这不应该是单位组织去看的么？为什么我要花钱看这个。,0
多一人观影，多一人受骗。,1
国产片正式步入“小红书时代”了，只要画面够“漂亮”话题够“火热”就恨不得全世界都来“点赞”,1
我这辈子是不去东南亚了,0
把今日头条的稿子拍给抖音用户看，真的可以,1
为这个题材打了4分，电影本来就该反映时代特征。没必要给1星，我愿意用稍微高的分数回馈这些有初心的影视从业者。,0
大老板可能在国内做慈善呢,1
前半部分是非常成熟的商业片类型，带有一丝猎奇的意味，跟当下的社会热点紧密相关，引发观众强烈的好奇心。从那句“党中央……”开始，基本都不用看了，后面就是央视宣传的反诈宣传片，草草结束。听说王传君的戏份删了不少，生怕观众对这个人物产生更多的兴趣和好感，导致反诈宣传适得其反。,1
王传君开头那气势跟军阀似的，结尾秒变小白兔？,1
打开在线电影资源，片子播放时，屏幕上方滚动着博彩果聊广告,0
这个东西……能算电影吗。没有人物，也没有情节，只是堆砌了一些猎奇的素材，然后不断对观众进行感官刺激。但算是蛮好的反诈宣传片。,1
如果一个谋杀老婆的男人却为了无意谋杀了自己的孩子而流泪，这不是很讽刺吗,1
其实我觉得男主最后看到b超照片崩溃不是因为看到了孩子的存在，杀了老婆眼都不眨一下的恶魔只会崩溃在明明可以轻松地就得到一切，结果现在命搭上了煮熟的鸭子还在不知情的情况下飞了所以他才崩溃，他怎么可能在意孩子的死活，只是他悔在这一切居然本就已经是他的但他却费尽心思策划了这一切还把自己搭进去了，说到底还是一个彻头彻尾的人渣,1
咱就是说 结尾你说他老婆帮他把钱还了都比这来个孩子强,1
故事看20分钟就能猜到，表演上，倪妮好似没什么信念感，朱一龙则是信念感过足了。导演对声光的滥用，不遗余力地暴露着自己的庸俗审美。吃女性题材红利也就罢了，最后还要蹭一下lgbt。只能说，csc搞女性关怀，很难不让人觉得可疑。,1
富婆不要随便跟男的去东南亚旅游，哪怕对方长得跟朱一龙似的都请冷静三思。另外，赌棍最后怎么可能是在哭孩子？只是哭自己沉不住气，把牌桌踹翻了才发现草其实早抓了一手赢面这么大的牌罢了，这是世上唯一能让他肠子悔青的事,1
更适合中国宝宝体质的反婚反赌宣传片,1
"本片最大bug：李木子没有和她闺蜜结婚，而是和一个男的结了婚。
她闺蜜也是，她得知李木子要和别人结婚了，她还同意了？她难道不应该立马飞回去抢婚吗？",0
我求求，别在破案过程中出现“超能小队，集结！”的场面了可以吗,1
全剧最大赌徒—— 李木子,1
"陈思诚有一个优点，就是直男审美，能把镜头里的女演员拍得美艳至极，文咏珊在《消失的的她》中的形象，堪比张钧甯在剧版《唐人街探案》中的艳丽，尽管倪妮还差点意思。

唯一不太满意的一点，为啥拍来拍去，价值观又倒回到剧集《北京爱情故事》时的——穷生奸邪，富长良心，你看《寄生虫》咋拍的：「不是有钱且善良，而是因为有钱所以善良」，世道艰难，鞭子还是少抽真正弱势群体一些。",0
建议情人节档安排上，更适合情侣宝宝的好电影❤️,1
资本家的女儿不可能这么蠢，导演为什么要塑造这么一个恋爱脑的蠢女孩，是男性的意淫罢了。,1
朱一龙也！太！像！梁！朝！伟！了！吧！,1
不要期望值过高，朱一龙表演痕迹过重，用力过猛。,0
集合了我喜欢的悬疑元素，唯一的败笔是最后那张纸。难道坏人会因为这个后悔么？一个既无视爱情，又不尊重女性的人，不会因为这个就心软的。,0
我觉得最后那张纸是他欠款一千万的收据感觉还合情合理点,0
电影节提前观影：剧本超牛，主角们演技也超牛！尤其是朱一龙，好久没看到如此让人酣畅淋漓的电影了，一定要看到最后一刻有大惊喜。,1
沙滩晚宴那场戏尬得我脚趾扣地🤪,0
要是一觉醒来我老婆变成了文咏珊，我能笑一天。,0
彩蛋应该是何非看到超声波还在演痛苦但其实他看到老婆给他看的照片还游走了,0
什么故弄玄虚的烂片！！！！！！！！！,1
"她本来可以很幸福的。最后的彩蛋很垃圾，烂人他不配有幸福的生活！中间那段幸福的日子拍的很假。
“何非哭不是因为宝宝，而是后悔明明可以用孩子绑住木子的一生，却还要大费周章地计划杀她”。小红书的神评，这位是真的看懂了",1
#HIIFF04#海南岛闭幕，蛮好看的，充满反转，文咏珊能艳压住倪妮的美貌。国产悬疑电影居然还是得看陈思诚。,1
"工业化程度较高。动用了令人羡慕的行业资源和预算，看得出对剧本进行了较为认真的打磨，有比较有力的反转。但破绽和漏洞还是显而易见的，聪明和精巧也都流于表面。
表演比较夸张，很多场戏都存在表演过火的状况。这也是年轻导演使用成名演员的代价。视听语言过满，有时并不能完全服务于内容，甚至会干扰观众对情节的理解和思考。",0
老婆死了笑哈哈，胎儿死了泪汪汪。我也不明白为什么还要安排两公婆执手相看夕阳的彩蛋，大概是人只要脑子不清爽，就总能找到浪漫吧。,1
结尾反转的太牵强 看了b超照片痛哭还不如换成欠条收据来的合理。。,0
"电影院的地板都要被我的脚趾抠穿了…
为什么一个从小留学国外受父母宠爱的富家女看不出来杀猪盘？她父母怎么同意这桩婚姻的？不做背调？
孕妇可以潜水吗？
射程那么远的步枪能打穿血袋但是伤不到人？
十几年艺术专业的富家女会因为一个人知道梵高很感动？
纯爱场面全靠小学生作文和音乐铺垫回忆杀？
“这里的👮‍♀️系统比国内至少落后十年”“假老婆也是老婆”怎么说的出口的？
剧团哪来的钱收买这么多人？哪来的资源设这么大一个局？
假扮👮‍♀️不会被抓？
以及摩托车出场之流的装逼场面，你可以永远相信陈思诚导演的悬疑片🥹
一星打给朱一龙，他是这个片子唯一的质感。",1
就是说。。都知道木子信号消失前在灯塔附近，下趟水也就40分钟就确认了，非得搞个一礼拜去演出大戏吗？？,1
我觉得比看了一部烂片更让人难过的是，你周围大多数的「普通人」都觉得：“哇，拍的真好，人性好黑暗啊”。陈思诚真的好好查一查他吧。,1
对不起看完非常想剧透 朋友辣评：猜不到是因为想不到男的可以这么坏。。,1
友情提醒，别买票看，我无法相信现在的电影是这样的,1
陈思诚很油腻，原来有王宝强，为他吸收了油腻，现在没有了王宝强……这无处安放的油腻感，演员都被他搞得表演痕迹好重。这又是一个男人想象的，女人为了所谓的爱献祭的故事，最后那个镜头暴露了本质，就这样毫无挣扎还要美美死去，这是典型的男性凝视。这同样的故事，成熟女性和少女看到的将会是不同的反应。我最反对的就是这种以男性视角塑造的女性，就是这类电影会加强少女陶醉在一种自虐般的自恋想象中。光是为爱献祭这样的想象就已经是神谕一样的暗示，影视作品还要不断视觉美化它。男人用作品美化少女的愚蠢天真，怜悯少女的苦难悲剧，这是男人对女性最高形式的鄙视，因为在他的眼里，她只是一个美丽没有自我的物而已。连死亡也是他精心安排好的。,1
我不相信蓄意杀妻的人会为误杀孩子而落泪。,0
某些国内观众 吃点好的吧 三十亿票房我真的吓死了,1
不如最后拿出来一张还款单,0
上映前各种repo都是口碑炸裂，让我以为陈思诚真的搞出什么新东西了，兴冲冲去看了，不就是90%的看不见的客人➕10%的误杀吗？以及陈思诚真是太知道市场吃什么，所以选了个讨巧的主题。。。只是他这样一个出轨且不尊重女性的男人，很难不让人怀疑他只是为了钱而已。All for money.剧情3⭐，恶心人-1⭐。,1
不如拍沈曼和木子的爱情故事,0
少拍点女人为男人生孩子自我感动的戏码。,1
北影节提前看了消失的她，不能透露太多细节，陈思诚对于悬疑题材的把握越来越成熟了，目前国内顶级了，让我惊喜的是这次居然能够远超误杀系列，环环相扣更加紧密，2个小时无尿点，所以一定先上厕所。朱一龙属于是开窍了，目光很难离开他，我觉得对于男演员来说，长相绝不是最重要的，那种特有的魅力才最迷人，又是一部可以冲奖的作品。倪妮和文咏珊演得都很棒，因为戏眼儿在男主身上，所以整体上发挥空间少一些。完成度非常高的一部悬疑犯罪电影，很过瘾，端午节上映之后肯定是要二刷的。,1
就像一条巨长巨长的抖音短视频。人物完全是为故事设计的，因此也是标签化的，表演全都虚假且装腔作势，故事捏造感太强，始终无法沉浸（最后试图用剧团演戏掩盖这些缺陷）。最引以为傲的“剧情反转”确实拍出了爽感，但也是完全可预测的。很简单，倪妮的人物动机略过得太刻意，加上她作为女主角不可能只用来解释剧情，因此当闺蜜这个人物线索一出，我们就知道她是谁了。最无语的是，创作者看似站在了政治正确立场上，编排了女人为女人复仇的流量型戏码，但到最后还是暴露了男性中心视角，从结尾的两处“浪漫”场景就能看出，一是丈夫处心积虑杀妻子后，妻子却怀着爱意（同时怀着孕）与他挥手惜别，这…不是四十年以上的资深直男真编不出来…另一处，在想象的世界里，蛇蝎丈夫上演了浪子回头，他迎着日光在浪边牵起被他杀害了的妻子的手…啊，好恶心啊。,1
"真的是消失的她  
 “她”这个字在电影里没有任何色彩",1
根据戏剧“Trap for A Lonely Man”改编，有过几版改编电影，如前苏联的《为单身汉设下的陷阱》（1990）和美国的电视电影《失踪之谜》(1986)。《消失的她》在这样一个改编项目下，拉长了序列和节奏，用“钩子”支撑了太长时间，经过漫长的曲折最终达到反转，但它来得太迟，且效果甚微。再度将背景放在泰国，实在是审美疲劳，既放之则应该有效安置，朱一龙的角色在这样一个语言不通的城市，如果从开始就能有意孤立他，会更能代入他的处境。值得肯定的方面是把对立面改了身份设定，是合乎逻辑的改进。导演能力还是不太够，转换成视听很苍白，且审美较俗。,0
老婆死了不伤心，带个孩子就哭兮兮，在宣传什么，我就问你在宣传什么,1
笑死，就同时满足了男人对理想完美妻子（清纯，有钱，父母双亡，爱我到无可救药，略施小计就能原谅我）和完美坏女人（美艳热辣，极尽勾引之能事，看似图谋不轨但她只想要我）的幻想。但凡主创团队有女性都拍不出这,1
这个片子中段开始一你会在靠！靠！看到最后 又觉得心情极其愉悦舒爽 谨防剧透谨防剧透谨防剧透！！！！！！！剧透的全都拉出去！！！,1
无话可说，我对这种成色的片子大卖感到绝望,1
看到最后以为会是一张还款1000万的支票。。。。,0
结尾是我看过最画蛇添足的彩蛋，没有之一。,1
想对夸这片的朋友们说一声：“吃点好的吧求求了”,1
亿万富翁的女儿哪有那么好追啊 哪会把银行卡给个一无是处的赌徒啊 全是男导演的意淫 还有什么畸形秀 什么“我要你的全部”这种尬台词 很没必要好吧,1
结局的B超单可以用歹毒来形容了，我都不懂什么意思。杀老婆理直气壮，杀了自己的孩子就后悔了？这是什么观点？？？什么价值观？？？,1
看的时候就觉得李木子是男性YY出来的完美恋人——内向、文静、美丽、学艺术、话不多、有钱，还父母双亡。同时要恋爱脑，无条件支持男主，让他走上事业巅峰。陈思诚这是当代罗辑啊。,1
陈思诚写剧本的时候，肯定脑子里天天想着剧情怎么爽怎么来，情色张力我要，追车戏我要，枪战我要，反转剧情我要，女性群像我也要。写好高光戏，随便塞点东西串起来得了，倒是把中国人的g点摸透了。然而，人物的情绪变化，动机，合理性，都是什么呀。刺激不够，给bgm，给肾上腺素，给反转，总之就是让你感官一刻都不闲下来就是了。一个纯纯24k渣男，搞了个男性视角为主导的电影，歌颂girls help girls，哇哦，这得多割裂且表脸的人才能写得出来。。。ps 陈思诚的自恋和油腻真的一点没变，文咏珊这个角色简直就是男凝产物。电影五分真的是最多了,1
好几年没在院线看过视听这么土，表演这么刻意的片子了。。。。。以后和陈思诚三个字挂钩的片子都不会再去看了。,1
悬疑天花板？你家天花板这么低啊！,1
不错，层层反转，有点惊艳，最后女二的一句『我最讨厌渣男』，致敬制片人陈思诚,1
智力超过110的人都不适合看这个片子，太弱智了，常识性错误多到离谱，全员都没有智力，尤其男主智力极低，他老婆也没智力，闺蜜看似有智力但是整个故事就和过家家一样。看到陈思诚做编剧，我就很担心，果不其然，他智力确实也只能编这种烂糟剧情,1
这个彩蛋很懂怎么恶心人,1
倪妮掏出b超照片表示你老婆真的好愛你 朱一龍痛苦流涕感受到老婆真的好愛他時 我嚇傻了,1
说东南亚旅游危险的可以看看是不是会比结婚更危险⚠️ 这个片子最大的贡献是反婚反育（？）有一说一，朱一龙演得还行。,1
海南岛闭幕片 幸运的抽到观影资格 和误杀比还是差了点 但是远远好于误杀2 文咏珊本片美貌逆天 甚至压过了倪妮 杜江工具人无发挥 倪妮身上藏了最大的剧情爆点 朱一龙发挥还可以 有好几个演技摸门特 造型也很多 粉丝们有福了 悬疑这块也很到位 剧情总体流畅不冗长 看好霸屏暑期档,1
所以，国内民政局没有结婚照吗。。。,0
相信我，这要是欧美片，绝不会有那么多的低分，国产片就他妈是原罪,1
"我是自杀，而不是氧气罐中氧气耗尽。
我死于对最爱的人的绝望，而不是海底的牢笼。
我死前最后一眼也要看着为我准备的绝命星空，我的恋爱脑大概是没救了。",1
"虽然但是，建议所有女性都去看一下。
没有突然降临的爱，没有随即可改的习惯，没有必然降临的正义，没有爱不是牢笼。",1
陈思诚就像风口上的产品经理，悬疑、女性、杀妻案、东南亚、闺蜜复仇爽剧……一堆热门元素炖到一起，最后做出了一锅“珍珠芋泥麻薯波波火锅”式的大热元素黑暗料理。,1
倪妮名字一出来我就猜到了结局 另外 一个男的因为妻子不愿意还债而杀人 怎么可能因为有了小孩而流泪 我觉得还不如放一张他的债条说妻子其实已经帮他还清了 他可能还会有一丝丝后悔吧,0
哪个烂赌鬼会因为胚胎而哭啊,1
现在看电影，观众才是赌徒,1
你们知道我极少给电影打分。我浪费了写稿发一次广告的机会，陪人去看朱一龙，好看也就算了，结果给我看了些啥！！！损失巨大，怒😭,1
沉浸在氛围里能看，不能回头细想。,0
油腻溢出屏幕😰不适的点很多，朱一龙很用力在演戏的痕迹，倪妮努力想凹飒的人设，浮夸的镜头语言和csc味儿拉满的打光，铺满全片噔噔咚的bgm，傻白甜永远相信男人的富家女和经典杀妻凤凰男刻板印象更刻板，以及，最后男主悔恨的原因是愿意为我生孩子证明爱我😅病院那一段太像恐怖游戏的氛围和视角了，代入感极强，有被吓到。不过，谁他妈会主动进笼子里看烟花啊！,1
精准踩屎 这部烂到爆的油腻片子 用了两小时讲述了一个渣男赌鬼杀了他的恋爱脑女友后女友闺蜜破案的狗血逼事儿  ，看了只觉得双眼让蛋打了，还是馊了的臭鸡蛋。两个小时的电影看的本人困的差点厥过去，垃圾中的垃圾，看到第10分钟我的屁股就想和椅子分离。本人在此发誓不会在影院再看任何有关朱x龙先生演的任何东西，这是第一次也是最后一次。影片最后还在强行卖腐。收割一波“纸巾公主”的眼泪吗，“陈思诚坐在梵高头上拉了泡屎”，事实证明这人不能挨，女性不应该被拿来商业消费。,1
我愿称之为中国悬疑电影工业的一次全方位展示，爱情、婚姻、家庭，本身就是一部悬疑片，也许就会在你意想不到的地方疯狂反转。,1
最后那张小纸条是1000万支票才更合理吧,0
倪妮的角色不错，反转也挺有意思的，另外看到很多人因为渣男看到b超照片后悔打低分，我其实觉得他根本不是在哭孩子，同意上面某个评论的说法，“赌棍只是哭自己沉不住气，把牌桌踹翻了才发现，草，其实早抓了一手赢面这么大的牌罢了”,0
剧情基本能猜到。主要是陈思成这种人吃上女权饭这种事真的是太典了。。。,1
以后再看陈思诚的电影我自戳双目,1
所有演员都在不同程度地用力过度，文咏珊朱一龙沙滩跳舞对峙聊牛排那段质感差得我以为自己在影院看什么网络大电影，处处流露出土气和油腻的痕迹，陈思诚别挂名监制了，大家都知道你才是本片真正的导演！,1
编剧还是懂男的哈，赌狗不行，凤凰男不行，倪妮最后甩出一个啥子说男主要后悔，我看到是b超还是黑人问号？男的遗憾的只会是他的血脉，不是他的妻子,1
杀妻不后悔，顺带不小心把孩子杀了后悔死了。,1
从朱一龙被抓进精神病院那里猜到倪妮就是女主的闺蜜，演了一场戏来为闺蜜报仇。有一说一，陈思诚上一部外太空的莫扎特，我只给打了2星，在我心中划为大烂片。但这部还可以。哦，对了，我想说，有孩子不会挽回赌徒的心，只会让他更加吃定你，女人也会因为有了这个孩子而多了很多顾虑和牵绊，从而无限制的妥协和沉沦下去。姐妹们，不要试图用孩子去挽回人渣，没用的。,0
能抢到票也太不容易了，终于看到了想看的电影。看完我只想说智商不够，男主演的也太好了，超乎想象，快点上映想二刷了🥹,1
最可怕的不是悬疑，而是那场畸形秀,0
台词表演镜头语言都极其尴尬。谜底也没啥好猜的，无非就是把凤凰男继续黑出翔。白富美又白目又善良，凤凰男又穷心又坏，即看不起男的也看不起女的…现在全世界悬疑片都很生活流了，就我们还在做刻板印象的1+1计算题。,1
姐妹们 如果遇见犯错道歉直接下跪的男人，一定逃逃逃,1
土爆了，梵高看了都要从棺材气的跳出来,1
赌徒的致命点不是一坨胎盘，是钱，是钱，是钱，防水袋里装支票1000万更有说服力。,0
但凡看过一点悬疑小说、有点悬疑小说知识储备的人，都只会觉得陈思诚就是个缝合怪和抄袭狗而已吧。。感觉自己买电影票去看就是骨子里的贱。。,1
咱就是说 一个精心策划布局设计自己老婆的人 你奢望他看一眼孩子就后悔当初是吧……,1
非常神奇的观影体验，全程仿佛被人绑起来倒吊着往耳朵鼻子眼睛嘴里面灌屎一样。另外一定要说的是，我厌恶和鄙视一切有意或者无意表达出“穷生奸计，富长良心”这样思想的文艺作品以及它们的创作者，生理上厌恶，真的恶心。,1
一個自戀的猥瑣男企圖吃女性紅利披著正義皮產出的噁心產物 得了吧陳思誠,1
我一生行善积德，怎么会看到人物如此割裂，动机如此东一榔头西一棒子，逻辑像新建好的蚂蜂窝一样看似崭新精致实则漏洞百出的悬疑片,1
1.宣发团队是真厉害 2.杀妻=我故意的；杀我孩子的妈=呜呜呜。陈导有繁殖癌吧,1
一般吧。他绝不是看到怀孕而悔过，他只是后悔手段用错，否则直接用小孩绑住木子，彻头彻尾的坏种一个,0
在可看性上搞得非常花，无论是情节的多重反转还是视觉上不断的冷暖撞色，把“生怕观众觉得无聊”写在了脸上。当然，这种片也不可避免的存在谜题唬人谜案孱弱，人物动机被情节扭着走之类的通病，但还在可忍受范围内。尤其最后结局处理的甚至比原版更好，落在女性互助的点上是个非常巧妙的巧思。凤凰男，girls help girls，不安全的东南亚，每一脚都踩在微博热搜话题上。,1
男的不吃女性红利能死？我的主张是别贡献票房。,1
什么垃圾，我真是信了邪了。网上吹一部烂一部。这部电影不应该叫消失的她，应该叫消失的的大使馆。,1
颠覆性的表演 ，可以说打破以往悬疑电影概念，真的非常非常好看，作为一个抢到点映票的人真的太值了👊🏻,1
Metoo 和Girls help girls就这样被偷鸡了！,1
前半段铺垫太长，节奏存在硬伤，导致一点也不悬疑。文咏珊演技太做作浮于表面，且明显为功能性角色，其身上充满男性凝视，海边牛排戏那场就是把镜头语言都聚焦在男性欲望之上，很多特写存在性暗示之嫌，合理怀疑是制作者的意淫，就是来炫耀男性“认知”的。另，女主的话剧“导演”梗太过刻意。倪妮的演技进步很大，能撑起来，气质风情有，朱一龙很幸运地长了一双有故事的眼睛。最后b超单看怎么解读，亡命赌徒是不会因为孩子而后悔的，他只会为觉得错过一个更好的控制手段和摇钱树而嘶吼。最后，女主最后一句“她爱你”太膈应，赤裸裸男性视角，完全缺乏同理心。彩蛋恶心。陈狗这个裁缝，你吃女性红利这碗饭，挣女性的钱，却不能真正站在女性立场共情，处处暴露原形，很尴尬。,1
辣鸡男人杀妻都毫无悔意，知道老婆怀孕了痛哭流涕，傻逼吧,1
总体完整，朱一龙演得不错。但是会让赌徒流泪的，一定不会是一张b超照片。,1
可以打0星吗？故事框架照抄看不见的客人，一惊一乍虚张声势的炫技，像小学生写作文生造名人名言一样，非要硬拗什么梵高星空，结尾还要点题首尾呼应，拙劣伎俩让人头疼。服了，陈思诚拍100部片子还是这种：追车戏、枪战戏、挑逗戏、畸形秀，女生形象脸谱化，台词尴尬到我抠出一个中国，另外好久没看过这么老套的台词了。我再也不会看陈狗电影了。半夜醒来会打自己一巴掌的程度，MD还看了IMax厅。,1
渣男连拍渣男的电影都抓不住渣的精髓，就很难评。,1
如果中国女权要锤谁，请优先拿陈思诚练手，从唐探，这个人脑子里那点恶臭的脏东西从来没变过。,1
为什么海底会有笼子？莫名其妙,0
给垃圾男擦屁股不如搞同,1
怀孕了就悔过自新了？真得很陈思诚,1
李木子和沈曼应该在一起 彩蛋不是这个我很失望,0
结尾写成女主生患绝症只有三个月命了，本来男主什么都不用做就可以得到全部财产，是不是会令男主更煎熬。故事大框架可以，但细节处全是bug，以及文咏珊演的其实蛮差的,1
给人一种差生特别想考个好成绩，一笔一画特别认真的做考卷，最后考了个及格分，自己还特满意的感觉。,1
电影里男主是看到孩子B超照片哭了，可现实世界那人渣是把怀着孕的妻子推下悬崖的啊…现实比电影残忍恶心多了…,1
杀了老婆半点不后悔得知顺手连孩子一起杀了才开始失声痛哭，真是无可救药的一个逼人，但是又好真实，这种男的大概也只会因为这种事后悔了😅。其实也没有多反转多精彩，甚至从理性的角度来说感觉还挺俗的，但是也算得上各方面完成的还行，就能看的水平。,1
渣男最懂渣男,1
蹭女权红利也蛮讽刺的,1
怀孕了想生下来，更应该去父留子啊？相信赌徒会当个好父亲，不如相信猪会上树。不愧是陈大导演，铺天盖地的姐妹情都掩盖不住父权的腐烂味儿。,1
一星给看不见的客人，一星给消失的爱人。真的是‘’借鉴‘’都不会啊😅,1
恐婚恐育教材影片,1
全军复诵的时候我还在想，为什么秦桧儿对岳飞这么有感情，看到后边，哦！果然是张艺谋。,1
原来带着镣铐是可以跳舞的，原来记忆就能杀人，敌人狡诈狠毒，我们共诵一首歌即可杀他。,1
我的五颗星星都给何大人，看完好想被何大人的扇子敲一下（bushi,0
"一句话概括老谋子的《满江红》：

一伙人策划了一次针对奸臣的行动，筹划埋伏了几十年，主演几乎全死光……最后目的竟是：为了让奸臣带领全军背课文！！！

这种爱学习的精神让我动容。眼泪夹不住了～",1
国师真的老了，从第五代的影像至上到一曲《满江红》的故事悬疑，很难说是商业的妥协还是在影像故事抉择之中的回归，但我觉得这部《满江红》道尽了一个老人，一个老电影艺术家的“精忠报国”，疫情三年中国电影业的萧条、困顿、失落，国师在今时用一首《满江红》高唱“待从头、收拾旧山河，朝天阙”，高歌“臣子恨，何时灭”，对着后辈年轻的电影人高歌“莫等闲，白了少年头，空悲切”！老一辈或许会背负骂名（向商业投降）而离去，但新一代将背负希望远行！这是一个老人送给中国电影的诗歌，是一部属于中国的《阿涅斯论瓦尔达》，无疑也是一部关于中国电影的中国电影，也是，有些东西无关生死，那就是传唱千古的文艺。,1
"众所周知，全球顶级电影大师，都是在70 岁后迎来创作新巅峰，比如伍迪艾伦，雷德利斯科特，伊斯特伍德甚至斯皮尔伯格……目测我国师最近 2 年也进入了 70+高能通道，《满江红》真的是集自己导演生涯之大成，甚至可以说是多次自己致敬自己哈哈哈，直接干出一个 悬疑爱国主义喜剧 新类型。
演员全员演技炸裂，沈腾雷佳音张译岳云鹏都绝了，易烊千玺又塑造了一个全新角色，简直新生代演员之光。
首映场我身后观众全程大声爆笑，结尾多次鼓掌，结束回头发现他们是:左凌峰王皓张唯伊阿奇与阿诚……等。
大胆预测，今年过完春节，全国人民都会全文背诵《满江红》！",1
"知道满江红，没想到这么红...
我这是看了个主旋律古装剧本杀啊，还是欢乐情感本...",1
我们为什么要记住诗词。,0
那个，能不能不要通过一些“亡国歌女”来透出一些…..,1
玷污女性那段属实让人一点生理不适了，好像女性的大义就体现在被人玷污而不屈服这一点上,1
明明就是一部小品，配不上“满江红”三个大字,1
就是一乐 但是不尊重历史 不配拍岳飞的相关事件 不配叫满江红,1
如果令我感到不适，那就是真的不适。21世纪了，还需要挽救风尘女子而她守贞如玉贞洁比死亡更重要的桥段吗。,1
可能不少人觉得最后朗诵满江红太煽情，可是在这个越来越逐利的时代，我愿意相信这样的浪漫英雄主义，至少是这两个半小时我想相信,0
杀了可以，别糟蹋她！Excuse me？,1
一群丑男人在高墙里搞来搞去守护着捍卫着早就该入土的价值观不知道在搞什么,1
像是一个大杂烩的电影，四字表演真的演啥都一个样,1
真上当了！大导演张艺谋拍这样的烂片对得起自己吗？看了二十分钟不知道在干嘛，除了杀人没有任何剧情。和闺蜜坚决提前退场，不如逛商场。没看的千万不要去浪费钱，太烂了！中国电影还能看吗？有真事吗？亵渎观众！,1
国产电影把全球刺客🥷的格局都打开了…不索命只要对方背诗😂,1
“三十功名尘与土，八千里路云和月。”这不就是张导至今35年导演生涯的真实写照？他依旧在题材、手法、剧作上寻求变化。在意之人，定将铭记于心。反之，则嗤之以鼻。历史终究会烙下某种评断，无论好坏，是否清晰明确，消失难道不也是存在最好的印证？千玺很幸运，在最好的年华，能演到孙钧这样的好角色。,1
是近几年老谋子持续稳定地输出里看得最舒服的作品。值得欣赏演技，但不值得盘故事逻辑。两星张译，一星雷佳音。王佳怡是美的入戏的，可恕我不能接受对女性角色定位以及男女人物关系的刻画。,0
听到“我没什么背景 是靠自己努力”发出兔年第一声爆笑 大家演技都在线 新女演员也挺惊艳的,1
喜欢张译！一张古人的脸。,0
不难看，就是太满了，无论反转108次所以显得很刻意的结构，还是后半段出现太多次的强行上价值毫无留白的台词。有一些未解之谜亟待解开：1.瑶琴的口红啥牌子怎么一天一宿不褪色？2.沈腾的演技到底比其他所有人绑一块儿好多少？3.豫剧比故事高三个还是五个档次？,1
"成也反转败也反转，反转犹如一部好用的永动机，练手《悬崖之上》之后继续升级，以往作品大集合+类型大乱炖的基础上，源发于一个架空概念的疯狂猜谜机器产生了，它永不停歇（是的结尾你还可以反下去），无需讲究常规逻辑和人心变化，只要在观众脑海中兴起接近“思考”的漩涡就能赢得爽感，从现场反应来看无疑是成功的；估计也是春节档对观众最友好的一部——借人物之口捋得清楚明白，然而悬疑氛围也大打折扣。

个人观感不能称之为“电影”，而是春晚小品集锦（大量篇幅花在群口相声上，倍感煎熬），人物不断被添加本身就是偷懒做法——人工痕迹的叙事盘扩充，而非剧情本身产生的戏剧力；最终诉求（人海战术的自我感动）与表现形式（戏谑与庄重的奇特混合、戏曲转场）呈现断裂，于是会产生非常古怪的叙事节奏体感。",1
蛰伏数年，牺牲多人，就为了让秦桧背诗？,1
真就动不动就砍一刀 你以为你丫拼多多呢,1
"饶有趣味的空间结构：深宅大院，窄巷高瓴，用简洁的建筑线条勾勒出一座迷宫（牢狱），间间密不透风，又处处匿影藏形；当场景转向门外待命的千军万马，又如辟出一条被风穿堂的活路，命数已尽，壮志必酬。

情节的强度与反转无关，而是人物的台词、眼神、表情、动作本身被组合成一幕幕追逐，融合了机锋、幽默、悬念、热血、嘲讽，表演伪装和真情流露也被揉作一团，当幕间曲响起如摇滚/电子乐般的豫剧，时空如被瞬间打通，狂躁的宣泄，肆意的游乐。",0
让张震来呀,0
要是能在张大死那里结束就好了，后面都是孙均编的影的翻拍。,1
"本质上来说，这是一部《大山的女儿》《任长霞》般的传记剧，观众或为之泪流，但感动他们的不是作品本身，而是原型人物的伟大。
张艺谋俗了，俗得彻底。不知道七十岁的他梦回昨日，是否能看到三十岁的他在冷笑。",1
深宅人人求生渴求一封密信保命，江湖人人求死换取一篇遗言复诵。大族宅邸满墙媾和之约，风波亭内名将临终喟叹，皆被剐了干净。有的字句成为免死金牌，有的诗词成为午夜梦魇。笼里的军鸽色若乌鸦，砚下的白纸写满谎言，背上的刺字状如死誓，手心的樱桃堪比赌约。赌一场前仆后继的局，换一曲传世满江红。,1
刚开始以为红的是血，看到一半发现红的原来是樱桃，但到结束才醒悟真正红的是心。,0
不喜欢，全程冷漠脸，无笑点，尬到睡着。,0
为了刻意弘扬家国情怀，搞得毫无逻辑可言。不是不喜欢爱国影片，只是想要恰到好处的，自然而然的。最后士兵一齐念诗的场景，只感到了尴尬。,1
两颗星给沈叔叔，看到有些对女性不友好的性擦边不喜欢,1
full river red是我英语水平的译名,1
大师多多拍电影吧，爱惨了这个故事，搞笑之后狠狠被感动了，真的很厉害。沈腾也很给力！！！,0
要是最后孙均没有反水，那将是绝杀,1
好喜欢最后的结局！但是张大和瑶琴那段不喜欢，很尴尬,0
可以看出老谋子还是想表达一些东西的，比如：历史是如何被书写的，名不见经传的小人物是怎样在夹缝中求生存的，个人的力量能在多大程度上改写历史走向，捍卫集体记忆常常需要以生命为代价，以及人性是复杂多变的。然而这些东西被花里胡哨的反转、刻意为之的喜剧包袱埋得严严实实，一如既往塞得满满当当，丝毫不留余地。看到最后全军复诵、小女孩抱着石狮子，差点儿以为下一秒奥运会就要开始了……,1
国师就是国师，最后整得跟奥运会开幕似的！,1
完颜宗弼写给秦桧的信用真名？我读书少，你拿出原件我瞅瞅，难道不应该化名么？或者秦桧用留金时候的外号之类。这种信掉在谁手上都不得了啊。这么多耍手段的高手，写密信用真名我真的看不下去啊。老谋子的破阴谋论太多了，几乎每部历史剧皆如此，最后凹造型浪漫一把就是他的历史观。历史原本的面貌，粗糙、迟钝、平庸、愚昧、偶然性的一面完全被抹掉了。为了一个点开始自我感动，还表现在刺杀秦始皇而不杀、妓女替学生妹去死、外国人被集体主义精神感动一起守长城、为了一秒钟拍一百分钟、神枪手爆头老美、一起朗诵满江红…,1
冗长 无核 不值得二刷的电影,1
王朔很多年前说起老张，说老张你已经不缺钱了，多拍点有意义的东西吧。而我想问老谋子。啥时候再拍个红高粱类似的电影啊！？,0
一堆人谋划部署许多年，居然只是要得到岳帅遗言？而且不杀秦桧说让他遗臭万年，那留下他他岂不是可以害死更多的忠诚良将、跟金廷更多地勾结起来？这逻辑我是接受不了,0
"7分
道理我都懂，但想不明白为什么要用那么复杂的嵌套讲一个这么浅白的故事。
两场爱情戏尬得哟～最后十分钟的真假勉强加了一点分。",0
雷佳音值得一个最佳男配…,0
这bgm怎么回事，本来要睡着了结果被音乐吵醒了,0
国师的电影质量我一直不担心，这次更是给了我惊喜！今天算是二刷了，因为之前首映礼看过一次，全员演技在线，剧情更是反转反转再反转，很刺激，有泪点也有笑点，非常适合春节档！！另外不得不说易烊千玺演技又进步了，台词也好，尤其是最后那几个镜头那几个眼神真的很牛逼！当时首映礼观众全呼孙均牛逼！！还有一点，大家有注意到吗？满江红的配乐也很让人惊喜,1
两个半小时的尔虞我诈，又臭又长，难以忍受。选角失败，让人出戏。我提着大红灯笼走进南宋府邸找笑点，看见的全是张艺谋过去众多作品的元素采样拼贴，一个都不能少，却一点也不出彩。,1
宋朝人记性真好,0
当然，有很多批评工具可以在此使用，但是置身历史之内，还是会被一个单纯到近乎痴傻的童话触动：杀几个坏人，爱几个爱人，舍生死明大义做无关乎眼前富贵的蠢事，并且，相信一首诗。,0
张艺谋x开心麻花，剧本杀电影，概念好，戏一般，反转略硬，也不太自然，但应该近几年国师商业性最强的电影。喜剧，悬疑，粉圈，家国情怀，面面俱到，这公约数取得可以。喜剧部分挺俗，但没有三枪的本山大舞台俗，还算能接受。可怜易烊千玺，比不过沈腾张译就罢了，雷佳音戏份少没法比，可是连岳云鹏都比不过真说不过去，跟木头桩子一样，只能说一句德不配位必有后罪吧。结尾挺国师的，重现了他在奥运的小设计，算是行活中的一个小亮点吧。,1
真把我惊呆了，越是这种烂片票房越高，难以想象以后还会有什么电影人用心用时间做电影。。。,1
除了真假秦桧，其余的反转，并不感觉意外。不喜欢转场的bgm，让我有些跳戏。不知道是为了营造喜剧的点，特意找了两位喜剧演员，还是如何，喜剧元素在电影里略刻意。整体还是值得一看的。,0
最后有点垮，应该是为了，整体还行,0
一个70岁的人还能随着自己的心意，去大胆尝试最新鲜的东西，是人生一大幸运，国师就是国师，牛逼说倦了。好多人才2、30岁，对不符合自己心意的东西反感排挤的那叫一个令人惊叹，明明在最年轻的年纪，活得封闭又狭隘，了无生机。,1
今天去看的，一分给沈腾，一分给张译，多了打不出，当喜剧片看笑点挺硬的，当悬疑片看逻辑不强,1
别名《奔跑吧兄弟》,0
戏剧化的东西，过于戏剧化了。给人一种某个角色的死就是被编剧写死的感觉。,0
四字最后和雷佳音对戏那段他真的好到爆炸了，他所有的戏份都轻松拿捏，非常自然，结局真的燃炸了，反转又反转，说真的孙均这个角色需要他自己的灵性，也要有他那独一份的“孤”，四字演的很棒，,1
背课文真的尬住了…就…非得上价值吗…,1
1.从类型上讲，玩成这样已经很好了，故意的反转不让人觉得刻意，一层一层的铺垫和剥落也都踩在实处。2.前三分之二的剪辑，一幕一幕间的起承转合的节奏有一点奇怪，不知道出于什么原因，接得太紧。3.可解读可玩味的当然很多，也就不必解读了。从此有了《满江红》，那几千人杀不了了。这结尾的悲壮也没流俗于煽情。这电影的优点在于收束，而不是铺张，本分地做一个纯类型故事。4.说过很多次，张艺谋是被误解最多的导演，他靠时间和新片去打扫那些误解，而不是依靠解释去打扫。,0
"家国情怀下反复提及的“女人守节”让人很割裂。
这片子里的女性“角色”跟好莱坞电影的亚裔一样，只是一个符号。
还有这吹上天的反转就一点儿铺垫不给硬转啊。",1
这几年国师的作品真的都很可啊，这剧情反转太刺激了，千玺弟弟这演技又进一步了，这个很复杂的角色拿捏地太细节了，腾叔小岳岳张译大头也一个比一个有看头，还没去看的可以冲了,1
这要是个剧本杀倒是非常优秀的产品，每一个小节设计都是为了强行制造出乎意料，再悲壮的死局都要从头俏皮到尾，一种过剩的服务精神，务必确保每个玩家有笑有泪满足好评。这么看漏洞百出好像也不太重要了，很明显人家追求的就是体验感大于合理性,1
老是反转，“其实。。”“事实上。。”“这个局。。”，老有人跑出来说我在第x+1层，就没意思了。还有最后念满江红，真的太，一言难尽。秦桧你最后怎么像坏掉了一样？遍布其中的一些小笑点蛮不错的。不然就真的啥没有了。,1
反转太多，音乐太响。,0
张译演技真好,0
在国师近几年的片子里算不错 多种元素融合+多重反转 就是结局的满江红根本撑不起整个故事的题眼和动机,0
把爱国当生意做，是对爱国主义最大的侮辱，同时也很好诠释了【大奸若忠】。无论从情节和演技，还是从主题和票房来看，都是对全国观众的一次极大的讽刺。正是那些被当成幼稚园学生的观众，捧起来了最虚伪的“爱国题材”……明明天朝有实打实的历史，却非要向美国人学“情节虚构”，还要虚构什么“中国情怀”，呵呵,1
雷佳音和沈腾的演技是出乎意料的好，yyqx还是太过稚嫩了，挤眉弄眼而缺乏了驾驭一个少年老成将军的沉稳。剧本很不错，反转自然、节奏紧凑。emo的对称式摄影运用特别让这种方方正正的结构非常漂亮。总体来说不会二刷但不虚此行,1
"反转是挺多的。不过岳云鹏还是太出戏，雷佳音的秦桧也有点莫名其妙…
整部电影感觉像个情景剧或者舞台剧。总有故弄玄虚的感觉。
配乐很失败，想表达紧迫动之感？需要这样突然的一惊一乍吗？声音总是突然性那么大声，搞笑成分不足，卖弄感很强。",1
我仿佛看了两个多小时明星玩剧本杀的综艺节目，就这剧本是怎么有胆子号称自己是悬疑喜剧片的，全片看下来我既没笑也没觉得有多悬疑，也就些毫无意义的反转罢了。稍微带点脑子看，就能明显的感觉到各个情节的毫无逻辑，本身这部电影的剧情大纲就有问题，导致了随着剧情的发展，就觉得越来越怪，所以为什么刘喜要揣着信去刺杀何立？为什么这帮人干这么多蠢事到头来居然不杀秦桧就为了把刀架他脖子上说出满江红？为什么秦桧明明是自己派的替身去的大牢，这么谨慎聪明的人到替身死了才想到岳飞有遗言这事可能是替身传出来的等等等，就观影过程和结束后，我满脑子全是疑问，这片你只要稍微细想一下全是剧情bug。很多所谓的细节，很难过，但不得不承认就是国师对他崇拜的某几位前人非常拙劣的模仿,1
让我想起年少陪奶奶看的市集大戏，热闹而无逻辑和内涵，甚至还有些低俗，也许是为了迎合男性社群，本可以六分，但因这点让人厌恶。,0
岳飞本来就和国师一样，拥有着最踌躇满志的初心，故事背景一旦放在了800个心眼子才能存活的小社会，那些词作中闪烁出的人性光辉，才是人类文明最珍贵的宝藏。请大家一定要相信，电影可以造梦,1
这个结尾似乎打动了很多人，尤其是文字工作者。它确实很像是“作家”的自我感动：语言万岁，诗歌永恒，历史会通过文学会给你正名。但为了留存一首诗送命与为了政治目的鼓动人民去送死又有什么区别，前者可能更反人性，因为你得到的是更缥缈的东西。而且关键是，历史会给你正名吗？历史人物在普通人那里得到的评价几乎没有一个是符合史实的，很多时候甚至是颠倒黑白的。现实中的政治总是会出于意识形态的考虑，用主义的模板去褒贬历史，并将这种评价写进教科书里让全民背诵。所以，寄希望于后世的评价，其实是在否定革命的意义，也是知识分子抛弃历史责任，躲进幻梦之明证。,1
影片对女性的最高褒奖:义妓😂,1
还挺有意思的，在大众娱乐性和自己的格调之间找到了一个平衡，我还挺乐见市场多一些这样的电影的，既能爆票房，也不输格韵,0
佩服国师，能把这么一个家国情怀的故事处理成这样，看完这部也明白了为何前两年那两部的尝试，某种程度上甚至是《悬崖之上》和《狙击手》的优质结合体。一直在「小」与「大」的互相对应，小是小人物，小场所；大是大时代，大算盘，大格局。前期保证了猜忌与背叛的同时，随着剧情深入，景别转换达成了每个人物身上互相的猜忌，观众对他们的怀疑，不断的踢皮球抽积木一般，在不知者无罪的基础上冷幽默层层加码，时而再通过一个接一个的爆点刺激观感再颠覆观众目前固有认知，最后反转不断兜转，上升到前期难以想象的家国情怀，最后也能理解了前期孙统领表情变化所埋下的人物性格伏笔。而从寥寥几句台词也能看出，并非是历史的重新演绎，更像是在知晓后代历史之后，通过影像的方式描绘那个猜忌背后所共同藏有的家国情怀。,0
小楼上的那段吹爆，孙均，少年将军，热血难凉！,0
及格线上下吧，喜剧悬疑两张皮，喜剧是小品水平，悬疑是网文水平,0
理智看满江红约等于流浪地球2的质量，但感性上我偏向于这部，张艺谋创造了这类型片中剧情张力最好的一部电影。雷佳音和易洋千玺，沈腾贡献了各自影史最好的演技（四字一部分得益于这个角色的性格）。当听到全军背诵满江红时，哪个中国人能不满含热泪，“三十功名尘与土，八千里路云和月”，结构与影非常类似（我特别喜欢影这部电影，感觉是完全低估了），质感上有所差异，剧情上有所弥补过失。想到这又想说，中国教育如果都能以文化输出作为载体，创造出这样一个又一个有趣又保有内涵的电影，谁能记不下唐诗宋词？,0
"拖到现在才看，可惜了。没有此前传的那么邪乎，有点刻意的弯弯绕，但也不是完全不成立，甚至还挺感动的。
岳家军觉得让秦桧历史性死亡是重要的，让他当场死亡没那么重要。何况秦桧的结局是开放式的，按照孙均的安排，他必然会在三五天后活活渴死。没让他即刻暴毙可能只是因为国师不想再费口舌解释他为什么搞了一个平行世界。
备受女权责难的“杀了她也别糟蹋她”也有点冤枉，士可杀不可辱，整个片子都在传达这个价值观，妇亦如此。
最大的逻辑bug明明是，秦桧居然真的怕赵构知道自己通敌……就好像赵构不知道似的……就好像赵构知道了能把他怎么地似的……就好像赵构是个明君似的……",0
很犹豫打三星还是四星，作为老谋子的片子，这个电影绝对只有三星水平，但是近年来的春节档已经被烂片统治了，好不容易出一部不错的了🌝简单来说这是一部有笑点的剧本杀电影，反转不少，笑点不少，全员演技都不会让人出戏，在这个大环境下，已经很不错了🤔,1
《灯笼》的景，《三枪》的调，《金陵》的烈女《悬崖》的计，《英雄》的刺客结个局，齐活了～,1
易烊千玺这个角色的复杂性再做细点就好了,0
"怒发冲冠，凭栏处、潇潇雨歇。抬望眼，仰天长啸，壮怀激烈。三十功名尘与土，八千里路云和月。莫等闲，白了少年头，空悲切！
靖康耻，犹未雪。臣子恨，何时灭！驾长车，踏破贺兰山缺。壮志饥餐胡虏肉，笑谈渴饮匈奴血。待从头、收拾旧山河，朝天阙。",0
"酣畅，太淋漓尽致了！五星半，半颗星单独给四字的肉眼可见的进步(尤其台词，几乎没有了以前唇齿不清的问题，看来是真的下了功夫了)，恭喜昔日流量正式踏入实力派演员行列。另外，雷佳音、余恺磊的台词，张译的整体表演真的太舒服太令人陶醉了，可以想象他们拍得有多么痛快。新人王佳怡的表演很纯熟，味儿对劲儿准，可惜还是把“血”字念错了(虽说目前也没几个人能念对吧)。张弛戏份不多但非常显眼儿，小岳戏份挺多但是角色发挥空间不大。
整个音乐团队纽啤酒！
还要加一句估计要劝退一些豆瓣er的评价：一个导演的爱国之心是藏不住的！！",1
你永远可以相信国师，无论是画面的颜色，故事的逻辑，心中的大爱，故事的反转，层层给你惊喜，不煽情，不矫情，还有着独特的浪漫主义色彩，小女孩声音一起，我就知道他的名字叫张艺谋,1
我姓岳，刚刚看完心潮澎湃。,0
我就知道国师不会失手，还有就是易烊千玺是真的牛逼！,1
不喜欢易烊千玺 但是被他深深折服,0
前岳家军成员沈腾一伙前赴后继靠近秦桧，不是要杀他而是要他当众全篇背诵满江红……最后全部牺牲感动四字，四字逼迫秦桧替身完成背诵，引出真秦桧，四字不杀秦桧，让其活着承担骂名……？悬疑不足，尬红满屏……,1
前后使用了苦肉计，欲擒故纵计，师徒配合砸车计，稀里糊涂突然落锤计，张艺谋只用了一计，将计就计，送张艺谋一计，走为上计，是不是很大胆?,1
"前半部分的确很像剧本杀，画面不错，谋略一般。
后半部分“全军复颂”那段很感动，也能看出拍电影的人心怀大义。到最后小桃子和全军又念了一遍《满江红》送他们走。单纯无邪的小孩子+万众一心的一大群人，不得不说还真是导演惯用手笔。

“没和金人睡”和“让士兵演给你看”这两句话真的是有点无语。根本无人在意这个好吧，如果真不想有这种情节你就干脆别拍，又演出来了又要自证，果然是把贞洁看得比性命重的老男人。",1
"2.5。我的观感是随着每次反转慢慢下降的。原因有二：1、影片充斥着许多低俗细节，带着某种父权的性意味，仿佛角色是一群性压抑的男人。男的性压抑起来，确实变态。

2、影片的价值观在多重反转中左右摇摆，最后却落在最传统、最保守的位置。雷佳音一场戏情绪饱满，但只有这一场还算不上表演精湛。可能因为审查上不得戏说那些盖棺定论的历史人物，所以后续变得乏善可陈。",0
"真是又臭又长~
剧情烂 表演尬 配乐拉 逻辑漏洞一大把（偶尔配合角色动作的锣鼓不错，那些一惊一乍的唱腔简直尬到脚指［不是说这东西不好，是不搭 非常不搭］）...
还有 时不时地插科打诨的“搞笑”真是可笑至极！",1
张艺谋对贞洁真够执着的，还特别爱在大银幕上开裤裆那点事的玩笑。这个不能拍，那个不过审，但是小孩子可以在电影院看这些血腥、暴力、低俗的场面，无法理解。,1
对张艺谋导演来说，我越来越期待他之后的创作，看看他还能给我们带来什么惊喜。（豆瓣的5星制让我很纠结，本片就卡在4.5星，4星5星都不够客观。现在我决定退半步改为4星，因为票房口碑都不错，不用雪中送炭也不必锦上添花。）,0
很少见的张艺谋让步了对视觉色彩的极致追求而注重叙事结构。层层交叠的屏风与七拐八拐的暗巷锁住这场迷局，将越来越多的局外人卷入其中，你能猜到局部而猜不到全局。不仅是无尽的反转，演员极致的表演同样加深了故事的层次。有笑有疑，有情有义。喜剧部分意外的好，配乐有惊喜。,0
在影院里感觉片子挺精彩的，算是最近几年最佳贺岁档之一了。不过回到豆瓣上看到友邻们的一星评价还挺意外的，比如不符合当时历史时期的服化道台词、反转多到疲惫、结尾强行拔高？当然这些问题或多或少都存在，但在我看来实在不至于严重到影响片子的观影体验，甚至达到1星的程度。我不禁诧异，人类的情感为何如此不相同？认可批评，但我不理解这些一星。,0
不好看，哪哪都不对！,1
理解不了为什么评分这么低？！这部电影可以列入我的个人TOP10评选。刚看到就知道是岳家军潜伏复仇记，果然像一个浓缩精华版的《长安十二时辰》，只不过张小敬这次穿越成反派了。电影的节奏、幽默感、燃点恰到好处，没有辜负大咖云集；架空的设计也合情合理。虽然最后满江红浪漫了一把，但我觉得煽情的度拿捏的还不错，故事的节奏也到那里了。你永远可以相信张艺谋，没想到国师可以这么幽默~,0
国师还是国师，用这种年轻人喜欢的桌面游戏形式给大家上一节这样的历史语文课，轻轻松松收个几十亿，问你服不服！（电影演到小半的时候我听到影厅里一个小伙子声音问旁边人，”这是宋朝吧？“，嗯，相信这堂课会让他受益匪浅了）。除了诗歌朗诵外，张导还不忘三番四次苦口婆心引导大家，这个是叫樱桃，我们国家很早就有的了，就不用再迷恋现在那些进口贵得要死的什么“XX子”了。,1
如果最后能把秦桧杀死，我愿意打5星。本来嘛，藉着沈腾、小岳岳和张译的扇子、摇滚的豫剧、重复的走动转场，已经把嘲谑的基调铺到满格，这原本就是一个纸上的推演游戏，创作者也一再强调本故事纯属虚构，那何必束手束脚，索性把架空玩到尽头玩到癫狂，像昆汀在《无耻混蛋》中杀死希特勒，斗胆颠覆和重写历史，拿出点“天不杀你，我杀！”的气概，彻底完成电影的造梦功能。而现在的结局，那么多鲜血与生命拿出去祭了一首词、一个理念，观众看得满头黑人问号。好人之所以孱弱，总在坏人面前吃瘪倒霉，就因为爱自欺欺人，相信这些虚头巴脑的东西。碰到祸国殃民、为患世间的大奸雄，好人该做的是鸡哔而不是放生。杀死秦桧和让他承担永世骂名，又不是二选一的互斥关系，当然可以既要又要还要。好人的动机梳理不清，整个复仇计划的逻辑都显得虚浮。,1
#北京首映# 掺杂了太多段子和悬疑反转，但最核心也最理想主义的一件事无非是：那些强权真正抹不掉的字，是写在白纸上的。它最终会口口相传，然后万事留芳。第五代导演这几年和古诗词杠上了。张艺谋的满江红，陈凯歌的长恨歌。也可见张艺谋的浪漫是属于义的，而陈凯歌的浪漫是属于诗的。,0
叙事框架来自剧本杀和无耻混蛋，这部分是满足类型快感，对反转使用是否妥当是个技术问题，但并不是评价本片最关键部分。影片核心表达挺处心积虑，满足了各方阵营需要。精忠报国是迷魂弹，挡箭牌，可以置换成任何普适化的政治口号，重点是到底刺不刺那头恶象？这一次他给出的回答是启蒙更重要。这是令张艺谋甚至整个第五代苦苦纠结的一个元命题，也正是这个巨大的包袱让他的作品最终的立足点失之简单，艺术不是用来回答问题的。,1
卡司强大，戏剧效果很好，不过何大人的死比较降智，结局也没收好。,0
悬疑和搞笑搞笑无法并存。还是好好搞一个吧。买了最早场，有点失望,0
之所以会评一星，是因为打分最低只有一星，感谢满江红，让我浪费流量去下载豆瓣，亲自给你打分，从这一点上你比任何一部电影都成功，心疼我那60块钱和两小时四十分钟，目前处于极度后悔中，长时间无法走出来,1
又难看又粗制滥造，张艺谋晚节不保！,1
高适像李白放在老家的糟糠妻。,1
那些年少时囫囵吞下的词句，却在某时某刻击中了你。,0
"不适合12岁以下类人观看，理由如下:
1想象力丰富，墓前祭酒，指酒为尿；几人喝醉躺在地上，说人死了；李白大笑时大喊“跟疯子一样”。
2热心，帮电影人物对诗、跟作者本人抢着背诗。
3勤劳，随机挑选幸运观众提供背部按摩服务。
4专注不足但精力旺盛，电影时长过长，注意力被榨干，于是后半截开始聊天、跑来跑去、玩游戏、大喊大叫。
5不吝夸赞，每到炫酷镜头就是“好6啊”、“牛b”。
以下为影评:
略流水账，后半段比前半段好看，画面可以。几处伏笔收的不错，人物塑造有。
李白为谪仙人，高适为世间人。再多虚华在高适眼里始终是浮光掠影，然其被世事压制半生却不曾任命运裹挟，终大器晚成。
以下为吐槽:
人腿那么短，为啥马腿也那么短？！
抢舞姬那段不适，把人当个物件。
入赘把你委屈的，利用老婆求功名，你好清高好主贵？",1
国内的动画电影一直在探索自己的风格，这几年已经在中国风的传统美学上做出了中国特色，而《长安三万里》不仅在美学方面做了突破，剧本风格方面也开辟出一种不一样的中国叙事。它的叙事像是展开了一条长长的历史画卷，用传统故事片的方式，不疾不徐地娓娓道来。不搞那些乱七八糟的类型片段子，就是专注于讲一个故事。故事主线是高适和李白长达一生的友情，以他俩为圆心，辐射出一众同一时期的文人墨客，勾出了大唐盛世的另一番景象。大唐盛世背后这一群报国无门、郁郁不得志的年轻人，用两个半小时道尽人世沧桑人情冷暖。安史之乱之后，乱世带来了报国和晋升的机会，却也让这一代人中的大多数都葬送了性命。长安三万里，竟然是这样的长安！,0
片子很长，长到将近三个小时，长到身边有小朋友已经坐不住了，片子很短，短到王维张旭李龟年也只能匆匆一瞥，短到装不下李白高适以及盛唐灿烂的几十年，前半场鲜衣怒马少年郎与烈火烹油极尽繁华的盛唐，后半场前途困窘的中年人和高楼倾覆满目疮痍的河山，将进酒把片子推上的貌似是高潮，更是无限悲凉，好在悲凉后是两岸猿声啼不住，轻舟已过万重山,0
如果你不知道怎么写作文，就多引用名人名言，电影把这一得分技巧体现的淋漓尽致。,1
看了点映。长安三万里这一名字虽豪迈，却大篇幅都是讲述诗人们的怀才不遇，王朝的危亡衰落。希望家长谨慎带孩子来，六七岁的孩子还是很难懂得影片的历史背景与精神内涵。影片可能对大部分普通人稍显乏味，很多成年观众都玩起了手机，大家谨慎观看。影厅内孩子朗诵诗篇的声音让我有些感动，希望这部影片能为他们埋下中国文化与诗词的种子吧！大中华便是我们的长安，诗词与中华文化便是华人一生的三万里长路。,0
终于懂了“表达了作者的思乡之情”“表达了作者怀才不遇之情”不是简单的一个答案,0
国漫早该作这一曲绚烂诗篇，且《将进酒》一节，就满足了我对盛唐“浪漫主义”的全部幻想。,0
高适的形象塑造的非常稳，半生不顺不自弃，掌权得势不欺人，处置站错队的老友忠义两全，在权利斗争的漩涡全身而退，追光这次用心写剧本了（但他家可以做的更好，光膀子摔跤一次就够够的了，究竟是谁想看两个小老头端着啤酒肚玩相扑？全员小短腿怎么回事？,0
我们都是高适，天资平庸，相貌一般，无过人之才，学习也努力但成效不大，在人群里永远是默默无闻的角色，我们都爱李白，他们是天才，毫不费力就让我们无法企及，衣袖轻拂便风华绝代，绣口一吐就是半个盛唐，我们只能轻叹一声，收起艳羡之心，压住青云之志，清修于梁园，静等内心锦绣喷薄而出的那一刻。我觉得这个电影主角不是李白，不是三万里长安，而是高适，一个天资最平庸的人做到了诗人最高的功业，但却普通人能达到之处，而李白、杜甫、王维，他们是耀眼的星辰，让我们赞叹宇宙的广阔无穷。,0
"讲高适，讲李白，讲壮志难酬，讲家国情怀，更讲大唐陨落。
（i人和e人数十年的友谊真的很好磕）",0
李白是豪爽，不是郑爽啊😖,1
按理说168分钟也不算短的，但是对主要人物——高适李白的个性书写自两人相识起便停滞不前，无非是加深了些，通篇看下来两人既不讨喜也不复杂，和我在课本上理解到的没什么两样。所谓诗以明志，做过阅读题的都知道每句诗背后都藏着一段故事，只是让片中人物将名诗名句草草说出是没有意义的，足以证明编剧对诗歌之于诗人的意义的认识是粗浅的，诗歌也没能真正融入电影的叙事当中，这点年初的《满江红》就做的好得多。其实主创真正应该做的是用一种画风老老实实地讲好一首诗句背后的故事，跟《如果国宝会说话》一样，不比这么浮光掠影、浅尝辄止的强？,0
很好奇片方的目标人群是什么，对于少儿来说有点冗长乏味，成人观众看起来又像某种少儿历史宣传片，讲了绵延战火和乱世失意的人，却没有一滴真正的血。,1
"1、这就是i人和e人的区别吗？ 
2、且不说相貌丑陋，上身与下身64比例真的合理吗？ （那个相扑手甚至是73分，这下盘都不稳还扑个屁）
3、剧情看的人尴尬死了，情不知所起，李白随时都跟磕嗨了一样 
4、《将近酒》那段拍的不错，也只会让人觉得李白牛逼，而不是动画牛逼",1
小杜甫好可爱啊，想到那么天真烂漫的小子美后面写出“安得广厦千万间，大庇天下寒士俱欢颜”，教科书上说的悲凉真真切切感受到了,0
希望所有父母都能知道 不是动画片就适合小孩子看 尤其是三个小时的动画,1
“你心中的一团锦绣，终有脱口而出的一日”,0
大型动画形式唐诗科普电影，还是挺适合带孩子去看看的。等于以动画片的形式，去视觉化了很多诗歌中的意象或是意境，也可以让孩子们更好地了解诗歌描述的时代和背景，这方面还是挺好的。不过，精华确实主要在诗里，讲诗的部分还可以，但剧情本身其实挺无趣的，甚至有些流水账。大概是套用了一个传记片的常见写法，明写高适，核心却是李白，而暗线则是对大唐、长安以及诗歌盛世的怀念，浪漫主义，或者叫文人情怀吧。,0
我tm哭成狗，我要刷十遍,1
难看的要命，混乱的叙事系统，时而像重温五年高考三年模拟的青春期噩梦，时而像身处商务饭局被迫忍受中年男酒足饭饱后的吹捧说教，中间还穿插着黑皮体育土狗Vs文艺浪荡奶狗的擦边同人文，人物单一的性格面向被翻来覆去划重点，构成空洞的宏大叙事，令人呵欠连天坐立难安。,1
小孩子在闹，年轻人在笑，中年人在默默流眼泪,0
"孩童们沉浸其中，大人们老泪纵横。
诗只是媒介，拍的是人生起伏，悲欢离合。",0
想拍 nobody gives a shit 的爱国诗人高适就拍你的爱国诗人去呗，需要把李白塑造成这可悲样来给你高适垫脚吗？我能理解表现传奇人物“凡人化”的一面，但中国人拢共就这么一个象征自由与浪漫的偶像，就这都要推倒啊？,1
作为中文系的人，看得泪流满面，可能因为如此高密度的诗句充斥、可能因为高密度的诗人人生轨迹交汇，也可能因为台词里这些诗句在黄鹤楼就在，长安就在，还有可能是因为四十多岁一事无成的高适让我想到了自己。回想起来，当年学古代文学唐宋段，我在注释的犄角旮旯里看到唐代诗人之达者唯有高适，封了侯，当时就特别好奇他有着怎样的一生。这部电影截取高适和李白作为双子星座还蛮妥帖。我对古代文学是非常纯粹的爱，如今却不曾有一点时间满足自己的爱好，每日埋首理论，犹记当年学唐宋段的时候，老师带着我们班去岳麓山的赫石坡上了一堂诗词课，那才是最单纯快乐的时光啊。,0
"我可太喜欢这部电影了。就是中年人看着容易emo。
有人批评《长安三万里》，说这片子剧情平淡无聊，看得人犯困，我看了这番话就忍不住羡慕，是的，羡慕。

我看这片子时是掉眼泪了，一个和我年龄相仿的哥们儿看的时候呜呜哭的像鬼一样，依我之见，《长安三万里》其实算是某种意义上的成人电影，这里面角色和其处境的流转，真的得是在生活中受过委屈，遭过折辱，甚至心凉心死过的人才能有感触。

影片刚开始时，两位主角是什么心境？

“我要直取长安！叩天子门！”

“你我生逢如此盛世！当为大鹏！”
何等的意气风发，洒脱率性，影片中后期，两位主角又是什么心态？

“军营生活倒也简单…一转眼十年过去了…仿佛什么都没有发生…”

“人间的道我是走不下去了…”

凡是有过类似心境流转的人，看到这很容易憋不住眼泪。",0
几度落泪却不知为何,0
确实有被触动到，说句不要脸的话，跟电影里的高适共鸣了。我今年也35岁了，也是一事无成，年轻时的抱负和憧憬全都落了空，然后看着身边的文艺青年朋友每天放浪形骸、发激愤之语，总觉得与他们格格不入却又心有戚戚。某种角度说，这部动画电影是借历史讲述现在的。,0
美的是盛唐诗歌，但不是这部电影。,1
"很特别的一部电影，完全不同于追光过去作品，几乎是照搬史料，大的改动没有。这导致整个电影碎片化极重，部分情节如同流水账，部分情节诗歌表现力极佳，直接截取当做唐诗教材来看一点问题没有，尤其是《将近酒》
作为故事片，5分。作为传记片，7分。作为教育片（小学启蒙），9分。
画面8分，剪辑7分，节奏7分。",0
好，咱们全国厅局级干部传阅一下。,1
完全没有想到，会是这样一部电影！「忆昔开元全盛日，天下朋友皆胶漆！」盛唐豪迈之气，凭借唐诗流传千古，至今都能在你我的内心唤起火焰！就像海报上写的那样，这是追光十年之作，他们终于找到了一条属于自己的道路。,1
每次高适接到李白书信去找他，后者正在潇洒人生，完全不记得的样子，又名《怨种i人和他的海王e人朋友》,0
中国目前为止最好的3d动画，没有之一，这一次追光跳出了神话限制，本来以为只是能拓展题材就足够了，没想到无论剧情、意境还是画面都无与伦比。将进酒那段看的头皮发麻。从高适与李白几十年的交往来叙述，少时轻狂，中年又郁郁不得志，正如盛世到乱世，但最终柳暗花明终得释然。这样的电影才是讲好中国故事，中国独有的电影。,1
不是 李白被黑成这样没人生气的吗,1
看的点映，空镜画面和水墨画是美的，人物建模丑丑的。叙事节奏有问题，后半段的高光挽回不了前半段的颓势。如果追光想要做弘扬中国传统文化之美的“史诗”类作品，那还是建议创作要依据历史事实。毕竟整部电影看下来实在是有一种“王安石邀请苏轼洗澡”的荒谬感。杜子美天宝元年就能成为李太白的座上宾酒友真的看得人一阵恍惚（毕竟李杜这两位大诗人初次相遇于李白被赐金放还的天宝三年）。本来哥舒翰那段还是看得我挺感动的，结果看到了有科普说哥舒翰是降敌了的（正确与否可以自查），我顿时就😅。只能说，要开发“新文化”系列，就请编剧不要再这样自以为是，请一位文学顾问和历史顾问也不是什么难事。最后，我对国漫能崛起也是报有乐观态度的，但所谓的“崛起”如若要放弃真正的优秀传统文化而极力展现历史虚无主义的话，那还是算了比较好。,1
坐了两个小时的牢，听李白顶着歪脸笑了两个小时，笑得我想让他闭嘴🤐。,1
不推荐任何本科学历及以上的文科生去观看。,1
"李白都不用修仙了，看了这部电影就会被你们气活：把我的传奇人生拍得这么枯燥沉闷无聊就算了，还把我堂堂超然脱俗的诗仙拍成了一个眼高手低的废物，没有真本事，只知道怨天尤人。
觉得自己天下第一，所有人都是有眼无珠，所有人都不懂我……我什么时候是这种人了？
我很担心中小学生看了这部电影后不再喜欢我了。",1
1.别卖腐了！妈的。依然是追光历来的要画面有画面，要剧情有画面。2.高适视角：我那浪荡不羁的前男友；李白视角：我那忠厚老实召之即来的前男友。3.人还是要活得久，只要肯努力，活到五十岁也能当大官。4.杜甫，唐代追星族。5.前半段的李白看起来有躁狂症，建议开点药调理一下。,1
爱国主义诗人高适的故事，李白只是陪衬。疯疯癫癫的李白最后还非常落魄，而高适成了那拨诗人里最有功绩的。李白混不下去想去当赘婿，问了两个人意见，孟浩然说：“当。”高适说：“愧对列祖列宗。”确实就是不在一个层次，李白是仙人，高适是个直男癌，这个电影最不适的感受就是你不得不听这个自称是李白最好朋友的爱国主义诗人、直男癌高适给你介绍李白是个什么人。,1
"那些让你背得焦头烂额的诗词，是他们璀璨而崎岖的一生啊！
两岸猿声啼不住，
轻舟已过万重山。",0
蛮失望的，像是大型诗词MV。李白像是中邪了，情节就是李白不得志，然后空口“哈哈哈哈哈！”紧接着开始吟诗，“黄河之水天上来”。整个剧情就是以上套的循环，非常审美疲劳，而且很肤浅。不如讲好一句诗词。杜甫建模真的很可爱,1
这片能得8.2分，多亏了义务教育，观众自带唐诗情怀。同样也多亏义务教育，李白凭借自己的才华抵御住了这波改编。,1
年少时死记硬背的古诗，二十多年后如一颗子弹正中我心,0
画面很好，每一帧都可截图做《彩图注音版少儿唐诗三百首》的插画。主创们很聪明，很会借力，盛唐、唐诗和长安这些符号属于自带鸡血进组，“不哭不是中国人”，观众们被召唤出的这一副眼泪，是童年话还说不利索时背“窗前明月光”就埋下的，伏线千里，用兵一时。至于万世巨星·酒缸终结者·最强赘婿·御手调羹之食客·青莲居士，片子给出的，是一个完全按坊间刻板印象写出来的李白，一个一直运行自嗨程序的机器人，缺乏新意，我觉得这是人物塑造上的偷懒。而众口称赞的对《将进酒》的呈现，只一味渲染嗑了见手青一样的豪情和幻觉，嫌浅了，诗的起点和落点是悲和愁，正如李白的底色是浮生若梦为欢几何，他要恣欢谑是因为常怀难解的寂寞和哀伤，有万古的愁绪所以才要销愁……但以上一切，如果别人抛出一句“就是个动画片你说这些干啥”，我不知如何应对。,1
No. 9938. 《新课标·唐诗》大电影……？有点PPT的既视感，有些大场面戏也居然真是PPT-连环画就这么拍了（捂脸），各种文学史名人大集合也有点“共和国三部曲”的意思。当然最有趣的莫过于电影里面的价值观，对高适和李白一褒一贬，用“对社会贡献”来拆解文学史评价，最后又落回“诗在长安就在”上，自己的价值体系就有点精神分裂；但这个点却非常能跟“主流价值观”和当下“功绩社会”的观众共情，所谓“考公才是正道”。《莫扎特》或则可能是一条路径？天才艺术家有没有必要得是一个荒唐的人？夸张点说，当下内娱这种道德洁癖才是这部动画的真正背景。,1
李白最后的那个愁字，可把我愁坏了。非常值得看，但是不推荐小孩儿看，因为影响成年人观感，他们在笑，我们在哭。,0
李白过于纸片，高适隐忍、局促、守信、坎坷，非常丰富。李白除了写诗、教高适摔跤，其余的时候都像个二傻子，政治敏感度低，每天神智不清，修道三心二意。浪漫主义也不是说就是傻逼啊。,1
对于不吃这一套文化想象的人来说，确实无聊。历史确实是中国人的宗教，你很难抑制住看到某些场景时心中升腾起的莫名的宗教般颤悦。但既然是宗教，现代人就应该用更客观的视角去打破、祛魅，去明白这种令人颤悦的国族叙事是多么无稽，不然的话就永远无法明白片子里的人一心报国却处处碰壁的根源就在于他们的“一心报国”。,1
"别看！信我！三小时起码煎熬两小时！别拿什么没文化、不了解历史、什么类纪录片风格说事；本人历史爱好者，好的纪录片也不这样，别碰瓷纪录片！

剧情：毫无故事性可言，低质量的流水账，平淡如水。人物：除了大男主高适，其他人物塑造一言难尽，扁平片面肤浅且突兀，80%跟剧情无关。画面：人物和动物建模毫无审美（除了开篇的那只鹰），不够精细，特效一般，比不上前作。

难看就是难看，扯再多花里胡哨、标榜立意高深，也是难看！主创们初衷也许是好的，但奈何能力有限，作为电影，很失败。

2号下午看的点映，虽然现在还不能显示打分，但先放个评论，能劝一个是一个吧。两星只给中国历史和大唐文化，跟本片无关。",1
这片是怎么做到塞满诗句但找不出一丝诗意的？？？,1
"我原本想，是不是真的如人所说拖沓，看完我觉得一秒钟也剪不得。交给我，一秒钟都舍不得剪。
原本以为讲盛世繁华，不想讲得是人世艰难。原本以为是给孩子们看的诗歌集，未曾想是“古来圣贤皆寂寞，唯有饮者留其名”的寂寥，是“两岸猿声啼不住，轻舟已过万重山”的释怀---身锁天地，一世凄苦，苍苍迟暮，老子又自由啦。哭惨了。
这才是真正的IP，网文改编本身那个爽文的价值也就是个热闹，看好莱坞超级英雄出场我经常觉得尴尬，因为没有那个漫画阅读的文化作为基础，但是看自己背的诗人出场，会觉得亲近，这就把IP用好了。
这个作品立意太可看，中国观众终于看了一部好电影。",0
Ｄ＋/ 追光动画最佳。既没有奇观轰炸的疲惫感，也没有概念混杂的冗余感。而是相对沉静地截取一段段人生际遇晕染开来，且始终保持着讲述者和被讲述者的分裂——在《将进酒》里坠入李白的无边幻想时，所沐浴的却是高适的情绪。因而那种逍遥自在的天才幻想、包括文人盛世的幻象，在这部影片里几乎从未被实体化，而总是被这种冷峻苍凉的目光逼视着；长安三万里，也并非是现实中的宏大与繁华，而是文人与权力中心永远难以丈量的距离。很可惜这种讲述的节奏还是太急躁了点，已经这么长了不如干脆稳扎稳打三小时；而结尾的处理也几近消解了这种张力关系，以致最终的情感出口几近真空。不然这不就是一种唐代的《莫扎特传》？,0
很多人都看不懂，其实剧中的李白并不是健忘，从开头带着骨灰盒把好友葬至黄鄂城就能看出李白的仗义重情，第一次高适去赴约并不是健忘，而是李白无能为力、改变不了现状。第二次李白写信给高适速来长安是李白得到了重用，然而一个月过后高适赶来的时候，李白才发现自己的才华只为逗贵妃乐，等到高适再来他也只能装健忘，这好几次健忘，是表达当时的社会有能者也难重用，对生活的无奈与艰辛。但李白还是鼓励朋友，自己也深埋痛苦以笑示人，这是折翼的天才啊！但还好诗文带着这只大鹏飞过了千百年来到我们身边，他一直关心着所有人啊，这么让人心疼！！,0
不难理解追光为什么要用一个有官瘾、由始至终为“正统”政权卖命的高适作为正面主角，并由他的视角去审判一个因不受赏识而疯疯癫癫终日躺平的李白，因为这显然是对当下受众公务员瘾的呼应。尤其当李白投靠叛军需要高适拯救的时候，不是突出李白的走投无路，而是彰显高适的大义凛然，这更是迎合简中舆论场把知识分子视作卖国贼的一种意淫，大有打倒学术权威的意味。以上种种都让“诗在，长安就在”看上去像是一句反讽，因为这三个小时的流水账看下来，给人感觉这唯一封侯拜相的愚忠诗人，似乎更值得我们铭记，反而是流芳百世的诗仙，只是一个胆敢背叛盛世大唐的疯子罢了，即使有天纵之才，那也只能任凭官府蹂躏。由此看来，“只有官在，长安才会在”。,1
看的点映，好煎熬。这也叫剧本？主创是有多讨厌李白能做成这样，又丑又油，李白就是个有着依盖队般魔性笑声的神经病，这电影主创你们自己觉得好看吗啊？情绪堆砌华而不实，每段回忆切换屁大点事不管合不合理都要硬煽，有好多“八年抗战开始了”的离谱台词，很多镜头和别的电影不能说是抄袭只能说是一模一样，国外的抄抄也到罢了毕竟追光的嘛肯定会抄已经习惯了，但这次国内的动画电影也抄你们是真不讲究啊。,1
需要指出的是，李白并不是和精神病一样的大傻逼,1
长安三万里，诗歌永流传。还蛮吃追光这种新瓶装旧酒的改编，然而这次的五五分小短腿画风太吃藕了。高适是小镇做题家，李白是赘婿凤凰男，哪怕在所谓大唐盛世，他们依然蹉跎半生，想想真是挺悲哀的。才人不遇，古今同慨...,1
儒家经典，入世大作，高适关于李白的百家讲坛。全片不见盛唐入衰的历史原因和社会原因，却无时无刻不提起长安，尽管在在这个故事里，梁园、扬州、潼关等等都更为重要，虽点出门第出身之间的不平等，但从李白人物的不完整表现，高适对于李白的态度，最后长安诗汇总，总觉的一种隐隐约约的称颂封建的皇权帝制。李白是什么样的人，杜甫有诗《赠李白》是最好的总结， 时势造了英雄，却又没有用他，他有天才的狂想，不甘心生命的落空，却缺乏冷静政治家的眼光。朱自清曾说“仕”与“隐”是唐朝诗人们的情意结，孟浩然仕隐两失，王维仕隐两得，而李白是向外追求和自我完成的仕与隐一起去追求的，他从未消沉过，所以贺知章叫他谪仙人，先是仙才是人。但这部动画，为了极大的完成高适的显达，大大牺牲了那些诗人们的塑造，大唐曾有群星闪耀时，但不在长安三万里,1
我太喜欢了这个片子 很久没有真情实感迫不及待的想打五分的电影了 叙事节奏和情感表达都很好 好几次眼泪在眼眶里打转但又丝毫没有做作煽情的地方。别名可以叫 高适：我和我的e人朋友,0
盛唐长安三万里，就是没有一里属于人民,1
将进酒这么天才的东西，你们配画面配点银河和鲸鱼…..,1
很惊喜，拍出了我想象中大唐“诗人宇宙”的厚重感，一个个耳熟能详的人物在大银幕上“活了过来”。诗人群像不好拍，题材挺冒险的，处理不好很容易枯燥流水账，但影片没有以名气更大的李杜作为主要视角，而选取了高适，并巧妙地将他和李杜等人重要的转折点串联在了一起。高是唐朝众多诗人中少有的出身显赫，后家道中落，晚年又仕途畅达的代表，人生大起大落，和唐代发展相呼应。在事件串联上也避免过多的宏大叙事，而是通过个人回忆娓娓道来，聚焦文人之间惺惺相惜的情谊，以诗会友对酒当歌，也让那些浪漫恣肆的诗歌有了更具象可感的画面。在历史的长河面前，个体的渺小和无奈，宿命的悲壮感也令人唏嘘。回望过去，长安盛景浩瀚，终究不过是稍纵即逝的流星，但好在那些留下来的瑰宝，是能够始终闪耀泽被后世的。感到我内心的中二“诗魂”又在燃烧了！,0
"人生的不得意和不愿意妥协，让社畜红了眼。
语文课本里没有一篇课文是充数的，只是当时忙着赶路，忘了窥探古人风骨，读时以为是束缚自己的粗布麻绳，回望发现皆是熠熠生辉的丝绸缎带。",0
"个人心目中，近几年最优秀的动画电影预定。去电影院看《长安三万里》，片长不短，前排一个小朋友睡着了。

散场的时候，小朋友和妈妈抱怨，「这个动画片我看不懂。」
想起电影片尾，小书童对高适说，「有的诗我读不懂。」

高适哈哈一笑，「以后会懂的。」

是啊，以后会懂的。
君可见，尔曹身与名俱灭，神舟已过山万重。

君可见，九州仓廪粟千钟，江月今已照天宫。

君会懂，天生我才必有用，少年白头莫等闲。

君会懂，此去长安三万里，梦萦华夏五千年。

「你我生当如此盛世，当为大鹏！」",0
文学盛世恰逢时局乱世，唐诗如此，七贤也如此。出世与入世困扰着文人，文学可以是投名状也可以是避世符。高适和李白这组人物关系选得好，故事编得也完整。有些议题到一定位置也就够了，是普通人对天才的凝视。唯一意外的是，李白教给高适的，是摔跤的以虚对实，恰好在文学之外。高适，挺完整；李白，就略扁平。出世入世想的最深最纠结的，其实还是苏轼，出得辽阔，入得缠绵。,0
一言难尽，感觉导演没想明白到底要表达什么……既然拍了高李两条线，却完全没有讲好中间的拉扯和张力，最后变成了精忠报国高适正传和只见轻浮莽撞的陪衬李白，谪仙可不是酒疯子啊。将进酒的儿童特效也大扣分。,1
全片都在念诗但又完全没有讲诗 诗的意义是什么 诗对这些诗人的意义又是什么 创作者还是起码得对这些家喻户晓的诗和诗人有点创新性的理解和表达才值得去做这么长的一部片子吧,1
这能叫剧作好？负分的剧作，又臭又长又散。野心倒是很大，想通过高适的视角写“大唐群星闪耀时”，重点想刻画好李白，但是李白写得太失败了，被写成了二逼文艺青年，别的人物更是浮光掠影，凑数而已。编剧极力想塑造盛唐文化，选择的方式就是让人物疯狂背诵中学级别的古诗，那股子文青气隔着八丈远都能熏我俩跟头，臭不可闻。文化输出不是让你贴脸背诗，好不好？不过隐约感觉古装片要重新复兴了，跟上一个时代的古装大片更多表达对权力的思考不同，这一代的古装大片要写家国情怀，要写我们民族的灿烂文化，要写据敌千里，扬威海外。文章合为时而著，时代不同了。,1
属于中国自己的文化输出。你可以说他低幼，但家国情怀、子期伯牙和暮年诗赋动江关的惆怅是需要阅历去理解的。前半段稍冗长但到了《将进酒》就开始掀起如洪水般的共情狂潮，更是让爱长安的人听到“书在，诗在，长安就在“的点睛之笔后不禁潸然。这是属于我们的罗马、耶路撒冷和君士坦丁堡，在家喻户晓的诗文中勾勒出一个无与伦比的长安。,0
及至「与尔同销万古愁」，一时眼浅。怎么销呢？何处不是空对月，何处不是对愁眠，何处不是故人去，又何处不是还复来？十几岁背诗，二十几岁修文，如今被久违的诗句万箭齐发，也随他们染了暮色，甚至心头也是朝如青丝暮成雪，原来还是那年不懂，只道飘逸是飘逸，沉郁是沉郁，但其实都是壮志难酬，都是落寞虚空。追光这次落地玩了出风月迷离，高适和李白的故事，像在回照至交离散，也在借二人，让我们看过长安的繁华与扬州的旖旎，又在此时见证背上着火的大象，屋檐空舞的残魂，一如我们这些半老未朽的人，历经千禧年前后，一回来，一回老。说什么好呢？祝你我终究能够「轻舟已过万重山」吧。（标记的第1000部内地电影）,0
创作者的自嗨挺可笑的，更可笑的是正好赶上了一个民族的自嗨，这事儿成了！,1
"《长安三万里》既不适合大人也不适合小孩的动画电影。
1.节奏比重非常不对，为了高适的主线和家国情怀的私货，把李白塑造成一个浮夸傲慢自恋得一塌糊涂的花孔雀，油腻得不输给杨洋
2.大唐群星闪耀时，每个人匆匆一瞥都是工具人，多数配角面孔化得一塌糊涂，只有迷弟杜甫瞎快乐的世界达成。哥舒翰史上投降了安禄山，又是为了情怀来了一个将军百战死
3.女性面孔几乎不见，对对对，都是诗人不存在女性，最后还要郭子仪高适来个“断背山”。三个小时，只有跳柘枝舞的歌姬那段最可爱
4.要骂的太多，但它不值得我写长文骂，只能奉劝带孩子去看的，千万和孩子们说，这不是历史，这就是一个大唐背景设定同人文",1
鉴定为：央视文化类节目看多了。舞台短剧的拼接。本片的台词写得实在是太尬了，但是放在《典籍里的中国》这种节目里的舞台短剧里刚刚好。对于中小学生来说真的有福了，居然有人做了一部课件电影，而且大部分诗歌都在课标内。对于高适的塑造就是对着人物小传照本宣科；对于李白的塑造是比较失败的，本片的李白像是街溜子，青年时期还长了一张黄子韬的脸；大唐众诗人集英于一地那段，确定不是魏晋风流？当然《将进酒》那段还不错，毕竟这是全片唯一一处超现实、不照本宣科的段落，其他念诗部分就寥寥了，全是水墨ppt混时长。最后每个小段都要念诗真的尬死了，建议改名《唐诗三百首》。技术方面值得肯定，没毛病。,1
2.0。从电影院里孩子们的反应可以看出，什么怀才不遇，什么政治动乱，什么时代兴衰都比不过脱口而出的几句诗句来得更有意思。我相信创作者比我们更明白这点，观众根本不在乎历史，不在乎规律，他们只想看到熟悉的人物，听到顺口的诗句，于是影片成为了一场十分滑稽的模特大赛，各位“选手”们按顺序依次上场，大声朗诵诗歌然后退场。影片既未触碰政权，也不关心人物，它只有单调的段落和破碎的经历，它甚至不愿把所有人放在一个时态下面对面交谈，只留下一个诗在长安在的唯物史观作为点题。,1
好烂好煎熬，国漫不敢创新天天抓着历史题材薅，把人物生平配上几句诗再搞点煽情桥段就有人跳出来说我大中华文化太伟大了，呵呵。被丑男建模霸凌的闹剧什么时候可以结束，李白委屈入赘那里看得我一肚子火，利用女人还嫌弃女人。以及影厅里好多大叫大闹的小孩和指点江山的男人，体验太差。,1
唐诗全明星大乱炖，好像听一个名不副实的中学特级教师上了一节冗长无比的语文公开课。捧高适、贬李白的意味太明显，潇洒不羁不是插科打诨，也不是声色犬马，过于夸张外化的处理是对人物的伤害。时代巨变与身世飘零都一笔带过，剧作的时间跨度却执意要覆盖一生，立意模糊不清，以至于近三小时沦为流水账，没有了情感上的感召，诗歌的力度和厚度都被浪费了。,1
全片充斥着中学生作文式的强行升华与自我感动，主创人员不懂叙事节奏的轻重缓急把电影拍成了又丑又长的流水账，而且作为一部人物驱动型的电影，大量诗人形象被脸谱化呈现，塑造合格的角色可以说是寥寥无几。最令人感到不适的是在高适和李白这一组人物对照关系中，李白几乎被刻画成了一个丑角，他的存在仿佛只为反衬出高适的伟光正。通过对高李二人的一捧一踩、一褒一贬，影片最后也完成了对传统儒教价值观的宣扬。,1
"说实话有点失望，很多时候觉得这个人不是李白，起码不是我心目中的李白。
李白洒脱但是不是失忆症，每一次的约定都不记得。
李白失意但不会说出“大鹏飞不动了”这种话，说出这种话的李白写不出“天生我材必有用”这句诗。
李白恃才傲物，怎么可能因为崔颢的黄鹤楼气到摔笔。
李白自负才华，但不可能因为对方的轻慢就愤怒到拔剑砍人。
而且剧情太平了，很多李白的高光时刻高适是不在场的，感觉一直在看高适种田……
画面倒是很漂亮，尤其将进酒那一段",0
"没出息的看哭了好几处地方。李白和晚年高适的配音演员太牛逼了，从将进酒开始，我只想跪着听老师念诗。
人的一生是真的离不开时代。那么多熟悉的诗人，晚年因为时代命运大多很唏嘘。反而倒是一生郁郁不得志的高适，晚年老骥伏枥，算很好的善终了。社恐人士真的无比共情高适。而李白有太多知己好友，总是忘记承诺，不问世间疾苦，只能说天才真的是高处不胜寒的。
最后的方言读诗我真的很喜欢哎！黄鹤楼的诗在，黄鹤楼就在。只要诗在，长安就在。脑子里会想起多年前在新闻里听见老者痛斥叛乱者烧了博物馆而m军只守护油田。兔子何其有幸，文化未断。
说起来，电影讲了高适的一生，但宣发重点一直在李白。无话可说。",0
"以下内容非常主观：
我对这种九年义务制语文教育背课文式的浪漫过敏，眉头紧锁，生理不适。
李白是洒脱，但不是神经病。
入赘还挑三拣四这不许那不许愧对祖宗的，显着你了。
真的是刻板印象他爹给刻板印象开门，印象刻板到家了。",1
不是有史有诗就是史诗。,1
如果一部电影大谈特谈文人士大夫的入世与出世，却对左右文人出入世的根本动因“政治际遇”几无着墨，那么它就是在无的放屁。身处一个不能或无能把历史往深刻真实了讲的时代，作为文人的基本操守，起码得是别把历史往肤浅粉饰了讲吧。（俺是冲着李白露肚腩的桥段给了及格分。）【金逸西城】,1
近三小时讲了个单薄又流水账的废话文学，小学生看图编故事都比这刻板印象来的灵动且活泼，叙事推进依托ppt集锦，个人命运与山河破碎全靠一张嘴，160分钟交出拧巴又干瘪的地摊传奇，只有后10分钟的瓮中捉鳖围剿战才贴合主题。电影除高适外都是过眼云烟的角色存在，人物塑造分崩离析，大唐盛世迷离在杯酒之间，时间线推移生硬突兀，高适李白的友情刻画也稀松平常，吟诗作对只停留在浅显的表达上，烂酒鬼的癫狂掩盖了文人气质的潇洒，所有情绪故作一堆撒手挥向观众，破碎又煎熬的观影感受，一直让人掐表倒数的工业污染，利用零散的情感来佯装不羁与辽阔，操弄家国情怀来诉诸愁绪与高远，全片处处充斥着洋洋洒洒的假大空愚昧，文人之间的商业互吹酿成情比金坚的基情相依，这样七零八落的冗长文本，这样乏善可陈的后期制作，让所有的期待都扑了个空。,1
果然，《将进酒》一段最是酣畅淋漓。从高适视角看到的李白，叙事线上其实是有点单薄的。好在有倒叙、有最后从相扑而来的前后呼应，有诗人挺枪跃马的阳刚逆袭。时间完全可以压缩，或者分点时间给河岳英灵们。,0
不是很能理解八分...感觉是一部很混乱的片子。材料都是好材料，刀工也是好刀工，但是炒菜的厨子不是很行。唐诗宋词的底蕴很丰富，大有可以挖掘的空间。,1
希望追光可以明白一个事实，牛逼的是一千多年前的那个时代和那群人，而不是你这部将近三个小时，也不知道到底讲了个什么的片子。一言不合就背诗，但几乎没有一句诗与剧情贴合，《全唐诗》四万八千首，射程竟然没有离开“中小学必备古诗词”。除了小镇做题家高适和街溜子李白外，所有伟大的诗人都沦为背景板，但即使这样，看完以后对高、李的了解，也并没有比百度百科多一些。,1
到底是什么人在喜欢这个电影啊，救命……即视感be like，路边摊偶遇的几个啤酒肚中年油腻男在大谈特谈“我的前半生”，还自我陶醉了一整宿。剧情脉络也不明晰，我甚至没明白夺回云山城和李白有毛关系，直到影片结束片尾字幕里来了一句“高适是唐朝诗人里功勋最卓著的”，我才明白它到底想说什么了。拼命想为仕途经济背书。写剧本的人也根本不懂诗，诗句都是胡乱插入，对话没有内容的时候，背几句诗总没错的……连情怀都谈不上，纯纯碰瓷李白和一干唐朝大诗人罢了。,1
诗有去油奇效，没诗本片油得不行。,1
这哪里是大唐盛景长安三万里，这分明是要死不活念诗给你听，画面没得还要诗人一一报下菜名，生怕哪个没被cue到，以高适为核心展开使得表达也过于微妙了，流水账般三小时多少有些坐牢了，还是让这些人物留存梦乡别再叨扰了……,1
对于了解李白生平的观众来说，剧本对李白的描写基本客观，看文章当然是李白的好，但论做人还是高适的好。天上的谪仙人就该在诗歌的虚幻世界自由翱翔，不该落地，也不能落地。人间的疾苦，破碎的山河，只能由高达夫这样，耐得住寂寞，沉的下心的凡人铁肩担当，力挽狂澜。这个世界的高达夫越多，才能保护好孕育李白这样旷世奇花的土壤和时代。,0
将进酒之后，电影院的小孩都坐不住了: 怎么还没完啊。叙事确实宏大到力求面面俱到，主题就是“长漂”对帝都的向往激发了各人的绣口，即使帝都被干烂烧烂也让他们念念不忘。惊讶的是，民族观点唯汉论登上大银幕，小李小高键政口嗨真是今日写照。唐诗好就好在，见证了盛世覆灭。唐诗坏就坏在，直到今天还有人靠她为帝国招魂。PS:李白选调公务员无望，恼羞成怒化身张献忠在大街上狂乱挥剑，这个情节实在鬼畜。,1
单看这个电影，我是万万不会喜欢李白的，疯子一样，每句话都要哈哈哈干笑三声，好尴尬。,0
索然无味，味同嚼蜡，如坐针毡，知道编剧是老板自比李白怀才不遇后，我是真的作呕。你说要艺术化，怎么将进酒读得还没陈铭上综艺读得动人，前人留下的诗篇是唯一亮点，不知道是辱了诗人还是辱了爱诗的人。封神里的男人靠打鼓和骑马高潮，这里的男人靠喝酒和背诗高潮，共同点是都得脱衣服，除了你们自己没人能欣赏，如果你们的受众就是在影院逼孩子背诗的家长那确实是达到了目的，花那么大力气那么长时间做出来这么个东西，自己加油吧,1
"吐蕃一边围困首都一边进攻在即，持节御史到前线营房
御史：你就讲你怎么认识李白的
“报！吐蕃还有三个时辰就到了”
高适：那我们还有时间（继续讲李白）
“报！”
御史：（别管他）讲李白！
我，两眼一黑！",1
到底是谁在夸长安三万里，谁在夸追光的剧本……我从来没见过讲故事节奏这么烂的电影，拖拖拉拉的流水账叙事，除了高适，剩下所有的人物刻画流于表面，角色没有任何人物弧光。和永王的水战做的连游戏过场动画都不如，原本能做的很出彩的安史之乱写成这样，追光你还是开了你的编剧吧…,1
"我想打六星 完全超出我预期。
自太白吟诵《将进酒》和友人神游仙宫后一直哭到结尾 原来将进酒不只是劝酒 原来“轻舟已过万重山”不只是写景……
用高适视角看李白 看那些名士将军 看长安的诗、长安的景、长安的熙熙攘攘、长安的断壁残垣……长安的风 自三万里外吹来 吹向一千年后的我 突然激活了曾经背诵的文字 触发了体内深深的共振与感动 仿佛我也在和他们携手同游。
168mins 看前嫌长 看后嫌短 时间只是倏忽一过。故事和画面双绝 人物建模略丑但瑕不掩瑜（我理解官方的解释＆王维的形象颇妙） 虽为动漫 不仅动漫 我相信它会是国漫史上一座丰碑。
（上半年是流浪地球2的三小时 下半年是长安三万里的三小时 古与今 文化与科技 动漫与科幻 我太满足了 中国电影越来越好了呜呜呜 ）",0
有形无质，有诗无意，也就是一部唐诗普及片。,0
"长安三万里的遗憾到底是什么？
遗憾的是：高适蹉跎半生，暮年得志。
遗憾的是：李白潇洒肆意，空有大鹏之志，却沦为阶下囚，最终了然一生。
遗憾的是：少年杜甫惬意灵动，最终只道，南村群童欺我老无力的无奈。
遗憾的是：远在长安的皇帝，永远不知道哥舒翰宁死不降。
遗憾的是：裴十二是一个女子，文不输李白，武不输高适，只因女子之身报国无门。
遗憾的是：这天下间的捷径，岂是为寒门所开。
遗憾的是：世间竟然有这么多文武双全的人不得志。
遗憾的是：盛世长安，终是不复再现。
（行路难，行路难，多歧路，今安在？）",1
影片太短，短到装不下忧国忧民的胸怀、怀才不遇的悲愤和诗人一生的颠沛流离,1
是谁在说剧本好起来了？这分不清轻重缓急的流水账叙事，只是加了几段刻意做作的回溯就成好剧本了？开头太冗余了，完全可以删到2小时以内，精彩段落集中在中后段，多来几段将进酒这种飞的段落档次就上去了。现在进行时和回忆杀的交织很生硬，不必等到故事讲完才开始有动作，把战术和回忆融合起来更自然。整个故事看完只觉得李白不地道啊，怎么自己发达时朋友来投奔就装醉，落寞时才想起找朋友，最后还得靠朋友救…真就纯粹如斯，不谙世事呗…用高适的视角看大唐从极盛到极衰，其实是“无聊”且无关痛痒的，缺乏戏剧色彩。不过如果没有追光，还有什么机会在大荧幕看到这么唯美的水墨画面，壁纸般的场景呢…但ta的技术和画面又不足以好到盖住叙事的缺陷…还是祈祷王总早日退出编剧组吧…,1
看完非常震惊，剧本如此薄弱，主题如此混乱，中心思想如此落后的电影竟然得这么高的分？这个电影跟长安无关，并且侮辱了李白，因为如果没有反抗和批判，就不配提李白。,1
"有深度有广度有气度，这才是中国人应该拍出来的动画片！
刚开始还不明白为什么高适是主角，看完之后只想拍手称快！
他有理想，为了不负列祖列宗，为了如大鹏展翅实现抱负，去从军，戍守边关
他有志气，看到美人帐下犹歌舞，不愿与之为伍，毅然决然离开
他有毅力，行卷不成，去边关，边关无人赏识，回家埋头苦读，自谋生路不行，便去将军帐下做事。他曾想靠李白引荐，但看到李白终日饮酒作乐，便又回到了自己的老宅。他是一个从始至终都很清楚自己要什么的人。
从一个口吃之人，到诗名远扬之人，他从未放弃过打磨自己。
一个心怀理想，胸有大志，人到中年壮志未酬却始终不抛弃，不放弃自己的人，是一个值得敬佩的人。",0
"这可以说是真正的国漫，哪吒、白蛇传在我看来都是用好莱坞的叙事风格、商业逻辑包装的中国元素，而《长安三万里》情节、元素、内核、服饰、造型…全部都是中国的元素，中国不是没有好电影、没有好故事，而是以前一直强调放眼全球，导致忘了向内追寻，此片就是文化自信发展到一定程度的产物…壮哉大唐，大美中华！
追光动画完全没有讨好观众的谄媚心态，本片明显需要一定的观影门坎，3个小时对于没有一定的文化和历史知识的人群确实是一种不礼貌，我旁边两位貌美的妙龄女子在坚持玩了2个小时手机之后，终于拉着意犹未尽的四年级学生走了。",1
和热评相反，根本不适合12岁以上观看。,1
"又名《高适传》，不看不是中国人！只要是中国人，你看这部电影，那种中国人血脉里的文化底蕴就会翻涌而来！！！真好真好！盛唐！李白、杜甫、王维、孟浩然、崔颢、高适、郭子仪……名将！名流！汇聚的年代！是我们所有中国人文化的精神梦乡！
电影太好了！从大家不太熟知的高适切入，狷狂、灿烂、辉煌又急转直下的唐朝应有尽有，诗歌的巧妙切入非常恰如其分。追光终于克服了平庸大众一直诟病的剧本问题，克制画面炫技，献出了一幅大唐群像！这也是追光献给自己的新高峰！！！我爱追光！！！
“写长安的诗还在，长安就还在”，中国人的血脉就在，追光！中国文化有你真了不起！“莫愁前路无知己，天下谁人不识追光”！",1
建议改名为《摔跤吧，高适！》,1
除了高适塑造得不错之外，其他都很一般，尤其李白，太片面了，表现潇洒的方式除了转圈圈大笑就是大笑转圈圈。,0
看哭！感觉人至中年最看不了这种：那些壮志难酬、怀才难遇、人事难平，所有的难，在世间兜兜转转、难寻出路，只好与世界和解、自己握手言和，只有酒，是千金裘、百解药、忘忧曲。但是，还有诗，那是可以穿越岁月的字，是刻在民族记忆里的歌，你向世界喊出的声音，自会有人记住，故而忘情呐喊、踏浪欢歌，直到千百年后我们相遇，春风化雨，同销愁绪。,0
原则上我不喜欢它头重脚轻的叙事节奏，不喜欢它抬高适贬李白弱气社恐王摩诘的人物塑造，不喜欢它无中生有颠倒黑白的艺术改编，但事实上我很难对三万里的长安说不，那是古往今来无数怀才不遇的文人将士和梦想之间的距离。如今已是君埋泉下泥销骨，我寄人间雪满头；谁想当年也曾相逢意气为君饮，系马高楼垂柳边。,0
“如果你不知道怎么写作文，就多引用名人名言，电影把这一得分技巧体现得淋漓尽致。”看编剧抖了将近三个小时的书袋,1
刻画诗人们的不得志，是非常好的方向，但是人物搞得也太刻板了。我的妈呀，小时候背的唐诗又被他们复诵了三小时，果然国内影视创作的本质就是复读机啊。,1
前半部分：文化自豪感；后半部分：历史沉重感。,0
中国缺少女导演，缺少女性视角，张小斐，玲女郎，一个女导演的女郎，这点就很牛逼了。女性有了更多的选择，可以选择躺平，可以选择打拳，可以选择不吃牛蛙。但是女性观众胜利不是女权主义胜利，现实主义拍成兴奋剂商业片，成了大型真人营销。制造话题，利用观众好奇心来到影院。表演上没有人物的颓废的深层原因，只有情绪的虚弱，其他角色全部沦为证明女主善良无辜的工具人，回避本身的懒惰消极问题。减重100斤后迎得喜欢反而引起观众焦虑。,1
1.不知道为什么要这么表演，丧不是有气无力也不是虚弱。2.女性学员看拳击比赛也不都是看教练乏善可陈的肌肉。3.内核的自我实现还是为了打别人脸也太陈腐…,1
减肥的过程我看到了，但是我没看到电影。,0
本片最大的成功是女主练了拳击后没有跟她的搭子在一起。,1
看点真的只有贾玲减肥,1
她拍这部片子的目的根本不是说她瘦了这个事，是告诉你，无论你这个人活的有多烂、多失败、多差劲，只要你找到一件事，哪怕只是很小的一件事，一直做、专注做、拼了命地做下去，你会赢的，哪怕就一次。,0
有一处挺童话也挺动人的，就是在这个大家都不敢善良，拒绝善良，以及习惯性地把别人的善良看作一种伪善的情况下，乐莹遭遇再多恶意也愿意把两颗苹果都给你。,0
心疼贾玲，太强了。最有意思的是，影院一个男的看完出来说，“这种我一个月就练出来了”。太经典了，典中点。,1
要细究质量的话当然有很多问题，但是我喜欢贾玲。我喜欢看贾玲减肥，我喜欢看贾玲练拳击，我也喜欢结局：不要男人，也没有赢得什么，只是自己开心就好。,0
人确实是狠人，片子确实是烂片。,1
平时看电影最容易走神的桥段就是小人物逆袭蒙太奇，无论是埋头狂刷试卷考清北还是丑鬼减肥造型大翻身变美人，横竖都是假的，加了科技的，全靠观众自我说服“我就当ta成功了吧”。所以看到贾玲用这么笨的办法，这么大的代价拍了商业片里最烂俗的五分钟我真的，心跳加速，她虽然不是专业电影人出身，但颇有电影发展早期那种硬桥硬马搏命一拼只为圆梦的癫狂精神，就冲这五分钟可以原谅整个电影的种种不完美,1
《李焕英》破了30亿，答应观众要减肥。可是减肥很痛苦的，不能白减！减肥又费时间，这样就会少上几个综艺赚钱！那就一边减肥一边拍电影一边赚观众的钱吧！拍什么好呢~日本这部电影，刚好可以翻拍！不错。换个概念讲，就是给我40亿~20亿人民币吧，并且教练、营养师等团队都配齐，在一年时间里不用工作上班，只需减肥100斤！我绝对相信我也可以~~说实话，我不讨厌贾玲，只厌烦电影的营销方式。。。说回电影本身，这个剧情在我看来真的很一般，尽管贾玲表现的能吃能睡还懒，讲话无力不自信，但依旧给我一种活的很“饱满”的感觉。还有最后比赛，一直在挨打，最后来个必杀左拳。都报名拳击比赛了，你实战不练啊，只练动作与瘦身。不愧是懂煽情的“喜“剧人。相比起来，张家辉的《激战》优秀多了。剧情60分，另外加15分送给真的瘦了的贾玲。,1
很奇妙的效果。贾玲导演的眼睛似乎能看穿演员表演形象中不肯轻易袒露的真实人格，并在极度戏剧化的情境中转化作最朴素日常的一瞬。情节的减法做得极好，凸显了扑面而来的影像能量。男主角的半路退出让整部影片走入了截然不同的轨道，作为演员的贾玲对抗的不是体重，而是孤独。都说瘦下来的她变了，其实她丝毫未变，只是我们看她的眼光变了。与《喜剧之王》相似的情感内核，极度真诚，但从不自诩真诚。,0
电影里有很多肉麻的东西，很多过犹不及的煽情。剧作全是直给，小品式的桥段和转折。但就是贾玲的电影贵在情绪都特别满并且情绪很真诚。个人觉得她和吴京都算作者型导演。他们拍的东西再肉麻，但他们自己认。,0
大家对女性导演真的充满了恶意，减肥这个事情阿米尔汗没有宣传过没有上过热搜吗？独独对贾玲这么刻薄。真可悲。,1
减肥励志片儿啊我的妈，比贾玲瘦了更让人惊叹的，是她甚至还练了一身腱子肉，牛哇牛哇,0
成功的明星电影而非电影，从热搜词条上也可见一斑。总的来说是贾玲个人魅力大于剧作本身。前半段讲女主受到现实打击的时候充满各种经典性别刻板印象的小品，不懂为什么要刻画一堆女学员围着男教练尖叫，不懂为什么要搞什么姐妹阋墙，明明有更妥当的叙述方式但好像编剧习以为常用最偷懒的笑料作为剧情推动，我作为观众感到非常不适。但不可以否认的是看到后半段贾玲脱胎换骨动作敏捷出现在格斗场的时候，还是非常感动，结尾也没有狗血地走向瘦身成功就谈恋爱，而是和曾经的心上人之间来了个人生境遇的对换和比较，然后沉浸在自己的世界，在黑夜中一拳一步地走向未来。万幸万幸，女性个人奋斗的主题还是立住了。,1
被感动到！我认为贾玲的电影是向内的，个人的，对她自己来说更重要。前一部是疗愈自己的家庭关系，这一部是针对自己的身体。电影反而是个借口了：我借电影这个疗愈的媒介去面对和解决自己。这一点是让人触动的。凡是尝试改造身体和告别过去的都知道这其中的艰难。,0
贾玲赢了，但乐莹没有赢。花一年专心做一件让自己变好的事情，虽然很燃，但本身就很奢侈。贾玲有这个条件，乐莹没有，大多数我们也没有。,0
很纠结打了3颗星，如果单纯给贾玲，我愿意给5颗星，因为我知道瘦100斤意味着什么，尽管她说这不是一部减肥的电影，但不得不说，人们看到的最大亮点还是她的瘦身成功，她的毅力和努力值得5颗星甚至更多。但单纯从电影的角度来说，不好意思，我真的没办法全然喜欢。从头到尾，我开心的笑了一次，在雷佳音尿尿那个场面，然后我有一次比较动容想哭，就是看到贾玲努力运动的那些画面。这是电影当中相对比较触及我情绪的两个地方，其他的，说实话从开头到结尾，就比较寡淡，我也不喜欢贾玲在电影中的人设，说她烂好人也罢，说她自暴自弃也行，总之她的这个人设转变的太突兀了，人物发展和改变的理由不够充分也不合理，情节设定上来说有点俗套。她想表达每个人都应该爱自己，都要为了自己努力一次，而实际上她只是被逼迫着要证明自己，全程表演的太丧了。,0
"“在一切结束之后，乐莹没有迎接父母妹妹，没有拥抱闺蜜，也没有和男人和好，亲缘友缘性缘前尘皆散，尽数被抛诸脑后，她独自一个人在黑夜里向前奔跑。

一个强大自由的女人就这样诞生了。”",0
电影四星，比李焕英的煽情和共情还是差一些。肯为了梦想，雪藏一年，推掉自己几乎所有的商约，本就是一部励志电影，为什么阿米尔汗可以这么宣传，贾玲就不可以？手动加上一星，为了那些无脑黑。,1
除了贾玲真减了100斤令人惊叹，其他都挺无聊的,1
"我去，真没想到贾玲成假玲了，如假包换，真诚是真诚，但挺割裂“吓人”的。
（1月4日 210斤-11月24日 117斤）

没想到终于碰上了一次“货物对版”的院线电影，《热辣滚烫》宣发和电影几近一致了，不过也没想到这辈子减重也可以成为宣发卖点挣到钱。如此推断那张小斐增重至200斤岂不是也会票房大爆。

贾玲利用自己的社会形象作为影片卖点和视觉焦点，除了“为了赢一次”的核心命题，更是见证华语电影票房最高的女导演自己的“逆袭”“减重”之旅。

很好奇下片后贾玲和宣发会不会提“改编”《百元之恋》的事儿，为什么带引号呢……几乎60%都可以用翻拍来形容。小到人物设定，大到情节拐点，几乎一模一样。强烈建议影迷朋友们顺带一看《百元之恋》，在经典原作与本土改编的互文中看《热辣滚烫》会更有趣味。",1
虽然是改编，结局比日本原版的好太多了。原版女主还原谅了渣男，我无法理解。贾玲这版女主选择了自己走花路，因为她打拳是开启了新人生。,0
结局没有获胜和拒绝雷佳音是我最喜欢的部分,0
失败的电影，成功的贾玲,1
丑化除主角外的所有女角色、甚至连一个健身房的女路人都不放过，还讲什么女性力？可惜现实只有在吃不干净的烧烤店月薪两千五房租八百何谈三百块一节的私教课。还不如专注拍《贾玲传》，展现一下资产阶级的全方位减肥法。,1
男的啊，你们真的是生怕女人变强；女人们，为它们的无知、愚昧、自卑，干杯🍻,1
我们需要女导演，需要电影里，女拳手比赛时，不怼着女人大腿拍、不从腿到下体到腰到胸拍到脸的女导演。看到贾玲走向拳击赛场和过去的自己相视而笑，上衣写着That's lihuanying's daughter就流泪了。 永远被她爱妈妈想念妈妈纪念妈妈的心思感动。全片贾玲唯一主动拥抱的人，是那个把她打到牙花眼眶流血的拳击手，那是让她咬牙挨打但也尊重她的对手。 最后，我想朝每一个说贾玲瘦了没以前可爱的人吐一口唾沫。,1
本想看看这片为啥能让这么多男的破防，结果前半部分看得非常不适，各种庸俗性别刻板印象传统恶毒女配全都齐活了，开场就是闺蜜抢男友白烂桥段、姐妹撕破脸揭发出轨孩子非婚生、健身房一堆女性围着教练尖叫扭捏、表妹为事业设套恶意利用……熬到后半段打拳，突然好看起来（怪不得真·打拳健身的女性朋友都跟我说好）。毕竟减掉100斤挥拳飒起来一镜到底就是热血啊，虽然分镜太多照搬原版对看过的观众来说削弱了惊喜，但和现实交织在一起简直是大型励志纪录片（原版并没有减100斤这么抓马，不过练过的人看一眼动作就知道含金量），属于用生命创作了，花絮和结尾电影院已经亮灯但没有一个观众走掉，甚至感觉比正片好看，衬得电影前半段简直和赘婿小视频差不多（当初对我爱理不理现在你们高攀不起）。大过年的，让贾玲来当回龙傲天又有何不可呢，她值！,1
就爱看女的变强 男的破防🥺,1
"如果这电影是男导演拍的，那评论区应该是这样:
“离不开屎尿屁、下三路那点事，国内男导演也就这水平了。”
“里面的女性除了出轨就是花痴？一看是男导演就都合理了。”
“男导演电影里的女性配角，不是出卖色相就是恶毒小三，充满了男凝。”
“女性能对一事无成摆个臭脸的男人说出“你挺man”果然全天下的男人都是普信男！”
“满屏幕的body shame，真的恶心啊，男权社会的女性难道只是供男性凝视的吗？”
“2024年了，还在拍酒后乱性这种恶心又俗套的剧情啊，男导演脑子里也就这点东西了。”
“把两个妹妹都塑造的那么恶毒，不愧是男导演，girls help girls.

一个有极其有热度的题材+勉强及格的作品+最顶级的营销=春节档票房冠军。
资本已经知道公式了，可能我们以后只能看到这种电影了。",1
贾玲可能不懂电影，但绝对懂中国市场,1
这片子能7.9 在座的各位都有责任,1
贾玲是当年包贝尔那场婚礼上唯一一个救下柳岩的人。我只想说 女性永远处于弱势 我将无条件偏爱女导演。,1
龙年的第一部电影，也是第一次这么早看电影，9点场，只有减过肥的人知道她有多励志多努力，很喜欢结尾的安排，只要想开始一切都来得及，战胜自己就是赢！,0
前一个小时真的是太过烂俗了，作为经历过这一切的人，并没有太打动我，但是应该会有很多的胖姑娘因这部影片走入健身房/接触拳击运动吧？那就足够了，大部分人是没有勇气杀死曾经的自己的，在陷入“绝境”之后如果没有极强的外力支持（尤其是金钱），大多便就此沉沦了。观影过程中给拳协的学长、18年带我减肥的教练发消息，感谢他们。教练回复说：“被自己感动啦🤭？”，其实心情并没有太大的起伏，当时的一切已经成为人生的可贵回忆，我也迈步向前去了。但李玫瑾教授说的可真对，运动能使人获得对自己身体的掌握，继而一点点获得对生活乃至人生的掌控。,0
贾导演打得一手好牌，电影卖座当然好，不卖座，减肥成功也好。,1
改编很好。大过年的，一不想看女主被强奸，二不想看女主和挫男复合。,1
贾玲难得的在于她证明这些事可以做到：一年可以减一百斤、真心可以打动观众、中国第一女导演有人能做。陈思诚能赚的钱女的一样能赚，更何况，她真诚,1
自尊心的玻璃被击碎了，创可贴就能贴好。爱情的小腿肚被撞疼了，打梨球也能治愈。想在生活里和解，想在爱情里转正，想在拳台赢一次。以为足够钝感，从楼上摔下来竟然不疼。落在脸上的拳头不疼，刺进心里的拳头才伤。为什么要一直打呢，因为遍体鳞伤时你看到我毫发无损，当我浑身是血时却已经长出盔甲。,1
这么烂的片子竟然还容不得一点批评，我只能说咱们的电影艺术真的完蛋了,1
做电影真不容易，刚看完片子，一堆人这么努力，花这么长时间拍了一个这么燃这么难的片子，从摄影到细节都特别棒。结果过来看看豆瓣的戾气，真的恶心，很多人在这里藏在文字背后散播这自己的恶，见不得别人好，见不得别人比你努力，这个豆瓣的平台，没有鼓励，这才是电影人的悲哀。,1
3.9星。出色的春节档合家欢。1.本土化得合理且成功，镜头精致节奏顺畅笑泪交加，得益于东北演员班底的接地气演出。2.贾玲雷佳音有神奇的cp感，很多人忘了当年雷佳音是以性格帅气小生姿态出道的。3.电影最后的闪回段落颇有《李焕英》最后“可我妈现在还不会缝啊”的力道，让本片高度再提一档。4.佩服贾玲，能瘦一百斤何尝不能展现演员的努力和诚意，有这种毅力的人拍电影怎么可能难看？冷嘲热讽拉踩的人滚。5.每首歌都好好听，周深那首，还能听到《不落的太阳》中文版。6.人这辈子只活一次，能做自己是很幸福的一件事。,1
0/10 简直是大跌眼镜，一方面在宣发上执意否认减肥的噱头，强调精神的重要，另一方面在电影里本末倒置，进行很表面的泛泛而谈。中国特色式翻拍，专注于对旁枝末节的添油加醋（部分情节令人不适），最重要的主线反而堂而皇之地成为了配角，编剧必然是失职的，其他创作者也不能置身事外。贾玲的导演水平值得诟病，但没想到这次连表演都出了问题，她没有那种颓靡的气质，只能装作「卑微」，于是演的痕迹就非常重，重到让人物无法立住，观众还如何相信故事的真实？最后就只剩下虚假的凤凰涅槃重生，很美，很励志，很正能量，然后呢，就没有然后了。,1
她没有赢下那场比赛，似乎也没有因为瘦身、增肌成功就成为另一个维度里成功的“大人”。但从他日那个低着头总在迎合他人口味，到今日可以平静地拒绝他人的自己。这段人生的路，她走了多远，其中的艰辛有多苦，只有她自己知道。,0
更多是属于贾玲自己的奇迹,0
作为一名女性健身者，我由衷地钦佩贾玲，但作为一名观影者，我不喜欢这部电影。电影呈现的逆袭历程很燃很励志，却仍是老旧的性别印象和脱节的剧情逻辑。女主的减肥大计在现实生活中不可能实现，看到女主为了训练辞去工作甚至免费受训，我着实觉得这是明星为了把自己的减肥成果搬上大银幕才生搬硬套改编原作。什么是女性叙事？女性主义不是让弱者变成强者，而是创造出一个让弱者也能够得到尊重的社会。我并没有看见这部电影对于不公的体系与加诸于女性身体的暴力评判有任何的反省，整部电影最后仍然回归到“努力就能成功”的逻辑，归咎于个人而浮于人物置身的社会环境，观感上是明星编织的奋斗神话。诚然我看到了不同的有欲望的女性角色，但是她们仍然没有具体的角色弧光，恶得很单薄，全靠擦边笑话抖包袱。女性叙事应该真实而复杂，真善美，真永远最先。,1
拒绝雷佳音的一刻我决定打十分,1
3.5，观感同《八角笼中》，剧作和审美其实跟佳作差着好几档，纯靠导演的认真扳回一城。几乎无力招架连篇累牍的厌女桥段和恶臭郭楠（我们当然知道导演试图反击这一切，但所有笑料都是建立在自我贬损的基础上），但第三幕忽然重现了李焕英式的绝杀，用真心，下死力。当过往所有的尊严散落一地，沉默的坚持换来的还是被无限痛击，《百元之恋》的身体性被再次唤醒，只有疼痛提醒我们还活着。贾玲足以让春节档其他男导演自惭形秽。,0
不是为了变瘦，不是为了变美，而是为了变强,0
我共情了昊坤：没什么能力，以为自己热爱。把热爱挂在嘴上，招不来学生。这就是我啊！,0
从今天起，贾玲是我最喜欢的华语女明星。出电影院听到有人说“有什么了不起，如果给我那么多投资那么牛的健身团队还可以挣票房，我也可以” 我想说你不可以，首先你不好笑，其次你不是家喻户晓的人、你没有首部编导主演电影54亿票房的成绩、更没有200公斤的体重，所以你才坐在下面看她的电影…希望每个人都有自己的梦想可以说“我能打完”。真心祝贺并赞美她❤️,1
看完有点失望，理解大家被真诚打动，这个8分得有2分是给100斤的，但电影真的一般,1
花钱去电影院看贾玲送自己一朵小红花…,1
"为女性视角投票
 “当他们还在讨论胖瘦讨喜，她的灵魂已经翻山越岭”",1
建议看原版，省钱省心省事。,1
虽然前三分之二的本土化难看得一塌糊涂，但是不得不承认它有一个比原版更进步的结尾；虽然贾玲是不是个好导演真的很值得商榷，并且用几十个亿的生意来让观众看你自己自我实现这种行为也值得细想，但不得不承认作为演员的贾玲还是很有魅力。虽然说了这么多，还是打两星。,1
"远远超出预期，国内男导演都该学学怎么把女角色拍成个人。结尾乐莹一个人往前跑时，我觉得超越了日版，不需要男人，不需要被别人爱，她爱自己，她很自由。
另，贾玲减肥100斤的噱头吸引了很多妈妈爸爸辈的人想看这部电影，我觉得特别好，好片子需要有效的商业营销。",1
第一贾玲说话有气无力的听着难受，第二电影煽情片段过多，第三真的很像减肥纪录片,1
单纯就电影来说，差不多三星的水平，匠气的剧本，平庸的视听，但抛开这些，确实是被贾玲打动，不是减肥一百斤这种物质层面的奇观，而是贾玲作为一个创作者的真诚。,0
比起所谓的以减肥为噱头，看过就知道，“瘦”只是其中渺小如尘的微不足道的一小点，我们看到的是一个不知前路、不懂拒绝、没有自我、以他人的需求为自己的需求的女性勇于不再与伤害、利用自己的人纠缠，战胜从前浑浑噩噩的自己，找到自我、取悦自己的故事。最后的部分看得几欲流泪，被乐莹的毅力感动，更为贾玲的坚韧折服。我们或许都该重新检视一下自己的生活。全五星。,0
剧情基本靠抄，矛盾基本靠编，感情基本靠煽，演技基本靠瘫，身价几十亿的贾玲对下层阶级的状态充满了自以为是的臆想。从镜头到配乐到彩蛋，与其说是电影，不如说是一场彻彻底底的减肥综艺真人秀。台上都是主义，台下全是生意，喜欢的观众收获了感动，励志的贾玲收获了金钱，至于月入二千五的服务员们，至于生活在真正生活里而不是电影作秀里的诸多女性们，她们的困境与梦想，一场电影过后，谁真的在乎呢。,1
世上还有什么，比“亲手解除自己的封印”更酷？可以拉黑朋友圈那种“给我1个亿我也能”的人，因为他们不仅减不了肥，不会有1个亿，也对成事的条件到底是什么缺乏清楚的认知。他们只有一个骄狂又虚弱的自我。天下的1个亿多了去，谁应该平白给你？贾玲的“亿”是她自己凭本事挣的，不是大风刮来，你这么厉害，干嘛不去也随手挣一个呢？我觉得，这片子不是讲减肥，不是讲什么“底层小人物逆袭”，不是成功学鸡汤，也算不得真正意义的“女性觉醒电影”，甚至，它可能并不是单纯讲“赢一次”。它讲的是，如果你总是聚焦于“关系”，你会总是失望，总是虚空，总是输；如果你专注于“事情”，你就能找到支点，找到力量，找到自己，找到尊重，找到1个亿……你也许依然会输，但你也一定能赢。贾玲，respect 。,0
变瘦是本片里最不重要的情节。,0
我们应当习惯并且欣赏每一位强大的女性,0
此刻我们欢聚在这里，是为了庆祝一位优秀的女性导演，她再度战胜了自己，用真诚而振聋发聩的电影，在影坛上挥出最有生命力的一拳！,1
三流的影片，顶级的营销。笑点滥俗，泪点全无，通篇都是贾玲的自娱自乐自我陶醉自我感动。一人减肥，亿人买单，就把观众骗进影院这一点而言，这部影片是开创性的。,1
很多人说先不谈电影本身，电影不谈本身的话，谈什么？真够可笑的……,1
本来是想给四星的  但是看到好多恶意差评  决定给五星   只要不瞎 看过就知道这是一部好电影   承认别人优秀这么难么,1
改编上没有犯错误，拿了原版的核，在这个基础上又做出了本土化的新东西，贾玲的厉害之处，是她都拿自己下刀，不管是社会情绪的部分，还是变身拳击手的部分，她让这个故事变成了看一个女人学会爱自己，赢自己，让自己变得更好，更强大。不要奢望春节档的电影可以承载艺术电影的个性和作者表达，那就不是春节档了，事实也证明，春节档的观众不喜欢沉重的东西。它只是把表达置换成了情绪，贾玲变身拳击手就是一场来自血肉之躯打造的视觉奇观，是她为角色的付出，她的努力和真诚充满力量，她的改变带着符合当下时代价值观的正能量，像一场行为艺术，人戏合一。,0
"故事普通/俗套。但健身房老板和教练看了肯定特开心，目测年后办卡人数会激增。
拍摄手法都很常规，剪辑有一点小心思但不多。滥用背景音乐要扣不少分，也反映了情绪调动和人物塑造都比较差。
对贾玲我的感情还挺复杂。她的近两部作品都没有打动我，总让我感觉有自恋的气息。客观来说，一年掉50kg确实很了不起，她也将这作为最主要卖点。上一部宣发的重点是纪念妈妈、歌颂母爱。
中规中矩的春节档院线电影，加上这样的卖点至少是不愁票房的。但总拿自己作为重点，不免让我猜测是否自我意识过剩。希望下一部能用视听手法完成真正的电影，而不是MV连播；把故事讲得更有意思，而不是专注在将他人的故事移植和本土化。",1
后半段基本像是减肥vlog了 剧情其实没有多少 不太理解我为什么要去电影院花钱看别人减肥,1
"这一次终于不再是丧女孩被渣男骗完了洗心革面变瘦变美，然后挽着另一个高富帅出现在背叛他的前任面前以证明“是你瞎了眼”。
我想要变好，和男的没关系。

ps看到贾玲的身材我真的爆哭爆哭
健康 强壮 充满勇气 改变的勇气 重来的勇气 接受自己的勇气
“我对别人挺好的”“但总是被伤害”

最后乐莹上场那一段，镜子里的自己给她竖起大拇指：
她终于获得了自己的认可。
她想要得到的那份自己给自己的认可。

后来的乐莹说话还是轻轻的，瘦了以后身板也没有立刻挺直，还是有点驼背。但她又不一样了，她说，“看心情”。

女性视角和男性视角就是很不一样的。多一些女性导演吧！

也谢谢给我的鼓舞。改变，只需要一年。

谢谢你讲的那么好的故事，谢谢你关注那些不被看见的人不被看见的情绪。谢谢贾玲。",0
这电影幕后纪录片要比电影本身更有观赏价值。一个女人的野望比一个废物的觉醒更有意思。比较日本拳击题材电影，运动除了是改变自己、迎接挑战、为了赢一次这种口号外，他们还发现运动其实是用来逃避、遗忘、不面对人生困境的一种选择，运动把人纳入机械化的轨道，你不必多想，每次付出总有盈余，总归不会辜负自己。运动是安全屋，用来藏的。至于每个人不敢面对的核心困境是何物，就是一个好电影的二番了。很多中国电影都属于一番电影，人物的轨迹都是被策划好的，一点嚼头都没有，当一个所谓的目的达成，这个人物也就可以去死了。,1
如果是男导演瘦了一百斤，男主演打拳击，那些目前破防的人肯定吹上天，说女导演为减肥拍了一部电影的，确实没认真看电影，光看到女导演这三个字都已经口吐白沫了………贾玲不仅超越了之前的自己，也超越了大多数男导演，支持女性导演更支持中国女性导演作品！,1
"这部电影我能挑出它一百个缺点：不合时宜的配乐；不分平仄的剧情；不成熟的拍摄技法；不讨喜的翻拍……
但这并不影响它打动我，并且让我看到在女导演的电影里，女性角色呈现出了怎样的主体性与生命力。
是婚内出轨被轻飘飘揭过的乐丹；是插足情感被一笔带过的莉莉；是被允许怀有野心和事业抱负的豆豆；是对准性骚扰对象的摄影机；是那句“看心情吧”。
是不再审判女性道德，是把女性去符号化，是将真实的女性形象公之于众。她们并不完美，但她们独一无二。
对于影视作品里针对女性一以贯之的以弱为美、观赏痛苦的男性审美，贾玲打出了漂亮的一拳。",0
"能感受到贾玲在这部片子里倾注的心血，尤其是故事后半段被昊坤和乐莹的对话爽到了
“带你去吃牛蛙啊”“我不爱吃”
“看哪天合适”，“看心情”，她赢了！",0
你tm用减肥营销就算了，别用女性主义营销ok？不乐意看贾玲电影≠不支持女性导演，你啥时候能代表女性导演了？别拿女性主义绑架观众，否则一律一星😄,1
中国电影被这种只会靠剽窃敛财的九流导演占据市场，还有一众自我高潮的无脑跟班。一星都高。,1
中国电影的耻辱之作已经诞生了，它让中国电影继续沉沦下去。,1
你减肥不能找我们要钱啊…,0
改的都是什么啊 闺蜜劈腿男友 妹妹出轨生了个孩子 所以被赶回家 回来就要房子 男女主相遇 是看见男的随地大小便 然后不会关车灯  这时候不骂屎尿屁烂梗了？你要不要看看自己在改编点什么？还有雷佳音喝醉酒半推半就那一段 充斥着贾玲的容貌焦虑和身材焦虑 好像被睡了还占了便宜似的 过度乱煽情 以及贾玲小学生一样的导演技法 电影院里的两小时真的很折磨,1
其实完全可以做一部叫《贾玲减肥》的纪录片或者综艺，难为你们还买了日本的版权拍了部电影来敷衍观众。,1
好矫情的故事，女主角，小康家庭，父母疼爱，名下有套继承姥姥的学区房，在家里躺十年甚至还能继续躺下去，这么胖还有男朋友，有闺蜜，故事中女主所有遭受的挫折在我看来好矫情啊，首先，这个故事就很无聊，在我看来无法成为励志健身打拳的理由。其次，女主全程有气无力的语气颓丧的脸，健身都没带来一点活力，运动可以促进多巴胺的分泌。 多巴胺的分泌可以减轻疼痛感、增强快乐感和幸福感，从而改善身体的整体状态和心理健康。但是女主角你健身，我只看到了身材上的变化，一点没有感受到你的活力和精神气，你对人物的理解就是这个样子？演的好无聊。你说你要打拳，但是训练全程都是跑步打沙袋等练习，我没看到你跟别人实战训练，在拳击场上什么都不懂的样子，你凭什么说想要赢？作为观众根本感受不到，看到一半我朋友就在吐槽故事太矫情！！！,1
把一个普通废柴想努力一次的故事，改成了一个（家里蹲十年但本质是个）大善人被身边几乎所有人插刀自杀失败开始打拳的故事。贾玲减肥很成功，练得也真的很好。但这些都是电影本身以外的东西，告诫自己，做内容最忌讳自我感动。,1
感觉就是个大型MV……靠营销骗票房的烂片。,1
能把这部片捧得这么高才是值得我们深思的。,1
减肥确实厉害，但电影真的到不了3星，对女导演的支持也不应该通过打高分来体现,0
难看死了 太落后了 都2024年了观念还不更新一下🥹还是以瘦为美的理念 女性刻板印象 宣传这么不正多价值观到底谁在买单…,1
吹这个片好的影评up都被我取关了,1
利用人心的善，就是最大的恶。上一部也是。,1
中国电影的悲哀！！！低成本高营销，靠卖情怀赚钱。全片所有镜头、细节都是复制粘贴，演技更是糊到没边了，为了演出唯唯诺诺全靠夹子音，太TM恶心了。全片最大的卖点就是减肥100斤，我就问问中国14亿，给一亿谁做不到吧。诈骗电影典范！！！,1
不如直接改名《贾玲减肥自嗨记》观众更能买单，直接结束在登场那里还有点留白空间，原版剧本抄得稀碎，本土化极其失败，资本家想象的底层老板姓生活就是——1800房租掏不起敢报300块一节的私教课、虾做糊了带锅一起扔、脱产一年学拳击，牛蛙牛蛙！人物的丧、颓废更不用说了，在家啃老十年还大白天出门边吃边逛，这不是颓废，这是悠闲，学拳击动机也全然没有《百圆之恋》铺垫的这么多，你只是为了减肥，不是为了“赢一次”，女观众也别在这抱不平了，你看看人在影片里给那些女性角色树立了什么样的形象，但话又说回来，这故事逻辑稀烂、靠情绪强行拔高主旨，铺天盖地的营销，去年我好像见过一次，也不知道要是跟《满江红》凑一块，谁的魔法更胜一筹,1
没有爱情，没有温情，甚至没有激情，一点也不热辣滚烫。生活不是励志电影，好想赢不是为了证明我能行，而是为了证明我不是不行，正因为赢一次很难，所以那些想赢的时刻才珍贵，好想赢一次，但输了又怎样。看到最后幕后视频，我很佩服贾玲，总拿胖作为笑点的她，心里肯定也会在意，也想赢一次，这部电影是她的一次自我表达，没有比这更作者的作者电影了。多一星给贾玲。,0
"前八十分钟确实如坐针毡（但我看国内男导的片子只会更难熬），宁愿看贾玲跑步打拳两小时。对贾玲作品的观感一直很矛盾，下沉的营销，投机的创作，经不起女性视角推敲的剧本，所以我尝试用直觉提炼这部电影，就是我看完的那一刻，我想挥拳。好歹我感受到了力量，感受到一个女性看清奉献无用后在变得更强，直到结局也并未因任何人停下脚步。

贾玲的两部作品都太切身了，真诚有余，反倒绑架观众，希望她在执导商业片路上能早日跳出这个圈，这身肌肉应该更容易扛起摄像机了。（热评说男演员增重减重不营销的能别睁眼说瞎话吗，能被举出例子就说明男的营销钱没白花）",1
"为民众花三十亿看一个人实现了自我梦想而感动涕零，减一星。
本身值两星，贾玲的毅力一星，雷佳音的反衬一星。
但你们回头看看，这他妈是个故事吗？尤其，这是个一百二十多分钟的电影故事吗？别人一两场戏就能拍出来的刻骨的孤独与失败，你拍了一个半小时，励志的段落全靠音乐，镜头语言、这…有镜头语言吗？
加之互联网综艺式的宣发，简直灾难。
这里的灾难不是指这部电影的效果，而是整个电影界本身。",1
贾玲凭此片可以封神了 中女困境 贺岁片里唯一的女性导演作品 戏里戏外都需要女性付出比男性更多的努力 一旦突破自己 就可以无敌了 赢的不是结果 是完成整场比赛 最后没给渣男一拳真的算慈悲了,1
"鸡翅怎么做才好吃，分手怎么说才体面，房子怎么给才算理所应当，故事怎么编才能完美收场。生命究竟是场三万天的短途还是三万块的豪赌，人生是一锅咽不下的牛蛙又接着双手付出的苹果。
善意会在暴雨中送伞，却也总是在黑暗中漏电；爱情始于错位的起点，终究避不开异路的终结。
换上运动鞋未必是为了远行，缠上白绷带却已预备好流血。关不上的窗就让它投进初阳，扶得起的命绝不倒地投降，减下的重量不曾代表我已卸甲，浑身的疼痛才是勇敢者的奖赏。
我不是你该签下的那张空头账单，我是每个夜里照亮自己的漫天星光。",1
刚看完《飞驰人生》觉得还不错挺燃的，结果再看完《热辣滚烫》顿时对飞驰那套直男逆袭套路好厌烦。这次想把最大的敬意给贾玲。好久没有这么尊敬一位导演了。看贾玲漫长的训练和最后那场拳击赛，几次都觉得在看一个女人浓缩的一生。即使没有团队，没人看好，没有奖杯，她可以一个人拥抱自己走出逆境。贾玲让我惊叹一个女性的内心可以有多么强大。她是一位非常非常优秀的导演。她的真诚和关怀就是她的左拳，那足以对抗所有专业拳手。,1
中国电影之耻，豆瓣评分这么高也是豆瓣的耻辱,1
首先是想赢，不是想瘦。深刻感到女性的自我救赎应该是一场孤独的奋斗，没有爱人、没有家人也没有朋友，哪怕是同一个家庭的姐妹也不行——她也有自己的泥泞要挣扎。生活可能不会像电影那样设置极端，但其中的道理总是没变的，我们会遇到很多很多痛苦，别指望去依靠谁，训练自己的力量，靠自己，赢一次，或者向前奔跑,0
说是女性电影，女导演处处背刺女性，闺蜜背刺女主，闺蜜抢男友，说是不想当小三，妹妹婚内出轨，孩子还不是丈夫的，还有雷佳音喝醉酒半推半就那部分，演的仿佛被睡，还占了便宜似的；说是励志电影，那应该是一个饱受社会歧视的肥胖女性处于弱势，发现自我并寻找自我，最终实现自我价值的过程，结果没小人物的颓废，也没思想上的变化，整体情绪薄弱，励志镜头，更是没几分钟就瘦成一条闪电。营销减肥就更搞笑了，她的条件需要现在才减？大概是她胖时，作为喜剧演员会有亲和力，现在瘦了可以作为励志宣传。本来对她有好感，现在只觉得她真虚伪。,1
看完电影由衷的感叹一句：真好啊！李焕英你看到乐莹赢了一次了吗,0
现象级作品。我倒不觉得她是因为男人而奋进。而是觉得她是为了自己捧出去的真心被作践，一而再再而三，而难过。这是一个寻找自已、尊重自己的过程。,0
明明想要看的是一个饱受社会冷眼旁观肥胖者发现自我，寻找自我最终获得自我价值的励志电影，但整部电影过了一个多小时我没有看到女主有任何心理上情感上的变化，反而是一直含情脉脉得盯着男主角看，根本没有一点思想上的改变，然后莫名其妙的成了讽刺恶意剪辑的讽刺电影，好不容易来了组励志镜头，结果没几分钟就瘦成一条闪电，继续无聊注水的剧情。而且，这电影男凝味道十分严重，开头李雪琴那段，把出轨这种不可饶恕的罪恶以喜剧化的效果展现出来是何居心？总之勉强给两星吧，算演员的付出。最后肥胖不是原罪，健康才是追求！,1
最大的问题是贾玲始终高于乐莹,1
妈呀评论里好多菇子破防啊，就这一点不值五星？,1
不是女性导演或者女性主角的电影就叫“女性主义电影”好吗，很平庸的电影，无聊的笑点，无聊的剧情，无聊的镜头，这电影除了贾玲戏外减了100斤的精神一无所有,1
怎么能有还没看就恶心我一个月的电影？普通盖地的营销覆盖各大APP，有种被qj的不适感,1
如果是男导演拍这种题材绝对是屌丝逆袭的励志史，最后不仅名利双收还会抱的美人归。只有女性电影人才能传达如此不功利的信息，蜕变只为挑战自己一次，贾玲真的了不起！！！,1
我并没有领会，我只觉得打拳前的乐莹不快乐，打拳之后的也并没有很快乐,0
看完了可以好好反驳8u的骂点了。说和雷佳音的感情戏腻歪很娇妻的：对啊那时候乐莹就是娇妻啊，别人要一个苹果她给俩，背后帮忙给钱买名额，借钱也要给做健身餐，拿着水杯子在拳击台旁边看人家打拳。塑造的就是一个把自我寄托在别人身上的娇妻啊。雷佳音的角色本来就是一个无事谈梦想有事谈现实，被质疑就破防喝点酒输不起的一面就暴露的average男。不自己上台去发光，只愿意在台下鼓掌———我的泛娇妻定义。乐莹本来也不是那种言情剧里那种无错无辜女主，和雷的角色谈恋爱就是那个状态下的她会犯的错。 还有嫌弃乐莹的角色减肥后仍然没有气势的……一段蒙太奇后蜕变请移步90年代chick show，打出一次重拳就算赢，对应的是说出拒绝，拒绝停止比赛，拒绝雷的邀请。还有说女性角色负面的…拜托需要负面角色，难道把工作都给男演员？,0
烂梗老段子大杂烩，性别对就完了，某些人的精神A片,1
贵卿，我愿意称您一声黑道教母，台湾三个大魔头，都是您救回来的,1
通缉榜榜一大哥果然有点东西 把榜三都给忽悠瘸了,0
作为一个厌蠢症患者，我必须给那段屠杀场面封神。单就有这样拍的勇气而言，黄精甫就值得金马最佳导演。,1
但在年轻女性塑造上的一败涂地还是应该指出，并且以此来鞭策男性导演和编剧。,1
那個邪教歌我都要會唱了,0
跟这比起来，春节档全像小学生的作业😆,1
杀手下班听到灵修主题歌上楼返工，谁爽死了？我。,0
愿祖国早日统一  让宝岛影片共享春节档百亿市场！,0
陈桂林刀完尊者在走廊听到礼堂又传来歌声，被气笑的时候真演技炸裂。,0
所以到底为啥百香果不能送去探监,0
把王净这条线全部删掉，这部电影可以再上一个台阶。,1
王净的裸露究竟意欲何为，满足了谁？小美这个角色是否有存在的必要？李李仁的戏份到底是为了讲什么？一个没有什么建树的警察角色却又给他拍得眼神深邃究竟是在干嘛？邪教一段总算吸引人了一些，只是主角的人设在此段落又与先前割裂。看得些许恼怒，些许疲惫，些许困惑。中途目睹前排的大哥打开手机屏摄，倒是很希望阮经天冲着他的脑袋也来一枪。,1
灵修中心大开杀戒那场戏开年最佳，有刮骨疗毒功效，痛快！以及，这种尺度居然能上内地院线，牛哇。,0
怎么回事？我觉得最爽的不是杀通缉犯，是杀那些唱赞歌的。真的一杀一个爽。,1
结局的子弹应该卡一下呀！再卡一下呀！,0
真正的周处是陈贵卿吧,1
立意很好，但也不必动不动就用拯救良家妇女（虽然是顺便，但既然是顺便，就不要表现得两人动了感情）这种桥段。,0
"《周处除三害》的英文翻译是The Pig, the Snake, and the Pigeon，正好对应了佛教轮回中的“三毒”，贪嗔痴，猪代表痴念，意为不明事理，不分善恶是非，起诸邪行，这也正是陈桂林恶的映射，也以奶奶的小猪手表作为象征；蛇代表嗔念，对违逆的处境生出嗔恨，暴怒意气，正好对应了香港仔的残暴欺凌，在他的手上也留有蛇状的刺青；鸽子代表贪念，非得到否则兴起不甘，代表就是林禄和，表象温驯，实则贪婪，背上亦有鸽翅的纹身。在藏传佛教壁画中，蛇与鸽都是由猪的嘴中吐出生成，意为万生万物皆有痴的执念而导致分化，陈桂林以周处作比，射鸽杀蛇，既是以痴为恶始，也以放下执念为终，三毒是产生诸恶业的根本，当他死去的那一刻，众生轮回之苦，也随之消散。",0
好久没觉得在电影院观影是件这么幸福的事情了,0
电影7分，感觉上差口气，高潮一直上不去，好不容易上去了又不持久。后面很多对白和场景太多余，临结尾导演一股脑什么都想往里塞。阮经天10分，演技有层次又很放松，今年不拿金马我不服！,0
警察心想早知道就把他排到第五十名通缉犯好了。,0
年度必看华语片，憋笑憋出内伤！从调度到摄影，从打戏到表演，从尺度到笑点，各方面都给人惊喜的片子，无法用一个词准确来形容，和《关于我和鬼家人变成鬼的那件事》一样堪称年度“妖艳贱货”。影片借用“周处除三害”的典故，讲述一个杀手的末路人生，用杀戮去寻找人生存在的价值，最后却发现起点不过是个荒诞的谎言。没想到阮经天如此适合这个疯批角色，演技收放自如，打戏也拳拳到肉非常拼，和片子浑然天成，今年金马吴慷仁最有威胁的对手。,1
周处除三害终于干了我一直想干的事，把傻杯一枪一个终结了,1
恭喜台湾有了自己的陈思诚,1
依舊是慢鏡官能刺激加空洞文本，冗長無聊的打鬥、袁富華的誇張表演和王淨毫無意義的裸露和感情線都令人想翻白眼，只有邪教一段還算有點敘事可觀，但最後的爆頭無非又是賣弄趣味的殺戮遊戲，黃精甫果然從未變化和進步。,1
最后刮胡子的结尾实在是太直男意淫了，生生让小美落入了她妈的魔咒，因为被男人从另一个男人手里救出来而爱上了他……,1
就算没有肺癌，命也硬过战狼,1
阮经天演技天花板,1
你总不能因为院线难得撒点血浆就高潮给高分吧？？？一个充满男凝视角的周处，一场大男子英雄主义酣畅淋漓得自我意淫与满足。无亲无故，将死之人，走上孤胆“英雄”之路，顺手救赎小白花，小白花还真被感动到了，buff叠满。整片观感忽上忽下，时不时会溜号，邪教这段非常不错。王净，气质真的很特别，清纯无辜与狠戾之间切换自如，上目线钝感狗狗眼的攻击下，不要说男人，我也心动,1
陈桂林杀了修坏了他眉毛的香港仔，杀了剪坏了他头发的尊者，所以他是在整顿美容美发行业！,1
有的人在X光片上死了，有的人在空棺里活着。有的人在床头被皮带绑着，有的人在礼堂被心魔囚着。一块手表让浪子回头，半张黄纸让恶魔复活。一口黑水让凡人开悟，半首颂歌让贤者归西。关帝的茭杯算不准几人冥顽几人鼠窜，周处的枪口除不尽几人奸害几人无辜。天地不仁，我总要靠自己去缝上那件垫肩西装。,1
贵卿，你才是真正的周处,1
这片子能在3月初拿下这个评分纯粹是观众太久没吃到细糠了,1
"阮經天演技扛得住大銀幕，撐得起全片高光… 電影本質上是一部大男主，單看陳桂林如何處理疼痛/慾望/掙扎，如何“除二害”，動作場面拍得不錯，“先讓英雄救奶奶”也確實立住了男主討喜人設… 
但放到當下SNS語境，《堅如磐石》被批女性全員工具人，本片亦有類似的性別窠臼（當然可以說“黑幫片”內核就是展現雄性荷爾蒙，不應強求女性觀點）…王淨再次出演老大的女人（比《鬼家人》還要紙片人），片中既有女性軀體展現(男凝慾望)+口活和SM明示，對白更直言女性被男性拯救，自此心悅男主（潛藏觀點=女性依附男性而活） … 
劇情層面，編導有點貪心，第三幕塞太滿，少了些利落的爽感 (雖說圓滿除三害，但感覺太想點醒觀眾思考何謂好人壞人/罪有應得/以惡制惡…)… 
對於靈修(信仰)的嘲諷，聯想到同類題材的柯汶利導演《默殺》…",0
无论如何也要为陈桂林被棺材埋土里一晚上还能爬出来扣一星,1
其实整部片子我最喜欢的一场戏是陈桂林一开始吃盒饭，吃的那叫一个香，又带着一丝黑色幽默的味道，中间一边开车一边吃面包、结尾吃断头饭，看着也都挺带劲的……阮经天真的不考虑去做吃播吗？,0
台湾吃太好了……,1
一大早就要开会的都不是什么正经营生。,0
4.25關於我和鬼之後最好的台灣類型片，有一半要歸功於香港導演黃精甫，這次的創作先是借用了周處除三害的典故，讓主角自首之前親自剷除其他兩位與他榜上齊名的台灣通緝要犯，再來本片的英文片名致敬了黃昏三鏢客的英文片名，與三鏢客一樣片中皆有三個人，最後只有一人活到最後。不過本片的英文片名設計除了致敬三鏢客外，同時也暗示著佛教代表的三毒，豬代表著愚癡、蛇代表著憎恨、鴿子代表著貪慾，三毒意象各自對應到了阮經天、袁富華、陳以文所代表的角色。剷除神棍的大屠殺場面堪稱年度最佳，爽度堪比今年的捍衛任務4，想起了昆汀的惡棍特工和馬修范恩的金牌特務教堂大屠殺，黑色幽默一絕，同時這場戲也隱含著高級的政治隱喻。阮經天今年大回歸的一年，前有《查無此心》後有這部，台灣類型片未來如能持續朝這方向走，相信能持續拉近觀眾的距離。,0
为了疗养院这段醋，包了一个多小时乏味的动作类型片的饺子。拖沓结尾和楚楚可怜的女性线在B级片框架下都显得非常多余，但愿导演以后能更加放得开手脚，更疯一点会更好看。,1
想问问导演们，不放一个小白花一样的女孩角色是不是就不能拍电影了，一定要有能不能像美国人一样放一个胸大的。,1
以暴制暴，详解邪教。这片能过审，是广电局的进步吧，希望再接再厉,1
"原來「周初除三害」是《世說新語》的一個典故，非常準確地用在了陳桂林的故事上。得知自己命不久矣，決定乾掉比自己還惡的人罪後再自首，最後世人所記住的就只有「陳桂林」。
陳桂林進入復仇的「遊戲」後，前半部分是黑幫片，偵探般找到香港仔，伏擊、觀察、追逐、廝殺，血漿四射，緊張擔心，動作設計非常棒，爽就完事兒了。後半部分是邪典片，先讓觀眾緩衝一下剛剛結束的血腥暴力，來到一個神秘有聖潔的「殿堂」，原本在詭譎不安之中，漸漸得到舒心，直到剛要擁有安全感的時候，再瞬間撕開這間潔白下的污糟，撕開尊者的偽裝，再用酣暢淋灕又帶有諷刺喜感的瘋殺，結束了這場荒誕之旅。最後回歸本心，一切真相大白，是善意的謊言拯救了惡，還是內心的善不會泯滅，值得去思考，實在尤為深刻，是一部優秀的類型電影，阮經天這次的表演也達到了影帝級別。",0
非常台湾。你也不知道哪里有差，但感觉到了巨大的关于对世界看法的差异。,0
台湾电影已经疯了，王净你接本不看角色的吗，这种角色我也能吐一地黑水,1
程小美那条线有点令人不适…完全不会反抗的软弱的女性等待男性拯救，为什么这么多导演好像不拍这个就无法推动剧情了？还有陈桂林的命真的好硬，钉死的棺材带着伤都能破土而出…,1
"像是彭浩翔拍了一部拉斯冯提尔，荒诞与冷酷并存，在国内大银幕看到这种尺度的动作戏还是挺惊喜的，尤其是第一次看银幕上的王净。灵修院大屠杀也足以成为年度名场面，一点不亚于A24那些恐怖片带来的冲击。另外这歌也未免太洗脑了，看完满脑子都是""生命这样的旅程""单曲循环。期待阮经天开枪的镜头放在每一场电影的映前，倒数几个数再不把手机收起来就嘣了你，哪怕你是唱歌的有很多粉丝也没用。",0
金马奖就这水平？结构松散，动机不足，唯一可圈可点的阮经天的几场戏。一个“恶人还须恶人磨”的故事，却故弄玄虚的套用“周处除三害”的寓言，向上没触及到关圣帝君所代表的民间式的正义裁决，及其行为背后的内心道德与自我救赎；向下又不及《我唾弃你的坟墓》《守法公民》《疾速追杀》那种仇杀类型片的快感释放，只是涂了层血浆的皮囊。而《周处除三害》的评分走高，全然暴露了院线观众对于“罪与血”的极度敏感，就好比长年累月没粘过荤腥的人，突然吃了顿711的预制肉酱面一样，香确实香，但香的廉价。,1
全片像那个先被酒瓶砸，之后被戳死的男配角一样空虚……,1
内地院线居然上映了正宗的黑帮、犯罪、宗教性、人恶性生猛台片，阮经天一枪扫射出一个新元年。,1
对待邪教的态度就是全部枪毙。,0
情緒做得非常飽滿，大爽片，很久沒看到後半段嗑/嗨了的片子，桂林仔幹他丫的！煽情部分我聽到旁邊有觀眾哭耶，但感覺爽度做得比煽情的情緒好！,1
映前见到王净好开心/在犹豫给三星还是四星中间最终选择了三星。其实故事和隐喻我总体喜欢，因为觉得新奇，也特别好这口台式无厘头。然而王净的角色和镜头确实是令我不适的，而且细思并不觉得有必要。虽然对比其他黑帮片确实有所长，最终的拯救者是“母”的形象，但在年轻女性塑造上的一败涂地还是应该指出，并且以此来鞭策男性导演和编剧。,1
大型捂嘴文学，鞋胶不让说,1
至多三分啦，豆瓣什么时候给分那么慷慨了？这部都8.4，《阳光普照》不得23.6？,1
"这电影要是以前香港拍，第二段应该是主角进入内部捣毁黑社会组织，枪林弹雨中孤胆杀出一条血路，最后警察到时也已经身中数弹，说出想说的话后，死掉。
要是韩国拍，应该是警察、黑道双男主，两人对峙又惺惺相惜，警察都是刻意放走黑道，黑道对警察也手下留情，最后黑道也没有被抓住，而是逃去了朝鲜。在一个特别的场合又相遇了，两人隔着人群相望，黑道掏出警察送他的剃须刀，警察抬起手腕，一直戴着黑道的塑料表，两人隔着人潮相望，笑着湿了眼眶……
要是内地拍，最后男主亮出身份：其实他是一名卧底警察，一切都早在我警方掌控之中，留着只是为了钓更大的鱼，好一网打尽！
但这电影是台湾拍的，于是就呈现出荒诞与现实的交织，批判与戏谑共行，又可看又深刻，又有趣又悲伤，又狠厉又温情，又邪典又正经，又商业又文艺……太好看了，都去给我看！",1
这个尊者是我认为最恐怖的反派，因为他是真实世界人类能做到的极恶。,0
一次体检引发的血案，“一片剿三匪”，将近一半时间只值3星。但邪教部分好感度飙升，将人物动机的基准细节反转再反转，又能对角色心理变化进行总结和最终提炼，镜头语言再一次大胜利证明了电影作为一门艺术存在的价值，用镜头说话而非台词。既给到了一个恶人救赎与高光，也没有完全洗白有罪之人。结尾的大龙凤堪称近年华语电影最爽最大胆的杀戮片段。,1
如果豆瓣能打负分的话……看完想让导演赔我精神损失费,1
扣一分给美女跟老登玩sm，这种戏拍出来的意义是什么，是为了满足谁，没人想看啊啊啊完全是男性凝视。。。。。,1
大屠殺我的年度封神場面，完美踩中嗨點。最近在電影院被氣堵的乳腺終於通了，爽到，謝謝,1
礼堂那场戏难道不是普通人的梦想？天下那么多你无能为力的不公与邪恶，还有愚蠢的人，此刻你可以随意的处置。,0
"3.5；离开院线两个月后终于眼前一亮，好一部超乎我想象的电影——倒不是说题材有多新，视听有多棒，而是能在内地院线看到这么一部大大方方暴力屠戮的影片，简直是惊喜，没有刻意拔高，没有九曲十八弯地总结归纳，没有强违逻辑地制造反转，干脆利落，一枪命中，招招见血，拳拳到肉；大肆赞美灵修院狂杀，简直梦回《双瞳》高潮段落，以为是结局了，返回去，歌声依旧远比漫天鲜血更可怕，所谓追求生命意义终究是荒谬的，世俗认为屈服于欲望和利益之荼毒皆不如放弃自我去拥抱沉沦来得更可怕，这才是真正的恐怖，而这恐怖要由一个从地狱爬回来的现代周处去终结，不得不说是挑衅的、大胆的甚至是可供解读的。
动作戏场面拍得可圈可点，长镜跟拍节奏掌控不错；两段略割裂，导致警官部分圆回来有点多余；女性角色和煽情结尾还可处理得更好。",0
现在欣赏能力都这么低了吗？不明白这电影有什么值得被吹捧的地方。爽片年年有，这连爽片都算不上，一点也不邪典。剧情磕磕巴巴，有种缝合的不连贯感。主要人物的行为逻辑都缺乏支撑，反正莫名其妙微笑升格就完事了。阮经天确实还不错啦，但整体就是一坨莫名其妙的傀儡戏。改成舞台剧可能会好一点，可以往等待戈多那种荒诞意识流上凑，但作为电影来讲故事性太差，完全不能自圆其说，纯粹的花架子，我只能给到两星。,1
邪教部分不错,0
男频两大极致梦想：逼良为娼和救风尘。,1
感觉整部电影最幸运的就是榜四的罪犯，现在你是榜一啦！,1
李李仁这回那么帅，可惜后面没给他戏。最后灵修道场的枪击案，绝对压得住场子，竟然在华语片里看到这么邪典气质的场景，打分必须往上提一提。虽然导演和摄影只是行活的水平，但这个剧本写得好，猪、蛇和鸽子象征的贪嗔痴概念在人设和故事上都执行的简洁明了，框架扎实。平时看类型片就是看故事，看工业化的视觉效果或动作设计，这片子在这些方面都很优秀，跟那些偶尔出圈的韩国动作片的水准差不多，搁在大陆电影院里，就是非常罕见的存在了，开年竟然有这种暴力爽片。其实这种剧本更适合风格化的导演，希望朴赞郁那样的导演能买去翻拍个韩国版。,0
英雄化一个杀人只是为了争通缉令头榜的人，太阳刚了，我不理解。小美的角色设定真是恶心到家了，白莲花女性被凌辱被拯救然后抚慰男主心灵这种直男意淫求以后再也看不到。,1
小美就应该把阮经天嘎了。。。男宝赢麻了,1
"查了下英文名“The Pig, the Snake, and the Pigeon”的意思——用猪、蛇、鸽代表佛家所说的“三毒”贪嗔痴。官方版本应当是猪、蛇和鸡。猪是一种被迷惑的动物，吃东西时什么都不考虑，只顾吃。陈桂林是这只猪，用小猪手表来代表；蛇是毒性动物，用毒液叮咬敌人。意味着报复和愤怒。香港仔是这条蛇，手臂上有蛇纹身图案；公鸡是虚荣的动物，喜欢炫耀自己，还认为自己各方面都有德行，代表了错觉。片中用鸽子代替，符合林禄和道貌岸然的尊者身份，视觉意象是一袭白衣神性色彩以及地下室的黑乌鸦图案，也代表了这种表里不一的错觉。这三只动物互相撕咬，用的是衔尾蛇概念做的延伸，这样它们就连在一起的环形食物链。这种延续创造了业，随之而来的是因贪、嗔、痴而产生的快乐与痛苦的果报，只有佛能够消灭烦恼。",0
这部片子能有8分，看得出来大家是真饿了,1
最后一幕才知道谁才是周处,0
动作戏干净利落，灵修班那场群戏难得地拍出了命运感，总让人想起《双瞳》里那一场道观里的杀戮。感觉导演拍这个故事的目的就是为了拍那一场戏，其他的都是为了铺垫而已。当然明白为什么大家在院线看到这部电影这么激动，但是这种激动让人感觉真是悲凉。它怎么样？挺好，但它太简单了，动机的设计简单，叙事的目的简单，角色设计也简单，一切都像是为了展现一场酣畅淋漓的杀戮而必须营造出的一系列进展而已。这是属于大人的电影，算是意外闯入，希望我们不只能吃到宝宝餐，也能吃到些需要咀嚼的东西。能吃到正常食物的时候多了，大家也就会讨论食物本身，而不只是因为摆盘或者类似的食物以外的原因而赞叹或慨叹。,0
一个正常的故事，正常的演技，正常的结局，我们却因为能上映欢呼雀跃。,1
"黄精甫是一个“变态”又纯粹的导演，他迷恋极端人格，但骨子里又很中二。《江湖》里，为对方一句“你是唯一能杀我的人”，这人就感动了，还就不杀了；《复仇者之死》里，为报女友被警察轮奸的仇，男人不仅杀警察，还把他们的妻子剖腹，把未发育完全的婴儿扔进海里。但影片最后要问的是，这样出于正义的极端复仇行为，真的道德吗？到《周处除三害》，主人公为了一个执念，要杀死通缉榜里排在他前面的两大恶人，但在追杀过程中，有了转变。背后是在表达一种道德激情，是在真正的恶面前，一个恶人也被激发了骨子里的善。他最后还是相信人是善的，虽有罪，但仍可被救赎。

这片子比春节档所有电影都有意思。它是用一种极端的夸张的方式进入到真实的人的处境里，不像那些电影，都是在假装正经地讲一个假么三招的伪现实。",1
强烈建议陈桂林顺便把电影院全程说话，手机不静音的害给除了,1
…这片吹成这样 只能说观众被内地片屠害多年 是真的饿了,1
内地公映版没有之前传说的那么炸裂，就是一部正常的动作犯罪片。考虑到各种可能的删减因素，4星没问题，但到不了5星那么夸张啊……尤其是本片结尾，一直没能找到那个足够有力度的结束，而是反反复复已经陷入导演自恋了，着实可惜。,0
“地震海啸，一次死几十万人，你们会恨天，恨地么。我们不过是杀了几个人而已，是吧？”听到这里我都忍不住“扑哧”笑了，果然坏人从不内耗，我永远都没错，我要值得享受人生。,1
就是觉得男的真的好好命哦 杀人犯都能拍出英雄片的感觉,1
香港仔：“给我一个理由……”陈桂林用枪指指自己的头发：我就是卷。,0
完全就是为了教堂那叠醋包了这盘饺子,1
黄精甫挺厉害，50岁了还在拍这么青少年的电影。看完很想请教他保持心态年轻的秘诀是什么？阮经天确实贡献了影帝级的表演，感觉只有他在认真演，剩下的人只是在完成任务。,1
杀人公路片，每个人都杀得认真而笨拙，算是很独特的暴力美学。林碌和的部分有点过分精彩了，影响整体观感，不过没关系，这片子割裂的地方太多了。阮经天的邪恶与纯真完美交融，在我的老公榜跃升了好几十个名次！,1
邪教的戏确实出人意料，但我现在欣赏不了昆汀式的伪装成正义的大屠杀了。被邪教洗脑的人难道就死有余辜？这个桥段如此受欢迎或许也可证明社会的压力已临近爆点，无差别攻击事件将会越来越多。,1
就不能单拍灵修屠杀那部分吗，我给十星，简直有如神迹，影史留名，秒杀各类恐怖邪典，台湾也算是真正硬气一回,1
小美是必须要叫小美吗？就不能稍微动个脑子取个好听一点的名字吗，浴室帘子没必要拉开，典故名字不需要靠主角告诉观众；阮经天突破了我以前对他的印象 挺喜欢的；妈妈看完后出来说 这个小美的出现也只是顺带 那么我请问 有必要安排三场有明显侮辱她又令人紧张的性侵犯的镜头吗,1
观感非常不错，甚至想不起来上次在影院里看到这样一部有后劲、很痛快、尺度大的华语犯罪片是什么时候了。一个罪犯，以为自己生命将尽，想要“干票大的”，在扫清社会上其他“贪嗔痴”的过程中，也放下了自己内心的“贪嗔痴”。英文名“猪、蛇、鸽子”也刚好对应陈桂林、香港仔、尊者三个人。整个故事是很类型化的，也没有太多意料之外的情节走向，但是创作技法上又有很多反类型的设计，非常能沉得住气，去念台词，去给演员特写，去把情绪烘托到那个点上，所以整体看下来非常流畅，130多分钟的时长也不觉得冗长。当然小美那场戏很多男凝的段落还是稍微有点让人扶额，但整体依旧是很瑕不掩瑜的作品，洪昰颢的动作戏也非常过瘾。我很喜欢陈跟小美在海边那场戏，两个人互问对方“为什么”，试图在荒诞的人生里找到一点理由。最后，阮经天终于又帅回来了！,0
"大陆观众真的也太好满足了吧…
要是昆汀无删减上院线 你们是不是会疯掉啊？？？",1
小美的裸露戏看得非常不舒服，这个角色没必要出现，或者以这种不断被拯救，重复她妈妈命运的角色出现，更像是男导演的英雄主义意淫。,0
特意赶在29号看了，看的过程确实很爽，剧本很扎实，结构节奏又稳又疯，重场戏也很有记忆点，阮经天应该玩儿疯啦，谁不想演这种角色啊！可是！这个角色的动机真的很难细想啊！为什么最后的落点还是“我要出名”啊！这有什么好共情的！？女性角色依然一言难尽，王净可怜巴巴裸着等阮经天回来给她盖毯子我真的……不要这样写女人了谢谢！,1
导演再把镜头对准被害女孩的裸体试试呢？下次对准自己的肛门哈,1
如果仅拍邪教那部分的话，可以给四星或四星半，真的太恐怖了。但香港仔那部分又太老套，这都什么时代了，还搞这种英雄救美，以身相许的情节，而且王净好好选角色吧，别总演被人拯救的角色，鬼家人里面的角色明明已经往前走一大步了，怎么这部里又退了呢…,0
看完拉倒的韩式大爽片。如果换作大陆题材，主角换朱一龙，杀戮对象换成人贩子之类，票房铁定30亿+。,1
想塑造一个现代厄洛斯忒拉特式人物，但是底子还是陈旧的个人英雄主义和幼稚无脑的神话叙事，还贯穿着一种油腻低智的冷幽默，最后的反转也是荒谬且毫无必要。好像一个满嘴黄腔还觉得自己可了不起的腩。而且整个团队都让人感到绝望，从剧作到摄影到剪辑到美术到动作指导都很业余，甚至被吹的演技也让人尴尬到脚趾抠地，当然演技的尴尬也跟剧情的悬浮是脱不开干系的。这样的片子还能有这么高的分，这么多的提名，甚至动作指导还获了奖，太荒谬了。,1
老登叙事传递老登价值观，绕过老登审查点燃老登激情,1
看到三分之一就想走人，情节真的很无聊而且完全没有逻辑。开始警察和匪徒打架，有枪不用，就干打，最后掏枪为了让对方拿走。跟香港仔从屋里跑出来就直接弄到野地里了，门口俩小弟好像那个瞎子，一直盯着招牌但是看不见出来人，香港仔好像也不会说话不能喊一声。钉在棺材里还被插了一刀又被埋在地上一晚上还能破土而出。完全没有逻辑好像那个玄幻片。本来看见警花我还蛮惊喜结果她在电影里真的没啥用。最后给男主刮胡子算是完成之前那次勉强算理解，但是男主的眼泪又是为了啥？而且陈灰干嘛对男主那么好？他俩之前有啥没写的故事线？电影里看来只是他俩打了两次，抢了他的枪还戳瞎他一只眼。如果是因为剧情剪辑导致的不连贯，那我估计至少得再多2个小时才能圆满这些问题。,1
智商受到了侮辱,1
麻了，看完甚至找不到任何一个能让我打两星慰问奖的理由，到底谁在吹啊。。行为逻辑为0，节奏稀烂,1
没吃过肉吗，故弄玄虚，又臭又长，连打戏都啰里八嗦，女性角色没一个正常人，浪费我时间，诈骗,1
3.5以暴制暴的故事值得鼓励，但拍法并没有很暴力，甚至还挺文艺，慢慢悠悠就把人杀了，灵修所一场戏蛮好，结尾戏没必要，有点“戏捧人”，阮经天还是太纯良了，没什么邪性和狠劲，一点不像个亡命徒。阮出场时后排一观众说“明道，好久没见了”，确实好久没见了。,0
真正的周处：贵卿,0
故事的内核太轻太薄，为爽而爽。周处自知为“周处”，临终前想除三害致敬偶像，动机实在不足，让“周处”自己说出“周处除三害”的典故，也未免太过匠气。第一段拯救少女的戏份着实老套，被拯救后的女孩海边穿白裙讲述被“玩弄”的故事，满足导演虚无的英雄主义；第二段打击邪教的戏份是最可看的，张力十足，幸好看到点映，唯一解释不通的地方是身负刀伤进棺材，都被埋下去了怎么还能爬出来……主角光环开太大了。台湾二线电影，远没有吹得那么神，比钟孟宏差太多，金马不给奖是有理由的。,0
从猛虎爪下救出少女，少女却不知何谓自由。在蛟龙窟中劝返信徒，信徒宁死也盲从迷信。尊者口言放下贪嗔痴，但不放下真金火炼。信徒抛开世俗物质，却抛不开自我催眠。子弹卡壳的奇迹近在眼前，自欺欺人的鞋胶更加捷径。每个人都在自恋、意淫和幻想中，渴望救赎重获新生，再造新的自我。然而路径和真相，比凶猛的虎，狡猾的龙，还要更胜一筹。哪怕是除三害的周处，也无法逃避如此命运。,1
暴力的场景我几乎都是捂着眼睛跳开不看的，太疼了！让我起鸡皮疙瘩的是枪杀信徒的场景，那可能是大陆上映的院线电影中绝无仅有的一次了吧！阮经天的邪魅气质太好了。,0
看到：“内地居然播”我以为尺度多大 ！为什么不能播？尺度在哪里？哪里需要不能播？,1
你们大陆影迷真的饿很久诶,1
阮经天是帅的，电影是荒谬的，少女感情线是大可不必的。,0
原来贵卿才是那个身患绝症又除掉三害的人,0
"三把刀，一把杀身刮眉，一把夺神斩发，而只有真正为你的那把剃刀，才会为你剃须，一次不尽再剃一回。
从这个角度理解电影，也能为这个现代版的周处除三害故事予以某种特殊的注脚。
当然电影未能探到更高层次的门槛，后半的邪教让我想到了《仲夏夜惊魂》，有点意思但也还流于表面地差点意思，总体结构有所规划，但执行时仍有部分拖沓之感。",0
"非常邪门。不仅指这部电影，还指某些台湾男演员：在台湾拍戏，突破演技，提名影帝；在大陆演戏，形成一些笑话。
以陈以文为头子的邪教组织，已经超越了《仲夏夜惊魂》在我心中的位置。
我刷过无数东亚邪教的讲解，这部片把它们具象化了。
去电影院看，不要看流媒体。在大陆院线看完整的邪教逻辑，太震撼了。",1
与影片中男性角色的善恶分明不同，女性角色几乎呈现出一种集体的道德模糊，她们没有是非观念、没有善恶追求甚至几乎没有自我，宛如一个个被精心放置的玩偶，在影片中承担抓取眼球、尺度拔高、恋与母爱以及男性附庸的作用，她们没有独立的智商，只是任人摆弄的瓷娃娃。,1
能引进这样的片子说明中国电影市场还有救。,1
陈灰和陈桂林凭什么惺惺相惜？,0
动机不明（所有人）,1
不完美，但很强悍。陈桂林第一案的追逐战中，他俨然是一位恣意的少年，甫一开篇，人设就立住了。到最后他被捕，仍然是那一笑，阳光之下处处有罪恶，肉体新生，灵魂熄灭，到了夜晚，云开雾散，风也停了，天空一片晴朗，众星熠熠闪耀。人生也是这样。单场都拍得很好，拜关帝，看见通缉单，把人和物件的交流戏都拍得很好，这部戏的分镜是做得很有思路的。然后就是犯案的类型，和对话的类型风格的区别，调色和摄影都不是一套模版用到底的做法。有些文戏没有去到更深刻的地方，结尾也没落对地方，尽管如此也架不住这样一个人物的魅力。阮经天的表演不算突出，角色给了他很大的空间，完成得有好也有不好，有些段落不太松弛，反而令陈桂林的人物状态显得表面，他笑也很多，这得益于开篇将那种意气风发处理得很好，只是有些反应过于笼统。,0
灵修中心那部分很像话剧，愚昧的确比邪恶更加可怕，后半部也将整部电影升华，杀香港仔以见天地，杀尊者与信徒以见众生，从容赴死以见自己。,0
【2.5】怎么对岸也还在演这种又蠢又自恋的男频桥段，一度味道冲得头大。动作戏的清晰度也可以再提高，只剩下局部能看到巧思，瑜不掩瑕的片。w/c,1
爱情戏蛮尴尬的，小美这个人物有必要吗？被戳瞎了眼睛的警察到底在宠溺什么啊……,0
《阿凡达2》：从张家界到马尔代夫,0
第一个小时：我们来讲讲《阿凡达2》的故事；第二个小时：给你们看看我的新技术；第三个小时：我曾经拍过一部片叫《泰坦尼克号》…,1
怎么潘多拉星还有美式霸凌 哈哈哈哈,1
提心吊胆地来看这等了十三年的《阿凡达2》，要是阳了就变成真正的电影发烧友了。,0
跟我看第二部的那个人和第一部的是同一个人,0
在不稳定环境里，每少生一个小孩，就少一个人质。,1
图鲲的镜头出现就情绪就忍不住了，什么叫大道至简，就是用最顶级的特效做到看着没有特效，用最俗套的家庭故事让你看的泪流满面，用最浅显的对照告诉你什么是人与自然。天神下凡，期待续集,1
为大银幕而生的视听享受，海洋特效杀疯了。卡梅隆的环保主义无处不在，包括将1的所有角色回收再利用。剧情没什么特别的，摆明了是给3铺路，最意外的是观感超像武侠片，把杨康杨过（上校父子）、郭靖黄蓉（萨利公婆）的设定代入竟然毫不违和...,1
此起彼伏的咳嗽声可比电影刺激多了！！！,1
从开头到最后大战刚开始都很好，大战后半段满脑子都在想一开始的队友怎么都莫名消失了，怎么都不来帮个忙啊,0
"蜘蛛猜测琪莉的父亲是第一部的诺姆，我觉得可能性更大的是纳美人的神，爱娃。
《阿凡达1》杰克将格蕾丝连接到灵魂树后，爱娃让格蕾丝怀上了琪莉，格蕾丝和爱娃都是琪莉的母亲。
琪莉是爱娃的女儿，就解释了她为什么这么特殊，为什么她和潘多拉星球有着强烈的联系，并且可以控制星球上的动物。
她还说她能感受到爱娃，爱娃是她的一部分。
耶稣是圣母玛利亚的儿子，爱娃相当于圣母玛利亚，琪莉就相当于耶稣，未来她可能会因为纳美人或地球人的罪牺牲自己，然后再次和爱娃合而为一，就像格蕾丝那样。
《阿凡达2》最可怕的是人类可以克隆自己，克隆体有本体的全部记忆，相当于实现了永生。
死亡是避免贫富差距不断扩大的终极防护措施，现在这个终极防护措施不存在了，有钱人可以永生，财富可以无限制地增长，成为类似于“神”的存在，而穷人都是他的奴隶。",0
我的膀胱里积满了从剧本中拧出来的水,1
《阿凡达2：少生优生，幸福一生》,1
"讲真，我不明白为何很多人喷阿凡达2是个家庭片。家人是永恒的主题，亲子关系是每个人都应该学习的。
中国很多父母是不合格的，很多家庭关系也是剑拔弩张的。中国的父母大部分是无知的，上世纪50、60年代的父母大部分也没有接受过良好的教育，自己也是被稀里糊涂拉扯大的，所以他们属于爱无能。
你可以喷阿凡达拍的不好看，但你喷阿凡达讲述了家庭的故事就很无理了。没有一个个健康的小家庭，这个世界毁灭了也无所谓。很多中国人接受的教育太沉迷于宏大叙事，却无视个人的成长和小世界，看不上家庭琐事。中国人的语境是大禹治水三过家门而不入。看似胸怀大爱，但这样的宣传叙事是毫无人性的。
家人是每个人的软肋，也是每个人的铠甲。",1
三星半，技术上还是强，但视觉上的震撼一定不如第一部，这是观感的问题，因为第一部是从无到有，第二部是从有到更好，震撼度还是会减弱的。好处是，这一部真的不会在意3D这件事了，会更熟悉这个视觉世界，并专著于剧情本身。只可惜，这剧情实在是有点太拖沓了，真的是每部分都可以大删大减，但估计卡梅隆自己也舍不得吧，结果就是，越看越累。就像那个小纳美人图克说的似的，我怎么又被绑了？是啊，怎么又被绑了，反反复复，一直被绑。这桥段都用重复了。,0
可以说是沉浸式体验！影院的空气里都是COVID-19，我也一直在憋气。,1
上一部砍树，这一部炸鱼。,0
都准备星际殖民了，能不能把直升机驾驶舱玻璃换成防弹的啊！！！！！尼玛，一箭一个。。。。。。,1
卡梅隆太坏了，时不时吓一吓观众，完全是那种没必要的惊吓，像是给走神的观众叫魂。,0
看完心凉了…和米国在电影上可能要差一两百年的水平了😭😭😭前几天看被吹爆的三体，那人讲话都不利索，再看看阿凡达怎么那么牛逼😭😭,1
迪斯尼可以上线新的游乐项目了。,1
下部再也不想看《他的软肋其实是他儿子》了，想看《潘多拉之神奇动物在哪里》《潘多拉脉动》《图鲲日记/图鲲王朝/迁徙的图鲲/图鲲之碧海蓝天》。,1
真的觉得特效上的巨人，剧情上的矮子。高帧率和3D感无疑是区别于其他片制作的高水准呈现，但是不论特效画面多好看，震撼也就是十几分钟的事，剩下三小时看着如此降智的剧情真的是如坐针毡。从人物塑造，剧情结构，世界观塑造，大决战方面全都不如上一部，再加上如此高的票价，如果体验工业进步可以去试试，真正看电影的建议别碰。,1
电影饥渴果然不能只靠一部电影来解决，或者说只有特效的电影本来也解决不了真正的电影饥渴吧,1
地狱般的观影体验一边惊叹一边恶心一边崩溃，这套核心家庭的烂调唱得没完没了了，制作和剧情可谓一种鲜花插在牛粪上，感觉像一部斥巨资拍摄的核心家庭&多生多育的宣传广告片，剧情唯一可取点是对人类在自然面前的自大的嘲讽。人物塑造一塌糊涂，不知道从何骂起。另外别说什么血缘亲缘的了，核心家庭和亲缘这两个不同的概念经常被混淆就是文化殖民遗产，想象个外星还是一父一母小单位family stay together拜托真的不要这么无聊,1
不要靠近人类，会变得不幸。,1
3.5，当好莱坞编剧不知道干什么时，就会扭头制造“父子问题”。被大大小小的身份认同搞得疲惫不堪，血缘、部落、家庭…天知道我更愿意看成为阿凡达的上校的自我身份危机，可惜卡梅隆不愿搭理恼人的哲学，它在对白里一闪而过，然后被掐灭了。睽违数年，这部救市片不再带来新的东西，纵然有五光十色的视觉，这个腐朽的造梦世界也已失去魔力，我们都知道，它如此容易被自我“超越”。奇观使影像和观众的距离更远，阿凡达不再是关于新生和选择的叙事，而是保守主义的赞美诗。去掉它的蓝色外皮：一个中年男人遭遇事业变故，带着全家老小从头干起，内外交困。和朋友说，我早就知道这家伙会死，因为这个角色没有个人（成长）戏份，就像这个ip一样。,1
同一个沉船，同一个杰克，同一个卡梅隆。,0
特效不足以掩盖是屎一般的剧情，美式家庭的烂俗人物设定看的人犯困，不服管教的闯祸精老二果然活到了最后，听从命令的工具人老大果然牺牲掉了，三妹神神叨叨，四妹不管跟到那里反正没事；主角跟个软蛋一样说要保护深林部落，结果离开了去霍霍海洋部落，果然不是一个部落就不管对方死活，结果从人类的战力表现来看，主角需要逃个鬼，个个跟超人一样，子弹永远拐弯，别说人，鸟也打不中，弓箭一射一个准，完全可以杀到人类基地，原始部落虐杀机械部队才是导演要表现的主题吧；做无法理解的bug，最后大战，打到一半全村人集体掉线，变成了主角和反派的1v1，最后两人还一个不死，票价这么贵看到最后发现是个儿童片，简直诈骗。,1
印象最深的是围猎图鲲妈妈那个场景，好痛😣😣😣😣,0
"阿凡达2剧本崩坏到已经无法挽救的程度，连杰克的女儿都吐槽“为什么我又被捉了”，真的，十年磨一剑就这水平这质量，还不如去晚上磨个枪。

都说阿凡达2的主题是家庭主题，但我却是皱着眉头看完的，他们一家子对从小养在身边的人类小蜘蛛弃如敝履，简直叹为观止。小蜘蛛被抓的时候，杰克第一时间没想去营救，而是担心会被出卖，他老婆更现实了，直接要用蜘蛛的命换儿子……这个故事更通俗来说，就是“外地人刚变成新上海人，就开始排外”的故事，可怜小蜘蛛还一直热屁股贴冷脸[怒]。

三个多小时的电影，完全可以压缩在一小时以内，莫名其妙的故事推进，匪夷所思的逻辑关系，微妙的三观，都让我觉得这系列电影真的不用再拍下去了",1
美国人现在是离开family就不会拍电影了是吧？,1
剧情愚蠢一大堆，最蠢的是如果把阿凡达看成纳威人的三体，他们明明知道地球人会回来，却完全没有做任何准备，只会生娃和打猎。动作场面也挺敷衍的，只有局部冲突，没有全面战争，打着打着部落人就消失了，全靠独行侠family。最后还忍不住致敬了一下自己的铁达尼号，沉船拍摄技术回收再利用。当然视效确实了不起，水底世界美到无法呼吸，看完很难不想马上买张机票去海边潜水冲浪。。,1
要特效有特效 要剧情有特效,1
大寄特寄，美式家庭陈词滥调，主要角色没有一个写得明白，反派直接从上一部回收利用可还行。最后那场戏莫名其妙的，《阿凡达之铁达尼号》吗？这也要消费自己？那下一部是不是要《阿凡达之终结者》、《阿凡达之异形2》？,1
"普通3D没必要看，IMAX坐大牢。我活像是买100块的票去了趟水族馆……
剧情……已经不是俗的问题，倒像是2010年就写完了剧本此后一直在做特效……父权语境和自以为是的男人们，父与子的拉扯，背景板的女人们，“一家人就要在一起”……我只想说不要过来啊啊啊！
尽管剧情不是唯一标准，但我仍认为技术是手段，而一切手段都应当为了剧情服务，电影也仍是讲故事的艺术。",1
这剧情尽毁三观……男主保护自己部落的方式是把敌人引到别人部落？……二儿子在无数次擅自行动不听劝之后，终于把自己哥哥给害死了……男主的人类养子被坏人抓走后，虽然嘴上说不愿意但身体却很诚实的教坏人如何了解阿凡达，还顺便教会他们骑飞龙……最后，男主的大儿子牺牲掉自己救回了人类养子，然鹅人类养子报答的方式是把男主拼命干掉的大boss给救活放走了……什么鬼，三星都是看在情怀上,1
第二代们个个长着蓝皮，但不管语言还是行为完全就是白人（熊）孩子…,1
怎么在另一个星球还有石光荣式军事化管理的爹系家庭啊,1
"我没那么多废话，卡梅隆只不过和无数的创作者共同再次证明了一件事：
这个时代的电影，音乐，书等等艺术全面衰落。和疫情有关，但无关。",1
在潘多拉星球面前，一切2012都是尘埃。,1
视听效果上无疑登峰造极，达到一种奇观-影像的极致，此前还从未能在电影中创造出一个如此逼真细腻的虚构海洋世界（一个可信而自洽的幻想异域，大部分“神奇生物”都能在地球物种谱系中找到原型）。但是叙事相当薄弱，第二幕与第三幕的转场动机比较牵强，私人恩怨与家庭团结的落脚点格局偏小，决战中莫名失踪的岛礁族大军是一个太过显眼的漏洞，交换儿子的高潮戏略显狗血。涉及基因工程、神经科学及虚实结合的后人类想象的“阿凡达”概念不再被探讨，万物有灵式的生物互联与艾娃相沟通的图景也没有进一步展开。对族群身份认同、反殖民与环保主题的呈现也并无新意。换句话说，尽管影片造了一个华丽炫目的幻梦，但几乎难以探进内心、深入灵魂，亦没有卡梅隆过往商业佳作中那种真实而汹涌的情感力量。（7.0/10）,0
别的不说了，发现自己对阿凡达有性欲，知道为什么我对人类男人不感兴趣了，人类快灭绝吧，好让我实现跨物种恋爱。,1
3.5，有种坐长途飞机经济舱的感觉😅,0
卡梅隆用三个小时就为了拍这一句话：孩子是我们的软肋，也是我们的铠甲。,0
let’s 摘掉老白男滤镜去承认卡梅隆的土和过时,1
其实《阿凡达》系列的意义根本就不在于剧情了，这就是部奇景片，只是为了展现电影技术所能创造的异世界，在这个年月还能在电影院里做三个小时梦，其实就已经能让人满足了。,0
画面绝美，心情是希望人类灭绝,1
第一次看到人类被杀那么痛快,1
"奇观叠奇观，看得眼花缭乱兼视觉疲劳，单薄俗套的家庭故事和被过度开垦的“纳威人”概念无法撑起海洋史诗的野心格局，救与被救、逃与不逃，都局限在个体行动的纠缠里，已然失去原有的升华立意，借人物之口反复点题的金句也不足以挽救全局。所以，我们看电影时究竟是在看什么？

极为美丽的水下世界之主角是鲲，几个感动点都是它们带来的，母子情深的绝望嘶鸣，知恩图报的冲天一跃，心灵相通的高配情感区分布，“人”这种生物的确黯然失色。",1
把简单的故事情节拍得高潮迭起，这才是真绝活，真好莱坞大片，在好莱坞也没有几个导演有这个能力，最后一小时碾压一切超英电影。卡梅隆的故事一直都是英雄的目标旅程，这种故事的讲法如果能用的好，可以让受众群体无限大，而且永不过时。这部在视觉效果上有了全方位的升级，技术上实现了沉浸式的体验，是那种需要大银幕加持的那种奇观电影。看完电影，你忍不住会想，有朝一日一定要去阿凡达的主题乐园体验一把。,1
为什么要花几百块钱，看一个披着科幻外衣的殖民片呢？三体都什么科技了？这些人还骑龙，冷兵器和热兵器打得有来有去,1
我真的谢，潘多拉这个星球挺好，别拍杰克一家了，故事太脑瘫了，不如拍个图鲲纪录片得了，比他家人好看。,1
"我以为阿1讲的是人可以基于正义感脱离自己的族群，选择自己的家人，建立新的共同体。结果阿2告诉我们，家人是无法选择的，不是亲生儿子就要被刀架脖子当人质，反过来，哪怕是半路跳出来的反派野爹，最后关头还是会让你心头一软。而且男主一家那个氛围，怎么说呢，让我看到了一种爹的终极形态，就是你看到爹都不叫爹了，要叫“yes, sir！”这绝对是我打死也不想加入的那种家庭，这么一比较，速激的family还算是很有人情味了…",1
"人类确乎已经彻底丧失想象“另一种生活”的能力了。
把美式霸凌、捕鲸船和泰坦尼克号放在潘多拉星球也依旧无趣，把迪士尼级别的通俗家庭叙事移植到纳威人身上也不会更加动人。除了上一部遗留的一些文化遗产还剩下些什么呢？哪还有一丁点属于阿凡达的崭新想象呢？
甚至，比之上一部构建出的完整可信的异星社会形态，本片中我们看到的堪称主角带给纳威人的父权文化殖民。怎么都移居异星了还这么喜欢传统父子关系？
片中的每句“yes sir”都让我白眼大翻。

给人类那么多戏份是想对同为人类身怀原罪的观众们施加精神酷刑吗？一度看得我想在电影院就地开展大屠杀然后自杀谢罪。
纳美人的身体比例真的好性感……",1
3.5,0
看了。阳了。,0
2022新片TOP3！看完呆坐在原地真的不想回到现实世界，反复在心底感叹为什么我们的世界如此荒谬，电影的存在大概是我族精神文明最梦幻的救赎。还记得片中有一句话（大意）：“不管用多么正当的理由实施暴力，都是不可饶恕的罪孽。”全片最不敢看的片段是捕鲲，最难忘的名场面是洛阿克跟鲲在海里遨游——啊！这才是电影院必须存在的意义。还有太多的感叹道不尽......图鲲的生命精髓被吸出，生物学家说他们的神经腺体比人类大多少倍，他们有自己的哲学、数学、音乐、艺术，而黄毛反派只想着这一小瓶精髓可以换钱，当时我真的......觉得身为人类真惭愧。而卡梅隆居然站在动物视角把这一切都讲出来了！现实如此，作为渺小个体有心无力，而电影的力量是无限的，电影的美，永远没有边界。,1
塞尔达传说第二场景：卓拉领地,0
总有一些自媒体懂哥要批判一些东西显得自己与众不同,1
观后感：人类赶紧毁灭,1
现在观众可没那么好糊弄  戴着n95在电影院真的坐牢一样，看吐了 难看爆了，慕阳狗别吹了,1
【C+】曾评价第一部代表着一种“观看”的极致：不仅体现于景深与细节的共振，更在文本层面上始终紧扣“I See You”这句视觉魔咒，直至最后一幕的对视（透过双眼看见自己，然后从电影中苏醒）。第二部则失去了这种“极致”，CG特效所凝聚的细节依旧无可挑剔，镜头剪切却看不见那种自如的流动感。不断用子世代的视角接触海底世界，但该过程总是背负类型模式的野心，多次踏入卡梅隆所声称的“潜意识”体验，然后就被情节强行带回，难以连贯（第一部则是在利用类型程式去触及真正的“潜意识”漫游，这点与安妮意见相悖）。结尾甚至还妄图复刻前作的对视，但「情感」和「观看」的联结已不再，双眼所透露的事实只剩贫瘠的人物弧光，生硬的形式对应与不加掩饰的续集欲望。这样的视线自然无法穿透银幕，只能困死在潘多拉的那一侧，噬食自己曾构建的视觉魔咒。,1
有点困其实……虽然明显挖这个坑想让我们再出200看第三部，但我真的困了……剧情的无趣是画面不能解决的,1
好像看了一部BBC拍的纪录片，不如改名叫Planet Pandora,1
Kiri晕倒了，科学家的检查和大祭司的施法，仿佛上演了中医和西医的斗争。,0
图鲲长在我泪点上,0
现在网上的人太喜欢装逼了，好像要喷一喷才有逼格，这剧情还叫差吗，三个小时的剧情能做到自然流畅没有漏洞已经是很棒了。再说这电影的看点本来就不剧情，顶级的3D画面和特效才是让人忍不住说一句“卧槽”的点，我必须说，这就是最好的3D电影！,1
"好看到浑身酥麻，但能理解不喜欢它的观众。阿凡达IP所承载的，是近十年已经绝迹的“超级大片”，它不是漫威DC那种嫁接而来的复合类型片，而是单一叙事、单一内核，靠大开大合的调度张力和烘到极致的情绪感染力来征服观众。它本该和《指环王》是同一级别的，奈何生不逢时，而前者去年重映时遭遇的舆论窘境，正对应它的今天，20世代观众已经很难去适应它了。
不过缺点也很明显，卡梅隆很想矫正1里激进的反殖民主题，所以2旨在探究“身份认同”：萨利一家试图融入水族、被放逐的图鲲想要回归族群、还有那个游离于人类与纳美的真·小蜘蛛。只不过导演本身也是纠结的，致使部分人物动机很难立住，最终将答案诉诸“血脉”也是无奈之举。不过也罢，卡子哥本质还是搞热血漫的，特效就是他的作者性，想看同题材优秀文本，建议找《猩球崛起》三部曲互补。",0
每多听到一句family，我的头就要多疼一次,1
显然我已经被successfully mindfuck了：看这部片的时候脑子里全是建设生态文明——要像爱护自己的眼睛一样爱护自然、走纳威特色生态文明发展道路、绿水青山就是金山银山😇,1
导演对外星世界的想象力限于一堆脏辫光屁股蓝巨人在马尔代夫骑鱼，这也好意思叫科幻电影吗,1
看完破口大骂，营销号是疯了么？什么卡神才尽，什么大失所望，你们也真有脸说！这T M难道不是疫情三年观赏性最强的影片么？就你们懂得多，就你们会说，就你们能看出“天才跌落”。绝壁值回票价，都给我去电影院看！,1
如芒在刺，如鲠在喉，如坐针毡,1
你要说挺好看的但也挺难看的，你要说挺难看的对比起来还是挺好看的。章回体名可称之为《 恨难决张家界部落王远避三亚 苦恒心克隆体追命海底两万里》,1
"阿凡达·爹之道
大爹克小爹 更大的爹克大爹
爹来爹去 从头到尾充满爹味
男主你既然知道有人追杀你们为什么还跑到另外一个部落去害人
看完的感受就是 人类真是万恶之首 破坏环境烧杀抢掠
中间看得睡着
结果居然是儿子救爹 爹对儿子轻飘飘一句ICU 只有养女去救妈和妹妹
girl helps girl boy坑死boy
剧情二星 特效可以给三星",1
每一个人类死亡我都想鼓掌,1
第一部分《星球大战》，第二部分《人与自然》+《海洋》，最后《泰坦尼克号》。3D技术是更新了但是部分近景无3D且掉帧，有种游戏CG的错觉，一到中远景又变回3D大片，有种山寨和高科技来回切换的感觉。当然不得不承认水下的部分都花了钱，千金一掷。剧情则真的又拖又俗套，本来以为是星球大战最后变成亲家恩仇录这种家族斗争，绿人没打完就全撤了说好的一起战斗呢？第一部张家界第二部马尔代夫那么可以猜到第三部会去撒哈拉或者青藏高原公费旅游，看来阿凡达的神话已降落凡间。,1
特效再好也没用，人物的动机太让人出戏了，思路就和尿路一样。怕老婆小孩被报复所以抛下部落逃了，敌人会因为领导跑了就饶了这个部落？这是不是在搞笑？那你一开始拽个什么劲。跑就跑吧，找个深山老林这么难吗，口口声声说着家庭，别的部落不是自己的family就可以祸水东引祸害别人？然后小泰山被抓了居然能放在舰桥里？这么大的船就没空房间了？船员们以礼相待小泰山，小泰山把船毁了，对方不仅不计前嫌还帮忙检查设备准备一起撤离，这小子居然反手就把对方宰了。这集里反派阿凡达可是连一个人都没杀，全是主角团在杀人，到底谁才是反派。主题叫水之道，最后主角居然还得儿子教腹式呼吸，早干嘛去了。大决战也牛逼，一村子人直接看完戏跑了。感触最深的其实莫过于一群留着辫子髡了头发的人举着长矛弓箭冲向敌人的坚船利炮，卡梅隆是懂我大清的。,1
边看边觉得人类应该灭绝,1
"看的是 12 月 14 号的 IMAX 点映场，算是先睹为快了。很好看，3 个小时一晃而过，恋恋不舍地告别了潘多拉星球。
我觉得比第一部好看，这个太难得了。原来担心好莱坞续集魔咒，后来一想，卡梅隆是谁啊？他就是专门破除续集魔咒的人啊！（异形 2、终结者 2 都是成功的续集电影，第一滴血 2 他是编剧）/20251004 又重看了 IMAX 重映，仍然是恋恋不舍的 3 小时体验，就像那些阿凡达一样，能再次回到潘多拉星，感受那个梦一般的世界。这次片尾加上了《阿凡达 3：火与烬》的片段，令人万分期待。",0
最好的特效拍了个最无聊的剧本，卡神可以的，孩子还是得少生点,1
裸绞断气几分钟也能活，强行给上校续命，闹半天最后就是个私人恩怨... 格局咋越整越小了呢,1
久违的可逃避现实的大片，感觉自己迅速退回一个想要冒险的孩子。前作从无到有，让涉世未深的我们领略了潘多拉奇景，也从根本上将纳威人与人类区分开；续集只好让见多识广的我们由森林望向海洋，并将纳威家庭人类化，这是物种的融合，包括观念、价值观和青少年问题（也用两代人输出新老观众，迅速代入不同视角）。剧作有几部分复刻了前作的模式，又套用了导演其他片的影子，还要趁机将世界观补全和为续集铺路，好在这些看起来相对和谐。卡梅隆对海洋的迷恋无人能及，模拟出各种水的形态，拍出一种律动，并始终带着悲悯之心看待海洋生态。,0
《阿凡达：水之道》又名“阿凡达：海豚湾”，人类的嘴脸太丑恶了，可以出一个删除人类戏份的纯净版吗？画面美得超乎想象，没有人类的每一分钟都心旷神怡，甚至能通感、呼吸到海风的味道。故事其实很俗，但作为一个海洋爱好者，三小时全程畅游，一本满足。,1
很难相信2022年，啊现在已经2023了，还能看到如此典的美国大片……责任重大爹+情绪化保守妈+稳重保守哥+冲动幼稚弟+通灵小女孩+负责被掳被救小女孩，当然少不了跟爹敌对的反派，太典了……主题就是together啊family啊duty巴拉巴拉，整点危机战争啥的，最后男主aka大爹恍然大悟！拯救家人！世界和平！至于电影本身有多大比例能和“the way of water”扯上关系已经不重要啦。,1
"海洋特效杀疯了，但没有感受到电影带来了什么新的叙述——拥有话语权却不容质疑的父亲，不听管教叛逆到最后始终会活下来的弟弟，乖乖听话依旧逃脱不了为家牺牲的命运的大哥，实力超群但讲话没人听的母亲——美式家庭标配。
看来不论去到哪个星球，人类都要带着父权制称霸世界。",1
卡梅隆你知道让一个内陆孩子在imax屏看到这么美的海底世界有多危险吗,0
卡梅隆不愧是卡梅隆，仨小时不仅请我再看一遍阿凡达1，还请我看泰坦尼克号,1
看完不想做人。,0
差不多得了，那么喜欢从电影里找逻辑怎么日常还跟弱智一样,1
特效100星，剧情扣97星。,1
This is what we called CINEMA.,1
很多友邻不太欣赏它，但我真的很喜欢这样的反人类大片，看得直教人想穿越到影片里杀几个人类才解恨。,1
人类电影水平的巅峰作品，代表了电影工业的纬度。卡梅隆算是把水和船玩透彻了。上次看到这么美的电影画面还是少年派的奇幻漂流。另外，那些吐槽剧情简单的人，我发现剧情片你们也没看过几部啊，不装一下就痒的厉害是吗？,1
说逻辑混乱都玷污了逻辑这个词…内心毫无触动，甚至不想笑。而且…靠特效这东西他已经不新鲜了呀，心疼IMAX价格……,1
当身为观众的我亲历了时间，才知道十三年真的太久了，久到影坛新王几度易主，久到商业片逻辑被漫威重塑，久到新冠给影院降下灭顶之灾，又让流媒体摧枯拉朽地席卷全球。《泰坦尼克》和《阿凡达》背负的重担，都不会有《水之道》这样艰巨，这绝对是一场硬仗，但不一定是又一场胜仗。事实上，这一次卡梅隆确实没能带来丝毫革新，人们无法像第一次进入潘多拉那样进入水下世界并感叹造物的神奇；三幕被均匀分配进三个小时，情节行进却像走过场一般陈旧。曾经他让《异形2》和《终结者2》大放异彩，而《水之道》不过是降维的自我重复之作，显示出一代续集圣手的衰老。卡梅隆一直走在技术的前沿，却又停止在叙事艺术上继续精进，这有点像如今的李安，他们都以超前于这个时代的方式落后于这个时代。,0
海洋族有鱼，其名为图鲲，图鲲之大……头铁的很。,1
"视觉效果拉满，剧情一言难尽，勉强只能3星半。
本来一出“占领潘多拉”的大戏硬生生变成了私人恩怨追击战就不说了，杰克那“一切都只是因为我”的自信，还有杰克带着一家人为了守护自己的部落而逃跑，转而舔着脸为别的部落带去了灾患，以及一家人总是整整齐齐遭遇敌人，这些我都不想多说了。
我最想吐槽的是，全片几乎有个把小时剧情都是在岛礁族学习水之道，但最后还要给我上演泰坦尼克号的戏码，一家人看到水面上起火转身冲进船里就十足离谱，还要营造泰坦尼克似溺水的紧张氛围，水之道真的是学了个寂寞，还有岛礁族打着打着就没了影，后面看着看着还以为是一家几口出海游玩遭遇了船难的悲情戏呢……
杰克最后决定保卫别人的部落，真的是很会落地生根了，你死去的儿子还想回家呢，而你们却把他葬在了他乡。",1
信了什么邪教能写出这种剧情,1
技术上毫无疑问是最顶级的，但想象力上持保留意见，可行性论证优于幻想的创作态度或许成为构建这个庞大系列的阿克琉斯之踵，潘多拉上从生物种类到自然景观，从地域文明到工具载具，均太过迷恋且刻板的依据于地球上的种种现实，因此片中的震撼或许并非来自遥远的宇宙，强大的技术支持带来的沉浸感早已越过了虚构与非虚构的分界线。于是用九十年代好莱坞A级动作大片的打开方式进入也许是最恰当的，而随着大战到来，宏大叙事的假象也确实崩坏收束为一个英雄家庭对抗反派的单纯情境化的营救故事，岛礁族大军不知所踪，世界观的连结无从感知，此时杰克·萨利甚至说起了施瓦辛格干架时常说的那类俏皮话。最为遗憾的是第一部强调的观众与电影、技术与电影等“阿凡达”式的类比升华更是于结局再度睁开的双眼中荡然无存，“我看见你”仅成为一句空洞的戏中台词。,0
《他的软肋其实是他儿子》,0
父慈子孝的负分智障剧情，全靠画面和节奏hold全场。全程无什么尿点，但是全程也无什么爽点（因为剧情原因难以与人物共情，所以本该爽的地方也爽不出来）。真的发自内心爽到我的，就是鲲鲲爆杀捕鱼船那段。,1
激光IMAX48帧打卡，流畅度清晰度细节呈现无与伦比，前一个小时甚至还有些疲倦，进入水世界后基本上就处于全程wow的状态，那种影像的流动感太醉人了。整个故事是比较典型的三幕式结构，但即便俗套却依旧能给人感动。尤其是这一部的主题，水是故事的背景，也是整个立意能够成立的前提。万物有灵，从羊水中来，到海水中去，水是连接生物与世界的媒介。它无形无状，前一秒将你温柔包裹，后一秒又将你疯狂摧毁。这种沉浸感和窒息感也是我在观看本片中最大的感受。而当万物归宗，万灵归终，连接彼此与世界的纽带依旧落到了情感上。你是谁，不仅仅源于你来自哪里，更出于你要到哪里去。陆地上，无论是地球，还是潘多拉星球，战火滔天，生灵涂炭，贪婪愚昧，邪佞仇恶，宛如当下的现实；而只要你深吸一口气，潜入水底，或许就能探索到深邃壮阔的浩瀚未知。,0
电影和电影院存在的意义-Дуг-【アゲ】,0
"顶级的画面，俗套的世界观，和垃圾的剧本。
创意不够，换场景凑。林变成海，反倒开始出世界观悖论。
在一个生物电信号连接一切的巨大意识共同体世界，自然和协调融为一体的大环保主题下，演了三个小时的家庭复仇……
散架的主线没有起到引导世界观的作用，反倒让人意识到，道路不同的天然合理性：
生物电连接的意识共同体，天然有融入自然的优势。而人类这样的劣势的独立生物种族，确实得靠改造自然啊。

即便是为下一部铺垫，松垮的节奏和低智的人物塑造也是不及格的。
枉我宁可变身发烧友也去支持它（也没有，没人看电影，没人出门，我们包场了）。",1
特效牛逼，剧情稀烂。一部电影孩子总共被绑了三次，还有男主一家跑路是为了不连累自己部落，但你连累其它部落啊。,0
视觉上的巨人，剧情上的庸人。此起彼伏的咳嗽声比电影刺激,1
疫情突然放开了，风声鹤唳的，到处都有，秉着如果必然感染，不如是因为看《水之道》而感染的。,0
戴着N95真是有4D体验，真的喘不上气。最后20分钟真的有点坐不住想快进。,0
去死吧，人类,1
如果这部电影可以称得上经典，那一定是父权制男性本位思想之精致陈列的经典。最最经典的展品，就是上一部已经把“对方拒绝就是想要”的“驯服”飞龙术演过一遍了，这一部竟然还要再演一遍，旁边再安排一个儿子的角色对“驯服了飞龙”的父亲一脸崇拜，把强行“驯服”一只拒绝你的女性动物设置成这个儿子对父亲态度的关键转变点，没有比这更精致又糟糕的展示了。,1
一个环保主义者，动用他所能调动的全部资源，拍一部美轮美奂的记录人类罪行的电影。这件事本身就太酷了。这才是想要改变世界的偏执狂，这是所有理想主义笨蛋的榜样。希望卡梅隆能一直拍下去，拍到潘多拉反攻地球。每一部我都去看IMAX版，还要带上孩子去二刷。,1
反派抓了无数次人，一个都不杀到底是什么意思？,0
看完心情就是想杀光所有人类，特别是所有爹们，先把男主和反派杀了。感觉这部剧本十年前写的吧，familyfamily听的我殺心四起，女主在这部完全沦为一个标准的被男主或是主流电影塑造的母亲形象，失去自我，明明第一部是多么闪闪发光的纳威人,1
三个小时，不能快进，我真的吐了。所有碰到男主的人都降智，男主family还开金手指。太破了。这需要三个小时吗，直接删掉直接海底世界宣传片+打架就好了呀。就这还碰瓷漫威…真的这电影就是拍给阿凡达看的战狼,1
